Advertiser ID,Advertiser Name,Primary Region,Membership Status,Datafeed Format,Feed ID,Feed Name,Language,Vertical,Last Imported,Last Checked,No of products,URL
"78586","Needs No Label","GB","Not Joined","Google","F94","","English","Retail","2026-08-22 14:39:10","2026-08-22 14:39:10","873","https://ui.awin.com/productdata-darwin-download/publisher/3045037/fe83c200b3de1c6c14a8a28f5f7162cd/1/feed/F94.csv.gz"
"115655","Eco Ride Zone","GB","Not Joined","Google","F122","","English","Retail","2026-08-22 14:18:53","2026-08-22 14:18:53","248","https://ui.awin.com/productdata-darwin-download/publisher/3045037/fe83c200b3de1c6c14a8a28f5f7162cd/1/feed/F122.csv.gz"
"115879","Super Genius Society","US","Not Joined","Google","F128","","English","Retail","2026-08-22 13:47:51","2026-08-22 13:47:51","126","https://ui.awin.com/productdata-darwin-download/publisher/3045037/fe83c200b3de1c6c14a8a28f5f7162cd/1/feed/F128.csv.gz"
"69790","Doulton","GB","Not Joined","Google","F153","","English","Retail","2026-08-22 14:59:51","2026-08-22 14:59:51","79","https://ui.awin.com/productdata-darwin-download/publisher/3045037/fe83c200b3de1c6c14a8a28f5f7162cd/1/feed/F153.csv.gz"
"115070","Foreverlyfe","US","Not Joined","Google","F167","","English","Retail","2026-05-16 17:45:17","2026-05-16 17:45:17","31","https://ui.awin.com/productdata-darwin-download/publisher/3045037/fe83c200b3de1c6c14a8a28f5f7162cd/1/feed/F167.csv.gz"
"86627","GreatBeanBags.com","US","Not Joined","Google","F174","","English","Retail","2025-06-24 22:41:25","2025-06-24 22:41:25","215","https://ui.awin.com/productdata-darwin-download/publisher/3045037/fe83c200b3de1c6c14a8a28f5f7162cd/1/feed/F174.csv.gz"
"61655","Back to the Office","GB","Not Joined","Google","F197","","English","Retail","2026-08-22 15:33:44","2026-08-22 15:33:44","95356","https://ui.awin.com/productdata-darwin-download/publisher/3045037/fe83c200b3de1c6c14a8a28f5f7162cd/1/feed/F197.csv.gz"
"116665","isletan","US","Not Joined","Google","F206","","English","Retail","2026-08-22 14:08:24","2026-08-22 14:08:24","11","https://ui.awin.com/productdata-darwin-download/publisher/3045037/fe83c200b3de1c6c14a8a28f5f7162cd/1/feed/F206.csv.gz"
"116677","Atenai London Affiliation Marketing","GB","Not Joined","Google","F208","","English","Retail","2026-08-22 14:36:04","2026-08-22 14:36:04","38","https://ui.awin.com/productdata-darwin-download/publisher/3045037/fe83c200b3de1c6c14a8a28f5f7162cd/1/feed/F208.csv.gz"
"113464","BRUH. Skincare","US","Not Joined","Google","F224","","English","Retail","2026-08-22 14:49:43","2026-08-22 14:49:43","18","https://ui.awin.com/productdata-darwin-download/publisher/3045037/fe83c200b3de1c6c14a8a28f5f7162cd/1/feed/F224.csv.gz"
"30995","ZONLIHOME (US)","US","Not Joined","Google","F231","","English","Retail","2026-02-28 03:44:48","2026-02-28 03:44:48","538","https://ui.awin.com/productdata-darwin-download/publisher/3045037/fe83c200b3de1c6c14a8a28f5f7162cd/1/feed/F231.csv.gz"
"116701","LUXDRAPE","US","Not Joined","Google","F248","","English","Retail","2026-08-22 13:38:55","2026-08-22 13:38:55","1019","https://ui.awin.com/productdata-darwin-download/publisher/3045037/fe83c200b3de1c6c14a8a28f5f7162cd/1/feed/F248.csv.gz"
"116785","BASE-K","US","Not Joined","Google","F291","","English","Retail","2026-08-22 14:47:00","2026-08-22 14:47:00","10","https://ui.awin.com/productdata-darwin-download/publisher/3045037/fe83c200b3de1c6c14a8a28f5f7162cd/1/feed/F291.csv.gz"
"19475","Fila UK","GB","Not Joined","Google","F295","","English","Retail","2026-08-22 14:26:20","2026-08-22 14:26:20","19130","https://ui.awin.com/productdata-darwin-download/publisher/3045037/fe83c200b3de1c6c14a8a28f5f7162cd/1/feed/F295.csv.gz"
"117119","kemoway","FR","Not Joined","Google","F306","","French","Retail","2026-08-22 13:42:07","2026-08-22 13:42:07","30","https://ui.awin.com/productdata-darwin-download/publisher/3045037/fe83c200b3de1c6c14a8a28f5f7162cd/1/feed/F306.csv.gz"
"117121","kemoway","DE","Not Joined","Google","F307","","German","Retail","2026-08-22 15:09:35","2026-08-22 15:09:35","30","https://ui.awin.com/productdata-darwin-download/publisher/3045037/fe83c200b3de1c6c14a8a28f5f7162cd/1/feed/F307.csv.gz"
"62729","Glamory","DE","Not Joined","Google","F309","","German","Retail","2026-08-22 13:46:22","2026-08-22 13:46:22","4","https://ui.awin.com/productdata-darwin-download/publisher/3045037/fe83c200b3de1c6c14a8a28f5f7162cd/1/feed/F309.csv.gz"
"117221","MakeID","US","Not Joined","Google","F329","","English","Retail","2026-08-22 15:12:38","2026-08-22 15:12:38","25","https://ui.awin.com/productdata-darwin-download/publisher/3045037/fe83c200b3de1c6c14a8a28f5f7162cd/1/feed/F329.csv.gz"
"117395","Marketing program","US","Not Joined","Google","F349","","English","Retail","2026-08-22 14:08:59","2026-08-22 14:08:59","24","https://ui.awin.com/productdata-darwin-download/publisher/3045037/fe83c200b3de1c6c14a8a28f5f7162cd/1/feed/F349.csv.gz"
"117317","NeuroScent","GB","Not Joined","Google","F382","","English","Retail","2026-08-22 15:03:15","2026-08-22 15:03:15","37","https://ui.awin.com/productdata-darwin-download/publisher/3045037/fe83c200b3de1c6c14a8a28f5f7162cd/1/feed/F382.csv.gz"
"117477","buybeautykorea","US","Not Joined","Google","F432","","English","Retail","2026-08-22 15:05:01","2026-08-22 15:05:01","4975","https://ui.awin.com/productdata-darwin-download/publisher/3045037/fe83c200b3de1c6c14a8a28f5f7162cd/1/feed/F432.csv.gz"
"113418","Belord","US","Not Joined","Google","F434","","English","Retail","2026-08-22 14:47:38","2026-08-22 14:47:38","5170","https://ui.awin.com/productdata-darwin-download/publisher/3045037/fe83c200b3de1c6c14a8a28f5f7162cd/1/feed/F434.csv.gz"
"37282","Game Over","GB","Not Joined","Google","F441","","English","Retail","2026-08-22 13:38:41","2026-08-22 13:38:41","144","https://ui.awin.com/productdata-darwin-download/publisher/3045037/fe83c200b3de1c6c14a8a28f5f7162cd/1/feed/F441.csv.gz"
"37292","Gardenista","GB","Not Joined","Google","F444","","English","Retail","2026-08-22 14:16:41","2026-08-22 14:16:41","2036","https://ui.awin.com/productdata-darwin-download/publisher/3045037/fe83c200b3de1c6c14a8a28f5f7162cd/1/feed/F444.csv.gz"
"117671","No.98 Beauty","GB","Not Joined","Google","F453","","English","Retail","2026-08-22 14:16:49","2026-08-22 14:16:49","18","https://ui.awin.com/productdata-darwin-download/publisher/3045037/fe83c200b3de1c6c14a8a28f5f7162cd/1/feed/F453.csv.gz"
"117801","UUNA TEK Affliate Program","US","Not Joined","Google","F457","","English","Retail","2026-08-22 14:09:48","2026-08-22 14:09:48","272","https://ui.awin.com/productdata-darwin-download/publisher/3045037/fe83c200b3de1c6c14a8a28f5f7162cd/1/feed/F457.csv.gz"
"117741","Finitex","US","Not Joined","Google","F472","","English","Retail","2026-08-22 13:36:22","2026-08-22 13:36:22","473","https://ui.awin.com/productdata-darwin-download/publisher/3045037/fe83c200b3de1c6c14a8a28f5f7162cd/1/feed/F472.csv.gz"
"117849","ZazzMode","US","Not Joined","Google","F473","","English","Retail","2026-08-22 14:57:57","2026-08-22 14:57:57","942","https://ui.awin.com/productdata-darwin-download/publisher/3045037/fe83c200b3de1c6c14a8a28f5f7162cd/1/feed/F473.csv.gz"
"117899","The Brush & Broom","GB","Not Joined","Google","F477","","English","Retail","2026-08-22 14:38:21","2026-08-22 14:38:21","234","https://ui.awin.com/productdata-darwin-download/publisher/3045037/fe83c200b3de1c6c14a8a28f5f7162cd/1/feed/F477.csv.gz"
"117633","shopify","US","Not Joined","Google","F489","","English","Retail","2026-08-22 15:06:43","2026-08-22 15:06:43","19","https://ui.awin.com/productdata-darwin-download/publisher/3045037/fe83c200b3de1c6c14a8a28f5f7162cd/1/feed/F489.csv.gz"
"24617","Raw Beauty Lab","GB","Not Joined","Google","F493","","English","Retail","2026-08-22 13:36:01","2026-08-22 13:36:01","23","https://ui.awin.com/productdata-darwin-download/publisher/3045037/fe83c200b3de1c6c14a8a28f5f7162cd/1/feed/F493.csv.gz"
"30461","Parfümerie Brückner DE","DE","Not Joined","Google","F498","","German","Retail","2026-08-22 14:14:00","2026-08-22 14:14:00","7020","https://ui.awin.com/productdata-darwin-download/publisher/3045037/fe83c200b3de1c6c14a8a28f5f7162cd/1/feed/F498.csv.gz"
"28367","So Divine","GB","Not Joined","Google","F507","","English","Retail","2026-08-22 13:33:34","2026-08-22 13:33:34","80","https://ui.awin.com/productdata-darwin-download/publisher/3045037/fe83c200b3de1c6c14a8a28f5f7162cd/1/feed/F507.csv.gz"
"66586","Bad Shirt Club","GB","Not Joined","Google","F513","","English","Retail","2026-08-22 14:20:17","2026-08-22 14:20:17","4319","https://ui.awin.com/productdata-darwin-download/publisher/3045037/fe83c200b3de1c6c14a8a28f5f7162cd/1/feed/F513.csv.gz"
"899","Fitness Options","GB","Not Joined","Google","F528","","English","Retail","2026-08-22 14:04:19","2026-08-22 14:04:19","53","https://ui.awin.com/productdata-darwin-download/publisher/3045037/fe83c200b3de1c6c14a8a28f5f7162cd/1/feed/F528.csv.gz"
"118201","Celebre Store","IT","Not Joined","Google","F564","","Italian","Retail","2026-08-22 13:44:48","2026-08-22 13:44:48","1664","https://ui.awin.com/productdata-darwin-download/publisher/3045037/fe83c200b3de1c6c14a8a28f5f7162cd/1/feed/F564.csv.gz"
"118079","Baby Shusher","US","Not Joined","Google","F593","","English","Retail","2026-08-22 14:51:12","2026-08-22 14:51:12","25","https://ui.awin.com/productdata-darwin-download/publisher/3045037/fe83c200b3de1c6c14a8a28f5f7162cd/1/feed/F593.csv.gz"
"57285","garden sanctuary.","TR","Not Joined","Google","F620","","English","Retail","2025-08-27 22:46:00","2025-08-27 22:46:00","37","https://ui.awin.com/productdata-darwin-download/publisher/3045037/fe83c200b3de1c6c14a8a28f5f7162cd/1/feed/F620.csv.gz"
"118139","hansmaker Affiliate Program","US","Not Joined","Google","F625","","English","Retail","2026-04-10 07:02:36","2026-04-10 07:02:36","23","https://ui.awin.com/productdata-darwin-download/publisher/3045037/fe83c200b3de1c6c14a8a28f5f7162cd/1/feed/F625.csv.gz"
"75796","Afewvibe LTD","US","Not Joined","Google","F689","","English","Retail","2026-08-22 14:56:16","2026-08-22 14:56:16","3002","https://ui.awin.com/productdata-darwin-download/publisher/3045037/fe83c200b3de1c6c14a8a28f5f7162cd/1/feed/F689.csv.gz"
"107524","HongKong Caesar lmport &amp; Export Co., Limited","DE","Not Joined","Google","F721","","English","Retail","2026-08-22 14:46:29","2026-08-22 14:46:29","278","https://ui.awin.com/productdata-darwin-download/publisher/3045037/fe83c200b3de1c6c14a8a28f5f7162cd/1/feed/F721.csv.gz"
"116843","StepMotech","GB","Not Joined","Google","F752","","English","Retail","2025-07-31 06:21:07","2025-07-31 06:21:07","1","https://ui.awin.com/productdata-darwin-download/publisher/3045037/fe83c200b3de1c6c14a8a28f5f7162cd/1/feed/F752.csv.gz"
"17453","goettgen.de - Das grosse Schmuck und Uhrenportal","DE","Not Joined","Google","F759","","German","Retail","2026-08-22 15:42:12","2026-08-22 15:42:12","17941","https://ui.awin.com/productdata-darwin-download/publisher/3045037/fe83c200b3de1c6c14a8a28f5f7162cd/1/feed/F759.csv.gz"
"96145","HCK REFRIGERATOR HI-TECH COMPANY LIMITED","DE","Not Joined","Google","F832","","German","Retail","2026-08-22 15:29:31","2026-08-22 15:29:31","13","https://ui.awin.com/productdata-darwin-download/publisher/3045037/fe83c200b3de1c6c14a8a28f5f7162cd/1/feed/F832.csv.gz"
"118551","OLAOLA","US","Not Joined","Google","F835","","English","Retail","2026-08-22 14:41:15","2026-08-22 14:41:15","677","https://ui.awin.com/productdata-darwin-download/publisher/3045037/fe83c200b3de1c6c14a8a28f5f7162cd/1/feed/F835.csv.gz"
"87175","Beyond Memories","US","Not Joined","Google","F918","","English","Retail","2026-08-22 14:38:59","2026-08-22 14:38:59","938","https://ui.awin.com/productdata-darwin-download/publisher/3045037/fe83c200b3de1c6c14a8a28f5f7162cd/1/feed/F918.csv.gz"
"118511","Yeamon Beauty","US","Not Joined","Google","F932","","English","Retail","2026-08-22 14:15:47","2026-08-22 14:15:47","12","https://ui.awin.com/productdata-darwin-download/publisher/3045037/fe83c200b3de1c6c14a8a28f5f7162cd/1/feed/F932.csv.gz"
"114444","Earkings NL","NL","Not Joined","Google","F951","","Dutch","Retail","2026-08-22 14:23:47","2026-08-22 14:23:47","184","https://ui.awin.com/productdata-darwin-download/publisher/3045037/fe83c200b3de1c6c14a8a28f5f7162cd/1/feed/F951.csv.gz"
"107998","Cheap Furniture Warehouse","GB","Not Joined","Google","F970","","English","Retail","2026-08-22 14:27:18","2026-08-22 14:27:18","2942","https://ui.awin.com/productdata-darwin-download/publisher/3045037/fe83c200b3de1c6c14a8a28f5f7162cd/1/feed/F970.csv.gz"
"114046","Cerqular","US","Not Joined","Google","F1028","","English","Retail","2026-08-22 15:29:19","2026-08-22 15:29:19","184487","https://ui.awin.com/productdata-darwin-download/publisher/3045037/fe83c200b3de1c6c14a8a28f5f7162cd/1/feed/F1028.csv.gz"
"119193","Mantra Flow","US","Not Joined","Google","F1063","","English","Retail","2026-08-22 14:45:31","2026-08-22 14:45:31","276","https://ui.awin.com/productdata-darwin-download/publisher/3045037/fe83c200b3de1c6c14a8a28f5f7162cd/1/feed/F1063.csv.gz"
"119395","Fosi Audio","US","Not Joined","Google","F1133","","English","Retail","2026-08-22 14:31:58","2026-08-22 14:31:58","369","https://ui.awin.com/productdata-darwin-download/publisher/3045037/fe83c200b3de1c6c14a8a28f5f7162cd/1/feed/F1133.csv.gz"
"119365","Elenker","US","Not Joined","Google","F1180","","English","Retail","2026-08-22 14:27:27","2026-08-22 14:27:27","113","https://ui.awin.com/productdata-darwin-download/publisher/3045037/fe83c200b3de1c6c14a8a28f5f7162cd/1/feed/F1180.csv.gz"
"119345","RumbleBox","DE","Not Joined","Google","F1219","","German","Retail","2026-08-22 13:32:06","2026-08-22 13:32:06","24","https://ui.awin.com/productdata-darwin-download/publisher/3045037/fe83c200b3de1c6c14a8a28f5f7162cd/1/feed/F1219.csv.gz"
"119387","NorthSky Supply","US","Not Joined","Google","F1259","","English","Retail","2026-08-22 13:55:27","2026-08-22 13:55:27","1705","https://ui.awin.com/productdata-darwin-download/publisher/3045037/fe83c200b3de1c6c14a8a28f5f7162cd/1/feed/F1259.csv.gz"
"119761","Yeloly","US","Not Joined","Google","F1303","","English","Retail","2026-08-22 14:08:22","2026-08-22 14:08:22","98","https://ui.awin.com/productdata-darwin-download/publisher/3045037/fe83c200b3de1c6c14a8a28f5f7162cd/1/feed/F1303.csv.gz"
"119513","Edify","US","Not Joined","Google","F1318","","English","Retail","2026-08-22 14:50:39","2026-08-22 14:50:39","23","https://ui.awin.com/productdata-darwin-download/publisher/3045037/fe83c200b3de1c6c14a8a28f5f7162cd/1/feed/F1318.csv.gz"
"119813","Will & Bear","AU","Not Joined","Google","F1339","","English","Retail","2026-04-27 21:56:54","2026-04-27 21:56:54","360","https://ui.awin.com/productdata-darwin-download/publisher/3045037/fe83c200b3de1c6c14a8a28f5f7162cd/1/feed/F1339.csv.gz"
"119703","Vatrer","US","Not Joined","Google","F1341","","English","Retail","2026-08-22 13:36:49","2026-08-22 13:36:49","559","https://ui.awin.com/productdata-darwin-download/publisher/3045037/fe83c200b3de1c6c14a8a28f5f7162cd/1/feed/F1341.csv.gz"
"112976","Brisks Outdoors","GB","Not Joined","Google","F1345","","English","Retail","2026-08-22 13:35:31","2026-08-22 13:35:31","1680","https://ui.awin.com/productdata-darwin-download/publisher/3045037/fe83c200b3de1c6c14a8a28f5f7162cd/1/feed/F1345.csv.gz"
"70402","Thesupermade Inc","US","Not Joined","Google","F1352","","English","Retail","2026-08-22 15:35:36","2026-08-22 15:35:36","12517","https://ui.awin.com/productdata-darwin-download/publisher/3045037/fe83c200b3de1c6c14a8a28f5f7162cd/1/feed/F1352.csv.gz"
"66912","Beyond Shakers","GB","Not Joined","Google","F1355","","English","Retail","2026-08-22 13:47:19","2026-08-22 13:47:19","66","https://ui.awin.com/productdata-darwin-download/publisher/3045037/fe83c200b3de1c6c14a8a28f5f7162cd/1/feed/F1355.csv.gz"
"45747","Craft Buddy Shop","GB","Not Joined","Google","F1356","","English","Retail","2026-08-22 15:10:08","2026-08-22 15:10:08","1369","https://ui.awin.com/productdata-darwin-download/publisher/3045037/fe83c200b3de1c6c14a8a28f5f7162cd/1/feed/F1356.csv.gz"
"67434","Car Audio Centre","GB","Not Joined","Google","F1406","","English","Retail","2026-08-22 15:55:52","2026-08-22 15:55:52","6621","https://ui.awin.com/productdata-darwin-download/publisher/3045037/fe83c200b3de1c6c14a8a28f5f7162cd/1/feed/F1406.csv.gz"
"119879","Lancer Camera Backpack","US","Not Joined","Google","F1413","","English","Retail","2026-08-22 14:07:01","2026-08-22 14:07:01","30","https://ui.awin.com/productdata-darwin-download/publisher/3045037/fe83c200b3de1c6c14a8a28f5f7162cd/1/feed/F1413.csv.gz"
"120193","Twist","US","Not Joined","Google","F1424","","English","Retail","2026-08-22 14:52:46","2026-08-22 14:52:46","185","https://ui.awin.com/productdata-darwin-download/publisher/3045037/fe83c200b3de1c6c14a8a28f5f7162cd/1/feed/F1424.csv.gz"
"120341","Ahipos Horses","DE","Not Joined","Google","F1484","","German","Retail","2026-08-22 14:00:10","2026-08-22 14:00:10","27","https://ui.awin.com/productdata-darwin-download/publisher/3045037/fe83c200b3de1c6c14a8a28f5f7162cd/1/feed/F1484.csv.gz"
"119683","Blooh","US","Not Joined","Google","F1517","","English","Retail","2026-08-22 14:56:08","2026-08-22 14:56:08","129","https://ui.awin.com/productdata-darwin-download/publisher/3045037/fe83c200b3de1c6c14a8a28f5f7162cd/1/feed/F1517.csv.gz"
"31213","Lir Pharmacy","IE","Not Joined","Google","F1519","","English","Retail","2026-08-22 15:53:37","2026-08-22 15:53:37","2765","https://ui.awin.com/productdata-darwin-download/publisher/3045037/fe83c200b3de1c6c14a8a28f5f7162cd/1/feed/F1519.csv.gz"
"120445","Stickalz – Car Graphics & Vehicle Decals","US","Not Joined","Google","F1542","","English","Retail","2026-08-22 15:18:40","2026-08-22 15:18:40","389245","https://ui.awin.com/productdata-darwin-download/publisher/3045037/fe83c200b3de1c6c14a8a28f5f7162cd/1/feed/F1542.csv.gz"
"117883","Max Recovery Clothing","US","Not Joined","Google","F1587","","English","Retail","2026-08-22 14:35:54","2026-08-22 14:35:54","4","https://ui.awin.com/productdata-darwin-download/publisher/3045037/fe83c200b3de1c6c14a8a28f5f7162cd/1/feed/F1587.csv.gz"
"119757","Wellshave","NL","Not Joined","Google","F1611","","Dutch","Retail","2026-08-22 15:02:23","2026-08-22 15:02:23","58","https://ui.awin.com/productdata-darwin-download/publisher/3045037/fe83c200b3de1c6c14a8a28f5f7162cd/1/feed/F1611.csv.gz"
"119901","Living with Luxury","GB","Not Joined","Google","F1644","","English","Retail","2026-08-22 15:27:42","2026-08-22 15:27:42","2720","https://ui.awin.com/productdata-darwin-download/publisher/3045037/fe83c200b3de1c6c14a8a28f5f7162cd/1/feed/F1644.csv.gz"
"120726","SELDOM SEEN STYLES","US","Not Joined","Google","F1654","","English","Retail","2026-08-22 15:26:32","2026-08-22 15:26:32","90441","https://ui.awin.com/productdata-darwin-download/publisher/3045037/fe83c200b3de1c6c14a8a28f5f7162cd/1/feed/F1654.csv.gz"
"102231","PartyPro NL","NL","Not Joined","Google","F1655","","Dutch","Retail","2026-08-22 14:06:03","2026-08-22 14:06:03","371","https://ui.awin.com/productdata-darwin-download/publisher/3045037/fe83c200b3de1c6c14a8a28f5f7162cd/1/feed/F1655.csv.gz"
"120435","Pixie Dixie","GB","Not Joined","Google","F1662","","English","Retail","2026-08-22 14:46:06","2026-08-22 14:46:06","133","https://ui.awin.com/productdata-darwin-download/publisher/3045037/fe83c200b3de1c6c14a8a28f5f7162cd/1/feed/F1662.csv.gz"
"120898","VSGO","US","Not Joined","Google","F1750","","English","Retail","2026-08-22 14:41:27","2026-08-22 14:41:27","310","https://ui.awin.com/productdata-darwin-download/publisher/3045037/fe83c200b3de1c6c14a8a28f5f7162cd/1/feed/F1750.csv.gz"
"120575","ASMAX","US","Not Joined","Google","F1756","","English","Retail","2026-08-22 15:04:26","2026-08-22 15:04:26","30","https://ui.awin.com/productdata-darwin-download/publisher/3045037/fe83c200b3de1c6c14a8a28f5f7162cd/1/feed/F1756.csv.gz"
"97753","UPPER Brand | Best Diaper Bag","US","Not Joined","Google","F1774","","English","Retail","2026-08-22 14:16:31","2026-08-22 14:16:31","141","https://ui.awin.com/productdata-darwin-download/publisher/3045037/fe83c200b3de1c6c14a8a28f5f7162cd/1/feed/F1774.csv.gz"
"45949","MASON New York Jewelry","US","Not Joined","Google","F1775","","English","Retail","2026-06-25 14:04:19","2026-06-25 14:04:19","450","https://ui.awin.com/productdata-darwin-download/publisher/3045037/fe83c200b3de1c6c14a8a28f5f7162cd/1/feed/F1775.csv.gz"
"120950","Mason & Madison Co. Jewelry - US","US","Not Joined","Google","F1776","","English","Retail","2026-08-22 13:56:01","2026-08-22 13:56:01","2","https://ui.awin.com/productdata-darwin-download/publisher/3045037/fe83c200b3de1c6c14a8a28f5f7162cd/1/feed/F1776.csv.gz"
"121112","Biobees","GB","Not Joined","Google","F1780","","English","Retail","2026-08-22 13:36:51","2026-08-22 13:36:51","3","https://ui.awin.com/productdata-darwin-download/publisher/3045037/fe83c200b3de1c6c14a8a28f5f7162cd/1/feed/F1780.csv.gz"
"121158","TouchBeauty","US","Not Joined","Google","F1789","","English","Retail","2026-05-21 05:33:10","2026-05-21 05:33:10","42","https://ui.awin.com/productdata-darwin-download/publisher/3045037/fe83c200b3de1c6c14a8a28f5f7162cd/1/feed/F1789.csv.gz"
"121096","Juntos Affiliates","US","Not Joined","Google","F1827","","English","Retail","2026-08-22 14:27:54","2026-08-22 14:27:54","98","https://ui.awin.com/productdata-darwin-download/publisher/3045037/fe83c200b3de1c6c14a8a28f5f7162cd/1/feed/F1827.csv.gz"
"120890","Azomalli Tea","US","Not Joined","Google","F1829","","English","Retail","2026-08-22 13:37:01","2026-08-22 13:37:01","10","https://ui.awin.com/productdata-darwin-download/publisher/3045037/fe83c200b3de1c6c14a8a28f5f7162cd/1/feed/F1829.csv.gz"
"120451","JOLTBOLT","GB","Not Joined","Google","F1832","","English","Retail","2026-08-22 14:57:49","2026-08-22 14:57:49","21","https://ui.awin.com/productdata-darwin-download/publisher/3045037/fe83c200b3de1c6c14a8a28f5f7162cd/1/feed/F1832.csv.gz"
"121298","Everdry official affiliate","US","Not Joined","Google","F1837","","English","Retail","2026-08-22 13:32:06","2026-08-22 13:32:06","68","https://ui.awin.com/productdata-darwin-download/publisher/3045037/fe83c200b3de1c6c14a8a28f5f7162cd/1/feed/F1837.csv.gz"
"121316","Red Run","GB","Not Joined","Google","F1856","","English","Retail","2026-08-22 14:49:09","2026-08-22 14:49:09","871","https://ui.awin.com/productdata-darwin-download/publisher/3045037/fe83c200b3de1c6c14a8a28f5f7162cd/1/feed/F1856.csv.gz"
"121338","Isme Swim","US","Not Joined","Google","F1865","","English","Retail","2026-08-22 13:38:13","2026-08-22 13:38:13","227","https://ui.awin.com/productdata-darwin-download/publisher/3045037/fe83c200b3de1c6c14a8a28f5f7162cd/1/feed/F1865.csv.gz"
"121388","Bloom & Wall – Designer Peel & Stick Wallpapers","US","Not Joined","Google","F1877","","English","Retail","2026-08-22 13:40:05","2026-08-22 13:40:05","19283","https://ui.awin.com/productdata-darwin-download/publisher/3045037/fe83c200b3de1c6c14a8a28f5f7162cd/1/feed/F1877.csv.gz"
"101517","Scottish Fine Soaps UK","GB","Not Joined","Google","F1886","","English","Retail","2026-08-22 14:39:37","2026-08-22 14:39:37","189","https://ui.awin.com/productdata-darwin-download/publisher/3045037/fe83c200b3de1c6c14a8a28f5f7162cd/1/feed/F1886.csv.gz"
"121382","LOTFLY - lotflycare.com","US","Not Joined","Google","F1914","","English","Retail","2026-08-22 15:00:36","2026-08-22 15:00:36","105","https://ui.awin.com/productdata-darwin-download/publisher/3045037/fe83c200b3de1c6c14a8a28f5f7162cd/1/feed/F1914.csv.gz"
"121340","Unisoar","US","Not Joined","Google","F1932","","English","Retail","2026-08-22 14:40:59","2026-08-22 14:40:59","93","https://ui.awin.com/productdata-darwin-download/publisher/3045037/fe83c200b3de1c6c14a8a28f5f7162cd/1/feed/F1932.csv.gz"
"38418","Pro Espresso","GB","Not Joined","Google","F1937","","English","Retail","2026-08-22 14:14:33","2026-08-22 14:14:33","126","https://ui.awin.com/productdata-darwin-download/publisher/3045037/fe83c200b3de1c6c14a8a28f5f7162cd/1/feed/F1937.csv.gz"
"121288","Fazari","US","Not Joined","Google","F1956","","English","Retail","2025-12-08 02:53:37","2025-12-08 02:53:37","236","https://ui.awin.com/productdata-darwin-download/publisher/3045037/fe83c200b3de1c6c14a8a28f5f7162cd/1/feed/F1956.csv.gz"
"121696","Coziwow","US","Not Joined","Google","F1957","","English","Retail","2026-08-22 14:12:37","2026-08-22 14:12:37","269","https://ui.awin.com/productdata-darwin-download/publisher/3045037/fe83c200b3de1c6c14a8a28f5f7162cd/1/feed/F1957.csv.gz"
"121596","AEKE PR","US","Not Joined","Google","F1958","","English","Retail","2026-08-22 14:36:20","2026-08-22 14:36:20","37","https://ui.awin.com/productdata-darwin-download/publisher/3045037/fe83c200b3de1c6c14a8a28f5f7162cd/1/feed/F1958.csv.gz"
"121458","WOSPORTS","US","Not Joined","Google","F1980","","English","Retail","2026-08-22 14:09:40","2026-08-22 14:09:40","70","https://ui.awin.com/productdata-darwin-download/publisher/3045037/fe83c200b3de1c6c14a8a28f5f7162cd/1/feed/F1980.csv.gz"
"118553","Black Canyon Home & Body","US","Not Joined","Google","F1986","","English","Retail","2026-08-22 14:35:26","2026-08-22 14:35:26","9371","https://ui.awin.com/productdata-darwin-download/publisher/3045037/fe83c200b3de1c6c14a8a28f5f7162cd/1/feed/F1986.csv.gz"
"121896","Bella Maison USA Affiliate Program","US","Not Joined","Google","F1992","","English","Retail","2026-08-22 14:05:05","2026-08-22 14:05:05","759","https://ui.awin.com/productdata-darwin-download/publisher/3045037/fe83c200b3de1c6c14a8a28f5f7162cd/1/feed/F1992.csv.gz"
"121620","Pawp Culture","US","Not Joined","Google","F1993","","English","Retail","2026-08-22 13:47:41","2026-08-22 13:47:41","12","https://ui.awin.com/productdata-darwin-download/publisher/3045037/fe83c200b3de1c6c14a8a28f5f7162cd/1/feed/F1993.csv.gz"
"114094","Mint Outdoor","GB","Not Joined","Google","F2016","","English","Retail","2026-08-22 13:58:28","2026-08-22 13:58:28","221","https://ui.awin.com/productdata-darwin-download/publisher/3045037/fe83c200b3de1c6c14a8a28f5f7162cd/1/feed/F2016.csv.gz"
"121546","Furniture Store","GB","Not Joined","Google","F2028","","English","Retail","2026-08-22 15:32:13","2026-08-22 15:32:13","5532","https://ui.awin.com/productdata-darwin-download/publisher/3045037/fe83c200b3de1c6c14a8a28f5f7162cd/1/feed/F2028.csv.gz"
"113182","Giftomory","US","Not Joined","Google","F2100","","English","Retail","2026-07-05 19:23:30","2026-07-05 19:23:30","109079","https://ui.awin.com/productdata-darwin-download/publisher/3045037/fe83c200b3de1c6c14a8a28f5f7162cd/1/feed/F2100.csv.gz"
"116299","Atelier du diamant","FR","Not Joined","Google","F2115","","French","Retail","2026-08-22 14:45:16","2026-08-22 14:45:16","33549","https://ui.awin.com/productdata-darwin-download/publisher/3045037/fe83c200b3de1c6c14a8a28f5f7162cd/1/feed/F2115.csv.gz"
"122276","ATOTO","US","Not Joined","Google","F2118","","English","Retail","2026-08-22 14:58:03","2026-08-22 14:58:03","1680","https://ui.awin.com/productdata-darwin-download/publisher/3045037/fe83c200b3de1c6c14a8a28f5f7162cd/1/feed/F2118.csv.gz"
"122368","Hula Daddy Kona Coffee","US","Not Joined","Google","F2140","","English","Retail","2026-08-22 13:50:40","2026-08-22 13:50:40","48","https://ui.awin.com/productdata-darwin-download/publisher/3045037/fe83c200b3de1c6c14a8a28f5f7162cd/1/feed/F2140.csv.gz"
"122382","Watch Enclave Affiliate Programme","GB","Not Joined","Google","F2150","","English","Retail","2026-08-22 15:53:31","2026-08-22 15:53:31","976","https://ui.awin.com/productdata-darwin-download/publisher/3045037/fe83c200b3de1c6c14a8a28f5f7162cd/1/feed/F2150.csv.gz"
"122444","InStock UK","GB","Not Joined","Google","F2189","","English","Retail","2026-08-22 15:26:50","2026-08-22 15:26:50","414255","https://ui.awin.com/productdata-darwin-download/publisher/3045037/fe83c200b3de1c6c14a8a28f5f7162cd/1/feed/F2189.csv.gz"
"122490","FLOWSTEAM","NL","Not Joined","Google","F2193","","Dutch","Retail","2026-08-22 14:17:09","2026-08-22 14:17:09","19","https://ui.awin.com/productdata-darwin-download/publisher/3045037/fe83c200b3de1c6c14a8a28f5f7162cd/1/feed/F2193.csv.gz"
"121412","The Foam People","GB","Not Joined","Google","F2201","","English","Retail","2026-08-22 13:49:32","2026-08-22 13:49:32","1235","https://ui.awin.com/productdata-darwin-download/publisher/3045037/fe83c200b3de1c6c14a8a28f5f7162cd/1/feed/F2201.csv.gz"
"121948","Fra' Mani","US","Not Joined","Google","F2216","","English","Retail","2026-08-22 14:31:40","2026-08-22 14:31:40","39","https://ui.awin.com/productdata-darwin-download/publisher/3045037/fe83c200b3de1c6c14a8a28f5f7162cd/1/feed/F2216.csv.gz"
"122762","meri select","GB","Not Joined","Google","F2224","","English","Retail","2026-08-22 13:57:16","2026-08-22 13:57:16","66","https://ui.awin.com/productdata-darwin-download/publisher/3045037/fe83c200b3de1c6c14a8a28f5f7162cd/1/feed/F2224.csv.gz"
"121804","SONNI Affiliate Program","US","Not Joined","Google","F2225","","English","Retail","2026-08-22 14:05:02","2026-08-22 14:05:02","23","https://ui.awin.com/productdata-darwin-download/publisher/3045037/fe83c200b3de1c6c14a8a28f5f7162cd/1/feed/F2225.csv.gz"
"122824","Lets Buy Books","GB","Not Joined","Google","F2239","","English","Retail","2026-08-22 15:03:33","2026-08-22 15:03:33","5383","https://ui.awin.com/productdata-darwin-download/publisher/3045037/fe83c200b3de1c6c14a8a28f5f7162cd/1/feed/F2239.csv.gz"
"75674","Boxed2me","GB","Not Joined","Google","F2266","","English","Retail","2026-08-22 14:57:21","2026-08-22 14:57:21","7348","https://ui.awin.com/productdata-darwin-download/publisher/3045037/fe83c200b3de1c6c14a8a28f5f7162cd/1/feed/F2266.csv.gz"
"122922","ShadowGPS","US","Not Joined","Google","F2268","","English","Retail","2026-08-22 13:48:06","2026-08-22 13:48:06","9","https://ui.awin.com/productdata-darwin-download/publisher/3045037/fe83c200b3de1c6c14a8a28f5f7162cd/1/feed/F2268.csv.gz"
"122840","SUNJOY EU","DE","Not Joined","Google","F2299","","German","Retail","2026-08-22 14:35:51","2026-08-22 14:35:51","98","https://ui.awin.com/productdata-darwin-download/publisher/3045037/fe83c200b3de1c6c14a8a28f5f7162cd/1/feed/F2299.csv.gz"
"122838","SUNJOY UK","GB","Not Joined","Google","F2300","","English","Retail","2026-08-22 14:09:23","2026-08-22 14:09:23","75","https://ui.awin.com/productdata-darwin-download/publisher/3045037/fe83c200b3de1c6c14a8a28f5f7162cd/1/feed/F2300.csv.gz"
"21251","Lyfespan","GB","Not Joined","Google","F2306","","English","Retail","2026-08-22 15:45:53","2026-08-22 15:45:53","261","https://ui.awin.com/productdata-darwin-download/publisher/3045037/fe83c200b3de1c6c14a8a28f5f7162cd/1/feed/F2306.csv.gz"
"122456","ROCKBROS","DE","Not Joined","Google","F2308","","German","Retail","2026-08-22 14:58:38","2026-08-22 14:58:38","6414","https://ui.awin.com/productdata-darwin-download/publisher/3045037/fe83c200b3de1c6c14a8a28f5f7162cd/1/feed/F2308.csv.gz"
"69178","AKKO UK","FR","Not Joined","Google","F2334","","English","Retail","2026-06-29 10:14:49","2026-06-29 10:14:49","2684","https://ui.awin.com/productdata-darwin-download/publisher/3045037/fe83c200b3de1c6c14a8a28f5f7162cd/1/feed/F2334.csv.gz"
"122958","Mojo Fun","US","Not Joined","Google","F2343","","English","Retail","2026-08-22 14:52:17","2026-08-22 14:52:17","402","https://ui.awin.com/productdata-darwin-download/publisher/3045037/fe83c200b3de1c6c14a8a28f5f7162cd/1/feed/F2343.csv.gz"
"122644","Extreme Comfort","GB","Not Joined","Google","F2344","","English","Retail","2026-08-22 14:08:37","2026-08-22 14:08:37","410","https://ui.awin.com/productdata-darwin-download/publisher/3045037/fe83c200b3de1c6c14a8a28f5f7162cd/1/feed/F2344.csv.gz"
"122648","The Sleep People","GB","Not Joined","Google","F2345","","English","Retail","2026-08-22 14:42:37","2026-08-22 14:42:37","908","https://ui.awin.com/productdata-darwin-download/publisher/3045037/fe83c200b3de1c6c14a8a28f5f7162cd/1/feed/F2345.csv.gz"
"121884","Starlight Beds","GB","Not Joined","Google","F2346","","English","Retail","2026-08-22 13:55:45","2026-08-22 13:55:45","914","https://ui.awin.com/productdata-darwin-download/publisher/3045037/fe83c200b3de1c6c14a8a28f5f7162cd/1/feed/F2346.csv.gz"
"119965","Sitpack","DK","Not Joined","Google","F2347","","English","Retail","2026-08-22 14:25:11","2026-08-22 14:25:11","48","https://ui.awin.com/productdata-darwin-download/publisher/3045037/fe83c200b3de1c6c14a8a28f5f7162cd/1/feed/F2347.csv.gz"
"122468","Layermor","US","Not Joined","Google","F2348","","English","Retail","2026-08-22 14:46:46","2026-08-22 14:46:46","11","https://ui.awin.com/productdata-darwin-download/publisher/3045037/fe83c200b3de1c6c14a8a28f5f7162cd/1/feed/F2348.csv.gz"
"101763","Mirlux Spiegels Affiliate","NL","Not Joined","Google","F2359","","Dutch","Retail","2026-08-22 15:53:01","2026-08-22 15:53:01","271","https://ui.awin.com/productdata-darwin-download/publisher/3045037/fe83c200b3de1c6c14a8a28f5f7162cd/1/feed/F2359.csv.gz"
"122666","Artless Forever","US","Not Joined","Google","F2361","","English","Retail","2026-08-22 15:04:32","2026-08-22 15:04:32","551","https://ui.awin.com/productdata-darwin-download/publisher/3045037/fe83c200b3de1c6c14a8a28f5f7162cd/1/feed/F2361.csv.gz"
"123248","Opulensi Perfumes Lattafa Sapil Anfar","GB","Not Joined","Google","F2362","","English","Retail","2026-08-22 13:35:49","2026-08-22 13:35:49","598","https://ui.awin.com/productdata-darwin-download/publisher/3045037/fe83c200b3de1c6c14a8a28f5f7162cd/1/feed/F2362.csv.gz"
"123074","hugmoom curtains","US","Not Joined","Google","F2363","","English","Retail","2026-08-22 14:34:09","2026-08-22 14:34:09","1954","https://ui.awin.com/productdata-darwin-download/publisher/3045037/fe83c200b3de1c6c14a8a28f5f7162cd/1/feed/F2363.csv.gz"
"122946","COLAMY","US","Not Joined","Google","F2376","","English","Retail","2026-08-22 15:03:53","2026-08-22 15:03:53","376","https://ui.awin.com/productdata-darwin-download/publisher/3045037/fe83c200b3de1c6c14a8a28f5f7162cd/1/feed/F2376.csv.gz"
"107838","Magicshine","US","Not Joined","Google","F2387","","English","Retail","2026-08-22 14:29:23","2026-08-22 14:29:23","255","https://ui.awin.com/productdata-darwin-download/publisher/3045037/fe83c200b3de1c6c14a8a28f5f7162cd/1/feed/F2387.csv.gz"
"123388","PawFurEver","US","Not Joined","Google","F2408","","English","Retail","2026-05-22 10:01:41","2026-05-22 10:01:41","467","https://ui.awin.com/productdata-darwin-download/publisher/3045037/fe83c200b3de1c6c14a8a28f5f7162cd/1/feed/F2408.csv.gz"
"116853","Curo Skin","GB","Not Joined","Google","F2411","","English","Retail","2026-08-22 14:20:36","2026-08-22 14:20:36","10","https://ui.awin.com/productdata-darwin-download/publisher/3045037/fe83c200b3de1c6c14a8a28f5f7162cd/1/feed/F2411.csv.gz"
"123146","Lilo's Nature","NL","Not Joined","Google","F2413","","Dutch","Retail","2026-08-22 14:40:50","2026-08-22 14:40:50","552","https://ui.awin.com/productdata-darwin-download/publisher/3045037/fe83c200b3de1c6c14a8a28f5f7162cd/1/feed/F2413.csv.gz"
"109952","Andyanand US","US","Not Joined","Google","F2432","","English","Retail","2026-08-22 14:48:28","2026-08-22 14:48:28","314","https://ui.awin.com/productdata-darwin-download/publisher/3045037/fe83c200b3de1c6c14a8a28f5f7162cd/1/feed/F2432.csv.gz"
"114180","Sinocare","GB","Not Joined","Google","F2468","","English","Retail","2026-08-22 14:10:13","2026-08-22 14:10:13","110","https://ui.awin.com/productdata-darwin-download/publisher/3045037/fe83c200b3de1c6c14a8a28f5f7162cd/1/feed/F2468.csv.gz"
"46851","Geepas Partner Program","GB","Not Joined","Google","F2475","","English","Retail","2026-08-22 14:10:04","2026-08-22 14:10:04","1301","https://ui.awin.com/productdata-darwin-download/publisher/3045037/fe83c200b3de1c6c14a8a28f5f7162cd/1/feed/F2475.csv.gz"
"123670","Aesthetic","US","Not Joined","Google","F2492","","English","Retail","2026-08-22 14:37:09","2026-08-22 14:37:09","677","https://ui.awin.com/productdata-darwin-download/publisher/3045037/fe83c200b3de1c6c14a8a28f5f7162cd/1/feed/F2492.csv.gz"
"41374","yesshop","IT","Not Joined","Google","F2498","","Italian","Retail","2026-08-22 15:12:52","2026-08-22 15:12:52","1546","https://ui.awin.com/productdata-darwin-download/publisher/3045037/fe83c200b3de1c6c14a8a28f5f7162cd/1/feed/F2498.csv.gz"
"120784","Breck and Grier","US","Not Joined","Google","F2519","","English","Retail","2026-08-22 13:32:30","2026-08-22 13:32:30","69","https://ui.awin.com/productdata-darwin-download/publisher/3045037/fe83c200b3de1c6c14a8a28f5f7162cd/1/feed/F2519.csv.gz"
"123666","MOJAWA, LLC","US","Not Joined","Google","F2526","","English","Retail","2026-08-22 13:59:26","2026-08-22 13:59:26","31","https://ui.awin.com/productdata-darwin-download/publisher/3045037/fe83c200b3de1c6c14a8a28f5f7162cd/1/feed/F2526.csv.gz"
"123234","INGNOK","US","Not Joined","Google","F2531","","English","Retail","2026-08-22 14:13:49","2026-08-22 14:13:49","9","https://ui.awin.com/productdata-darwin-download/publisher/3045037/fe83c200b3de1c6c14a8a28f5f7162cd/1/feed/F2531.csv.gz"
"52625","LuxeCosy DE","DE","Not Joined","Google","F2534","","German","Retail","2026-08-22 13:59:19","2026-08-22 13:59:19","380","https://ui.awin.com/productdata-darwin-download/publisher/3045037/fe83c200b3de1c6c14a8a28f5f7162cd/1/feed/F2534.csv.gz"
"92029","Thrivous","US","Not Joined","Google","F2537","","English","Retail","2026-08-22 13:49:45","2026-08-22 13:49:45","18","https://ui.awin.com/productdata-darwin-download/publisher/3045037/fe83c200b3de1c6c14a8a28f5f7162cd/1/feed/F2537.csv.gz"
"123396","Ready Steady Bed","GB","Not Joined","Google","F2540","","English","Retail","2026-08-22 14:14:24","2026-08-22 14:14:24","246","https://ui.awin.com/productdata-darwin-download/publisher/3045037/fe83c200b3de1c6c14a8a28f5f7162cd/1/feed/F2540.csv.gz"
"123708","The Vintage Realm","US","Not Joined","Google","F2572","","English","Retail","2026-08-22 14:29:41","2026-08-22 14:29:41","4927","https://ui.awin.com/productdata-darwin-download/publisher/3045037/fe83c200b3de1c6c14a8a28f5f7162cd/1/feed/F2572.csv.gz"
"124026","Joyrealtoys","US","Not Joined","Google","F2594","","English","Retail","2026-08-22 14:19:59","2026-08-22 14:19:59","102","https://ui.awin.com/productdata-darwin-download/publisher/3045037/fe83c200b3de1c6c14a8a28f5f7162cd/1/feed/F2594.csv.gz"
"124072","LifeVibe","US","Not Joined","Google","F2614","","English","Retail","2026-08-22 13:34:41","2026-08-22 13:34:41","3","https://ui.awin.com/productdata-darwin-download/publisher/3045037/fe83c200b3de1c6c14a8a28f5f7162cd/1/feed/F2614.csv.gz"
"124136","Kingbull Bike","US","Not Joined","Google","F2616","","English","Retail","2026-08-22 14:24:01","2026-08-22 14:24:01","362","https://ui.awin.com/productdata-darwin-download/publisher/3045037/fe83c200b3de1c6c14a8a28f5f7162cd/1/feed/F2616.csv.gz"
"99151","Navimow EU","SE","Not Joined","Google","F2619","","Swedish","Retail","2026-08-22 13:56:11","2026-08-22 13:56:11","36","https://ui.awin.com/productdata-darwin-download/publisher/3045037/fe83c200b3de1c6c14a8a28f5f7162cd/1/feed/F2619.csv.gz"
"99151","Navimow EU","LT","Not Joined","Google","F2620","","English","Retail","2026-08-22 13:58:09","2026-08-22 13:58:09","208","https://ui.awin.com/productdata-darwin-download/publisher/3045037/fe83c200b3de1c6c14a8a28f5f7162cd/1/feed/F2620.csv.gz"
"99151","Navimow EU","NL","Not Joined","Google","F2624","","Dutch","Retail","2026-08-22 14:48:47","2026-08-22 14:48:47","114","https://ui.awin.com/productdata-darwin-download/publisher/3045037/fe83c200b3de1c6c14a8a28f5f7162cd/1/feed/F2624.csv.gz"
"51591","L'Uomo e La Donna IT","IT","Not Joined","Google","F2645","","Italian","Retail","2026-08-22 14:59:55","2026-08-22 14:59:55","5487","https://ui.awin.com/productdata-darwin-download/publisher/3045037/fe83c200b3de1c6c14a8a28f5f7162cd/1/feed/F2645.csv.gz"
"124250","Brookwood Med","US","Not Joined","Google","F2671","","English","Retail","2026-08-22 13:34:04","2026-08-22 13:34:04","637","https://ui.awin.com/productdata-darwin-download/publisher/3045037/fe83c200b3de1c6c14a8a28f5f7162cd/1/feed/F2671.csv.gz"
"123890","Paw Up","US","Not Joined","Google","F2675","","English","Retail","2026-08-22 14:20:31","2026-08-22 14:20:31","123","https://ui.awin.com/productdata-darwin-download/publisher/3045037/fe83c200b3de1c6c14a8a28f5f7162cd/1/feed/F2675.csv.gz"
"124156","La Couette Française","FR","Not Joined","Google","F2677","","French","Retail","2026-08-22 14:23:07","2026-08-22 14:23:07","45","https://ui.awin.com/productdata-darwin-download/publisher/3045037/fe83c200b3de1c6c14a8a28f5f7162cd/1/feed/F2677.csv.gz"
"124282","Bigfoot Kick","US","Not Joined","Google","F2685","","English","Retail","2026-08-22 14:42:45","2026-08-22 14:42:45","483","https://ui.awin.com/productdata-darwin-download/publisher/3045037/fe83c200b3de1c6c14a8a28f5f7162cd/1/feed/F2685.csv.gz"
"124340","Sofann","FR","Not Joined","Google","F2696","","French","Retail","2026-06-11 10:10:57","2026-06-11 10:10:57","3934","https://ui.awin.com/productdata-darwin-download/publisher/3045037/fe83c200b3de1c6c14a8a28f5f7162cd/1/feed/F2696.csv.gz"
"124278","SHAMTAM","GB","Not Joined","Google","F2697","","English","Retail","2026-06-15 22:11:48","2026-06-15 22:11:48","8298","https://ui.awin.com/productdata-darwin-download/publisher/3045037/fe83c200b3de1c6c14a8a28f5f7162cd/1/feed/F2697.csv.gz"
"124284","Alorair the dry air","US","Not Joined","Google","F2717","","English","Retail","2026-08-22 14:43:45","2026-08-22 14:43:45","1840","https://ui.awin.com/productdata-darwin-download/publisher/3045037/fe83c200b3de1c6c14a8a28f5f7162cd/1/feed/F2717.csv.gz"
"121870","Poster Master US","US","Not Joined","Google","F2778","","English","Retail","2026-08-22 15:16:40","2026-08-22 15:16:40","416995","https://ui.awin.com/productdata-darwin-download/publisher/3045037/fe83c200b3de1c6c14a8a28f5f7162cd/1/feed/F2778.csv.gz"
"124556","Boris Firenze","IT","Not Joined","Google","F2789","","Italian","Retail","2026-08-22 13:52:27","2026-08-22 13:52:27","249","https://ui.awin.com/productdata-darwin-download/publisher/3045037/fe83c200b3de1c6c14a8a28f5f7162cd/1/feed/F2789.csv.gz"
"114504","Harfi","GB","Not Joined","Google","F2796","","English","Retail","2026-08-22 14:35:27","2026-08-22 14:35:27","1814","https://ui.awin.com/productdata-darwin-download/publisher/3045037/fe83c200b3de1c6c14a8a28f5f7162cd/1/feed/F2796.csv.gz"
"84647","Little Women Lingerie","GB","Not Joined","Google","F2800","","English","Retail","2026-08-22 13:48:30","2026-08-22 13:48:30","2124","https://ui.awin.com/productdata-darwin-download/publisher/3045037/fe83c200b3de1c6c14a8a28f5f7162cd/1/feed/F2800.csv.gz"
"124812","Cyseekin","DE","Not Joined","Google","F2862","","German","Retail","2026-03-23 22:57:13","2026-03-23 22:57:13","34","https://ui.awin.com/productdata-darwin-download/publisher/3045037/fe83c200b3de1c6c14a8a28f5f7162cd/1/feed/F2862.csv.gz"
"91891","Lectron","US","Not Joined","Google","F2866","","English","Retail","2026-08-22 13:52:31","2026-08-22 13:52:31","346","https://ui.awin.com/productdata-darwin-download/publisher/3045037/fe83c200b3de1c6c14a8a28f5f7162cd/1/feed/F2866.csv.gz"
"91781","Wasserstein","US","Not Joined","Google","F2869","","English","Retail","2026-08-22 13:35:28","2026-08-22 13:35:28","383","https://ui.awin.com/productdata-darwin-download/publisher/3045037/fe83c200b3de1c6c14a8a28f5f7162cd/1/feed/F2869.csv.gz"
"124394","All Oils","GB","Not Joined","Google","F2878","","English","Retail","2026-08-22 14:13:32","2026-08-22 14:13:32","323","https://ui.awin.com/productdata-darwin-download/publisher/3045037/fe83c200b3de1c6c14a8a28f5f7162cd/1/feed/F2878.csv.gz"
"88509","Super Area Rugs","US","Not Joined","Google","F2924","","English","Retail","2026-08-22 15:43:38","2026-08-22 15:43:38","88645","https://ui.awin.com/productdata-darwin-download/publisher/3045037/fe83c200b3de1c6c14a8a28f5f7162cd/1/feed/F2924.csv.gz"
"124750","OKUN","US","Not Joined","Google","F2969","","English","Retail","2026-08-22 13:35:00","2026-08-22 13:35:00","358","https://ui.awin.com/productdata-darwin-download/publisher/3045037/fe83c200b3de1c6c14a8a28f5f7162cd/1/feed/F2969.csv.gz"
"124816","Traverseon","US","Not Joined","Google","F2976","","English","Retail","2026-08-22 14:18:53","2026-08-22 14:18:53","2418","https://ui.awin.com/productdata-darwin-download/publisher/3045037/fe83c200b3de1c6c14a8a28f5f7162cd/1/feed/F2976.csv.gz"
"99151","Navimow EU","BE","Not Joined","Google","F2981","","Dutch","Retail","2026-08-22 14:17:37","2026-08-22 14:17:37","116","https://ui.awin.com/productdata-darwin-download/publisher/3045037/fe83c200b3de1c6c14a8a28f5f7162cd/1/feed/F2981.csv.gz"
"99151","Navimow EU","IT","Not Joined","Google","F2982","","Italian","Retail","2026-08-22 13:55:31","2026-08-22 13:55:31","69","https://ui.awin.com/productdata-darwin-download/publisher/3045037/fe83c200b3de1c6c14a8a28f5f7162cd/1/feed/F2982.csv.gz"
"99151","Navimow EU","DK","Not Joined","Google","F2985","","English","Retail","2026-08-22 13:56:16","2026-08-22 13:56:16","33","https://ui.awin.com/productdata-darwin-download/publisher/3045037/fe83c200b3de1c6c14a8a28f5f7162cd/1/feed/F2985.csv.gz"
"124970","Monsterpub Sex Toy","US","Not Joined","Google","F3029","","English","Retail","2026-08-22 14:22:16","2026-08-22 14:22:16","60","https://ui.awin.com/productdata-darwin-download/publisher/3045037/fe83c200b3de1c6c14a8a28f5f7162cd/1/feed/F3029.csv.gz"
"125096","Viaduct Clothing","GB","Not Joined","Google","F3038","","English","Retail","2026-08-22 14:55:52","2026-08-22 14:55:52","10274","https://ui.awin.com/productdata-darwin-download/publisher/3045037/fe83c200b3de1c6c14a8a28f5f7162cd/1/feed/F3038.csv.gz"
"125054","Wilt-Affiliates","US","Not Joined","Google","F3039","","English","Retail","2026-08-22 13:31:31","2026-08-22 13:31:31","1913","https://ui.awin.com/productdata-darwin-download/publisher/3045037/fe83c200b3de1c6c14a8a28f5f7162cd/1/feed/F3039.csv.gz"
"19471","Juicy Couture UK","GB","Not Joined","Google","F3056","","English","Retail","2026-08-22 15:10:34","2026-08-22 15:10:34","14141","https://ui.awin.com/productdata-darwin-download/publisher/3045037/fe83c200b3de1c6c14a8a28f5f7162cd/1/feed/F3056.csv.gz"
"124878","WAU","GB","Not Joined","Google","F3090","","English","Retail","2026-08-22 14:04:56","2026-08-22 14:04:56","178","https://ui.awin.com/productdata-darwin-download/publisher/3045037/fe83c200b3de1c6c14a8a28f5f7162cd/1/feed/F3090.csv.gz"
"125248","Finediam","GB","Not Joined","Google","F3099","","English","Retail","2026-08-22 15:58:46","2026-08-22 15:58:46","380342","https://ui.awin.com/productdata-darwin-download/publisher/3045037/fe83c200b3de1c6c14a8a28f5f7162cd/1/feed/F3099.csv.gz"
"31431","Casa Moro DE","DE","Not Joined","Google","F3113","","German","Retail","2026-08-22 13:40:40","2026-08-22 13:40:40","1424","https://ui.awin.com/productdata-darwin-download/publisher/3045037/fe83c200b3de1c6c14a8a28f5f7162cd/1/feed/F3113.csv.gz"
"124962","More Than Matcha","US","Not Joined","Google","F3128","","English","Retail","2026-08-22 13:45:14","2026-08-22 13:45:14","15","https://ui.awin.com/productdata-darwin-download/publisher/3045037/fe83c200b3de1c6c14a8a28f5f7162cd/1/feed/F3128.csv.gz"
"125334","Tastee","US","Not Joined","Google","F3162","","English","Retail","2026-08-22 14:40:47","2026-08-22 14:40:47","45","https://ui.awin.com/productdata-darwin-download/publisher/3045037/fe83c200b3de1c6c14a8a28f5f7162cd/1/feed/F3162.csv.gz"
"124812","Cyseekin","AD","Not Joined","Google","F3192","","German","Retail","2026-08-22 13:47:56","2026-08-22 13:47:56","121","https://ui.awin.com/productdata-darwin-download/publisher/3045037/fe83c200b3de1c6c14a8a28f5f7162cd/1/feed/F3192.csv.gz"
"125486","RitFitness","DE","Not Joined","Google","F3195","","German","Retail","2026-08-22 14:53:09","2026-08-22 14:53:09","73","https://ui.awin.com/productdata-darwin-download/publisher/3045037/fe83c200b3de1c6c14a8a28f5f7162cd/1/feed/F3195.csv.gz"
"123918","PlanetFoot","FR","Not Joined","Google","F3201","","French","Retail","2026-08-22 13:58:50","2026-08-22 13:58:50","8463","https://ui.awin.com/productdata-darwin-download/publisher/3045037/fe83c200b3de1c6c14a8a28f5f7162cd/1/feed/F3201.csv.gz"
"19976","Truthbrush","GB","Not Joined","Google","F3211","","English","Retail","2026-08-22 14:27:32","2026-08-22 14:27:32","125","https://ui.awin.com/productdata-darwin-download/publisher/3045037/fe83c200b3de1c6c14a8a28f5f7162cd/1/feed/F3211.csv.gz"
"117109","Simpletics","US","Not Joined","Google","F3216","","English","Retail","2026-08-22 14:24:14","2026-08-22 14:24:14","13","https://ui.awin.com/productdata-darwin-download/publisher/3045037/fe83c200b3de1c6c14a8a28f5f7162cd/1/feed/F3216.csv.gz"
"125462","Sweat Kingdom Saunas","US","Not Joined","Google","F3219","","English","Retail","2026-08-22 14:51:29","2026-08-22 14:51:29","258","https://ui.awin.com/productdata-darwin-download/publisher/3045037/fe83c200b3de1c6c14a8a28f5f7162cd/1/feed/F3219.csv.gz"
"125662","AfricanNetSponge","US","Not Joined","Google","F3229","","English","Retail","2026-08-22 14:03:46","2026-08-22 14:03:46","34","https://ui.awin.com/productdata-darwin-download/publisher/3045037/fe83c200b3de1c6c14a8a28f5f7162cd/1/feed/F3229.csv.gz"
"125456","iYofe","US","Not Joined","Google","F3276","","English","Retail","2026-08-22 15:08:59","2026-08-22 15:08:59","278","https://ui.awin.com/productdata-darwin-download/publisher/3045037/fe83c200b3de1c6c14a8a28f5f7162cd/1/feed/F3276.csv.gz"
"125838","StarSleep","US","Not Joined","Google","F3303","","English","Retail","2026-08-22 13:58:46","2026-08-22 13:58:46","18","https://ui.awin.com/productdata-darwin-download/publisher/3045037/fe83c200b3de1c6c14a8a28f5f7162cd/1/feed/F3303.csv.gz"
"123988","euhomy","US","Not Joined","Google","F3340","","English","Retail","2026-08-22 15:11:57","2026-08-22 15:11:57","86","https://ui.awin.com/productdata-darwin-download/publisher/3045037/fe83c200b3de1c6c14a8a28f5f7162cd/1/feed/F3340.csv.gz"
"126025","intlbuys","US","Not Joined","Google","F3346","","English","Retail","2026-08-22 14:17:48","2026-08-22 14:17:48","132","https://ui.awin.com/productdata-darwin-download/publisher/3045037/fe83c200b3de1c6c14a8a28f5f7162cd/1/feed/F3346.csv.gz"
"126071","HeimGlueck","DE","Not Joined","Google","F3361","","German","Retail","2026-04-15 14:34:16","2026-04-15 14:34:16","1438","https://ui.awin.com/productdata-darwin-download/publisher/3045037/fe83c200b3de1c6c14a8a28f5f7162cd/1/feed/F3361.csv.gz"
"32531","encalife (US & Canada)","US","Not Joined","Google","F3373","","English","Retail","2026-08-22 14:24:20","2026-08-22 14:24:20","1590","https://ui.awin.com/productdata-darwin-download/publisher/3045037/fe83c200b3de1c6c14a8a28f5f7162cd/1/feed/F3373.csv.gz"
"100197","Companion Candles","US","Not Joined","Google","F3392","","English","Retail","2026-08-22 15:07:37","2026-08-22 15:07:37","28","https://ui.awin.com/productdata-darwin-download/publisher/3045037/fe83c200b3de1c6c14a8a28f5f7162cd/1/feed/F3392.csv.gz"
"126109","Myvella - at Home Beauty spa","US","Not Joined","Google","F3395","","English","Retail","2026-08-14 02:53:49","2026-08-14 02:53:49","1","https://ui.awin.com/productdata-darwin-download/publisher/3045037/fe83c200b3de1c6c14a8a28f5f7162cd/1/feed/F3395.csv.gz"
"126139","FansJerseyHub","US","Not Joined","Google","F3419","","English","Retail","2026-08-22 14:44:57","2026-08-22 14:44:57","12048","https://ui.awin.com/productdata-darwin-download/publisher/3045037/fe83c200b3de1c6c14a8a28f5f7162cd/1/feed/F3419.csv.gz"
"126117","Manuka Valley","DE","Not Joined","Google","F3427","","German","Retail","2026-08-22 13:55:29","2026-08-22 13:55:29","24","https://ui.awin.com/productdata-darwin-download/publisher/3045037/fe83c200b3de1c6c14a8a28f5f7162cd/1/feed/F3427.csv.gz"
"126191","Costumein","IT","Not Joined","Google","F3430","","Italian","Retail","2026-08-22 14:50:51","2026-08-22 14:50:51","1638","https://ui.awin.com/productdata-darwin-download/publisher/3045037/fe83c200b3de1c6c14a8a28f5f7162cd/1/feed/F3430.csv.gz"
"126303","Kerzen Pfeilstetter","DE","Not Joined","Google","F3455","","German","Retail","2026-08-22 14:09:10","2026-08-22 14:09:10","136","https://ui.awin.com/productdata-darwin-download/publisher/3045037/fe83c200b3de1c6c14a8a28f5f7162cd/1/feed/F3455.csv.gz"
"126309","Bartuke","US","Not Joined","Google","F3466","","English","Retail","2026-08-22 13:55:30","2026-08-22 13:55:30","241","https://ui.awin.com/productdata-darwin-download/publisher/3045037/fe83c200b3de1c6c14a8a28f5f7162cd/1/feed/F3466.csv.gz"
"126323","JEEMYA","US","Not Joined","Google","F3467","","English","Retail","2026-08-22 13:31:54","2026-08-22 13:31:54","28","https://ui.awin.com/productdata-darwin-download/publisher/3045037/fe83c200b3de1c6c14a8a28f5f7162cd/1/feed/F3467.csv.gz"
"126173","Auter","US","Not Joined","Google","F3486","","English","Retail","2026-08-22 13:48:32","2026-08-22 13:48:32","46","https://ui.awin.com/productdata-darwin-download/publisher/3045037/fe83c200b3de1c6c14a8a28f5f7162cd/1/feed/F3486.csv.gz"
"126215","Wallshoppe","US","Not Joined","Google","F3508","","English","Retail","2026-08-22 14:50:12","2026-08-22 14:50:12","31312","https://ui.awin.com/productdata-darwin-download/publisher/3045037/fe83c200b3de1c6c14a8a28f5f7162cd/1/feed/F3508.csv.gz"
"126513","Argendon Crawlspace & commercial dehumidifier","US","Not Joined","Google","F3509","","English","Retail","2026-08-22 15:08:53","2026-08-22 15:08:53","61","https://ui.awin.com/productdata-darwin-download/publisher/3045037/fe83c200b3de1c6c14a8a28f5f7162cd/1/feed/F3509.csv.gz"
"124468","Ziwi Sleep (US)","US","Not Joined","Google","F3512","","English","Retail","2026-07-09 21:36:22","2026-07-09 21:36:22","186","https://ui.awin.com/productdata-darwin-download/publisher/3045037/fe83c200b3de1c6c14a8a28f5f7162cd/1/feed/F3512.csv.gz"
"124966","Eydology","US","Not Joined","Google","F3538","","English","Retail","2026-08-22 14:59:49","2026-08-22 14:59:49","1606","https://ui.awin.com/productdata-darwin-download/publisher/3045037/fe83c200b3de1c6c14a8a28f5f7162cd/1/feed/F3538.csv.gz"
"126533","Active Silver","GB","Not Joined","Google","F3569","","English","Retail","2026-08-22 14:14:43","2026-08-22 14:14:43","116","https://ui.awin.com/productdata-darwin-download/publisher/3045037/fe83c200b3de1c6c14a8a28f5f7162cd/1/feed/F3569.csv.gz"
"126017","Godestar","US","Not Joined","Google","F3579","","English","Retail","2026-08-22 09:16:18","2026-08-22 09:16:18","1","https://ui.awin.com/productdata-darwin-download/publisher/3045037/fe83c200b3de1c6c14a8a28f5f7162cd/1/feed/F3579.csv.gz"
"61451","FLOWERFIX","GB","Not Joined","Google","F3597","","English","Retail","2026-08-22 14:30:31","2026-08-22 14:30:31","148","https://ui.awin.com/productdata-darwin-download/publisher/3045037/fe83c200b3de1c6c14a8a28f5f7162cd/1/feed/F3597.csv.gz"
"126515","Radiale Pneus","BR","Not Joined","Google","F3601","","Portuguese","Retail","2026-08-22 14:20:24","2026-08-22 14:20:24","21","https://ui.awin.com/productdata-darwin-download/publisher/3045037/fe83c200b3de1c6c14a8a28f5f7162cd/1/feed/F3601.csv.gz"
"126773","Alfredo Affiliate Program","GB","Not Joined","Google","F3612","","English","Retail","2026-08-22 14:05:55","2026-08-22 14:05:55","6057","https://ui.awin.com/productdata-darwin-download/publisher/3045037/fe83c200b3de1c6c14a8a28f5f7162cd/1/feed/F3612.csv.gz"
"71217","Cottsbury","GB","Not Joined","Google","F3617","","English","Retail","2026-08-22 15:42:50","2026-08-22 15:42:50","77","https://ui.awin.com/productdata-darwin-download/publisher/3045037/fe83c200b3de1c6c14a8a28f5f7162cd/1/feed/F3617.csv.gz"
"125650","Frenzy Clothings","GB","Not Joined","Google","F3628","","English","Retail","2026-08-19 06:17:06","2026-08-19 06:17:06","5398","https://ui.awin.com/productdata-darwin-download/publisher/3045037/fe83c200b3de1c6c14a8a28f5f7162cd/1/feed/F3628.csv.gz"
"87403","Mosaic Weighted Blankets","US","Not Joined","Google","F3656","","English","Retail","2026-08-22 14:49:02","2026-08-22 14:49:02","1356","https://ui.awin.com/productdata-darwin-download/publisher/3045037/fe83c200b3de1c6c14a8a28f5f7162cd/1/feed/F3656.csv.gz"
"126891","mamaraya","US","Not Joined","Google","F3673","","English","Retail","2026-08-22 14:42:50","2026-08-22 14:42:50","823","https://ui.awin.com/productdata-darwin-download/publisher/3045037/fe83c200b3de1c6c14a8a28f5f7162cd/1/feed/F3673.csv.gz"
"126491","SPIEZ","US","Not Joined","Google","F3691","","English","Retail","2026-08-21 04:00:06","2026-08-21 04:00:06","126","https://ui.awin.com/productdata-darwin-download/publisher/3045037/fe83c200b3de1c6c14a8a28f5f7162cd/1/feed/F3691.csv.gz"
"127057","DATOUBOSS","DE","Not Joined","Google","F3714","","English","Retail","2026-08-22 15:02:37","2026-08-22 15:02:37","11","https://ui.awin.com/productdata-darwin-download/publisher/3045037/fe83c200b3de1c6c14a8a28f5f7162cd/1/feed/F3714.csv.gz"
"125844","Bodycross (FR)","FR","Not Joined","Google","F3731","","French","Retail","2026-08-22 14:48:11","2026-08-22 14:48:11","1531","https://ui.awin.com/productdata-darwin-download/publisher/3045037/fe83c200b3de1c6c14a8a28f5f7162cd/1/feed/F3731.csv.gz"
"114020","Fun Fact Co.","US","Not Joined","Google","F3744","","English","Retail","2026-08-22 14:25:02","2026-08-22 14:25:02","426","https://ui.awin.com/productdata-darwin-download/publisher/3045037/fe83c200b3de1c6c14a8a28f5f7162cd/1/feed/F3744.csv.gz"
"15079","Blitec DE","DE","Not Joined","Google","F3748","","German","Retail","2026-05-20 10:12:32","2026-05-20 10:12:32","69077","https://ui.awin.com/productdata-darwin-download/publisher/3045037/fe83c200b3de1c6c14a8a28f5f7162cd/1/feed/F3748.csv.gz"
"126777","Deme by Gabriella","US","Not Joined","Google","F3755","","English","Retail","2026-08-22 14:58:16","2026-08-22 14:58:16","7229","https://ui.awin.com/productdata-darwin-download/publisher/3045037/fe83c200b3de1c6c14a8a28f5f7162cd/1/feed/F3755.csv.gz"
"127091","ZONVEER","US","Not Joined","Google","F3763","","English","Retail","2026-08-22 13:31:40","2026-08-22 13:31:40","21","https://ui.awin.com/productdata-darwin-download/publisher/3045037/fe83c200b3de1c6c14a8a28f5f7162cd/1/feed/F3763.csv.gz"
"127173","Naturklar","DE","Not Joined","Google","F3764","","German","Retail","2026-08-22 13:41:15","2026-08-22 13:41:15","27","https://ui.awin.com/productdata-darwin-download/publisher/3045037/fe83c200b3de1c6c14a8a28f5f7162cd/1/feed/F3764.csv.gz"
"127327","Blade Infiniti Affiliate Program","US","Not Joined","Google","F3781","","English","Retail","2026-08-22 14:56:46","2026-08-22 14:56:46","23518","https://ui.awin.com/productdata-darwin-download/publisher/3045037/fe83c200b3de1c6c14a8a28f5f7162cd/1/feed/F3781.csv.gz"
"127373","Hamxi","US","Not Joined","Google","F3785","","English","Retail","2026-07-08 19:30:41","2026-07-08 19:30:41","620","https://ui.awin.com/productdata-darwin-download/publisher/3045037/fe83c200b3de1c6c14a8a28f5f7162cd/1/feed/F3785.csv.gz"
"58623","HOMO NATURALS","ES","Not Joined","Google","F3801","","Spanish","Retail","2026-08-22 13:50:21","2026-08-22 13:50:21","134","https://ui.awin.com/productdata-darwin-download/publisher/3045037/fe83c200b3de1c6c14a8a28f5f7162cd/1/feed/F3801.csv.gz"
"100113","Tantaly UK","GB","Not Joined","Google","F3805","","English","Retail","2026-08-22 14:38:40","2026-08-22 14:38:40","74","https://ui.awin.com/productdata-darwin-download/publisher/3045037/fe83c200b3de1c6c14a8a28f5f7162cd/1/feed/F3805.csv.gz"
"78850","TantalyDE","DE","Not Joined","Google","F3806","","German","Retail","2026-08-22 15:05:41","2026-08-22 15:05:41","83","https://ui.awin.com/productdata-darwin-download/publisher/3045037/fe83c200b3de1c6c14a8a28f5f7162cd/1/feed/F3806.csv.gz"
"127267","Makerfire","US","Not Joined","Google","F3812","","English","Retail","2026-08-22 15:20:43","2026-08-22 15:20:43","2058","https://ui.awin.com/productdata-darwin-download/publisher/3045037/fe83c200b3de1c6c14a8a28f5f7162cd/1/feed/F3812.csv.gz"
"119607","sitre","GB","Not Joined","Google","F3814","","English","Retail","2026-08-17 10:31:14","2026-08-17 10:31:14","20","https://ui.awin.com/productdata-darwin-download/publisher/3045037/fe83c200b3de1c6c14a8a28f5f7162cd/1/feed/F3814.csv.gz"
"125999","Capricorn Baby","US","Not Joined","Google","F3870","","English","Retail","2026-08-22 14:52:09","2026-08-22 14:52:09","199","https://ui.awin.com/productdata-darwin-download/publisher/3045037/fe83c200b3de1c6c14a8a28f5f7162cd/1/feed/F3870.csv.gz"
"127607","https://www.soloredlight.com/","US","Not Joined","Google","F3874","","English","Retail","2026-08-22 15:33:51","2026-08-22 15:33:51","26","https://ui.awin.com/productdata-darwin-download/publisher/3045037/fe83c200b3de1c6c14a8a28f5f7162cd/1/feed/F3874.csv.gz"
"127585","The Art of Becoming Affiliate Program","US","Not Joined","Google","F3882","","English","Retail","2026-08-22 13:41:42","2026-08-22 13:41:42","3","https://ui.awin.com/productdata-darwin-download/publisher/3045037/fe83c200b3de1c6c14a8a28f5f7162cd/1/feed/F3882.csv.gz"
"126331","Parfivo","DE","Not Joined","Google","F3895","","German","Retail","2026-08-22 14:10:57","2026-08-22 14:10:57","388","https://ui.awin.com/productdata-darwin-download/publisher/3045037/fe83c200b3de1c6c14a8a28f5f7162cd/1/feed/F3895.csv.gz"
"127669","Ma Lin","GB","Not Joined","Google","F3897","","English","Retail","2026-08-22 15:05:34","2026-08-22 15:05:34","18","https://ui.awin.com/productdata-darwin-download/publisher/3045037/fe83c200b3de1c6c14a8a28f5f7162cd/1/feed/F3897.csv.gz"
"41612","Wonder Hoodie Inc","US","Not Joined","Google","F3900","","English","Retail","2026-08-22 14:43:42","2026-08-22 14:43:42","183","https://ui.awin.com/productdata-darwin-download/publisher/3045037/fe83c200b3de1c6c14a8a28f5f7162cd/1/feed/F3900.csv.gz"
"127505","Spacelift Creators","GB","Not Joined","Google","F3904","","English","Retail","2026-08-22 14:54:48","2026-08-22 14:54:48","68","https://ui.awin.com/productdata-darwin-download/publisher/3045037/fe83c200b3de1c6c14a8a28f5f7162cd/1/feed/F3904.csv.gz"
"126021","balarugs","US","Not Joined","Google","F3916","","English","Retail","2026-08-22 14:17:57","2026-08-22 14:17:57","3010","https://ui.awin.com/productdata-darwin-download/publisher/3045037/fe83c200b3de1c6c14a8a28f5f7162cd/1/feed/F3916.csv.gz"
"127813","MONÉ UK Affiliate Programme","GB","Not Joined","Google","F3917","","English","Retail","2026-08-22 14:30:56","2026-08-22 14:30:56","25","https://ui.awin.com/productdata-darwin-download/publisher/3045037/fe83c200b3de1c6c14a8a28f5f7162cd/1/feed/F3917.csv.gz"
"70262","Noirgaze Affiliate","US","Not Joined","Google","F3928","","English","Retail","2026-08-22 13:39:48","2026-08-22 13:39:48","23","https://ui.awin.com/productdata-darwin-download/publisher/3045037/fe83c200b3de1c6c14a8a28f5f7162cd/1/feed/F3928.csv.gz"
"127231","EXG Pro","GB","Not Joined","Google","F3943","","English","Retail","2026-08-22 13:59:15","2026-08-22 13:59:15","164","https://ui.awin.com/productdata-darwin-download/publisher/3045037/fe83c200b3de1c6c14a8a28f5f7162cd/1/feed/F3943.csv.gz"
"127939","wanayou","US","Not Joined","Google","F3951","","English","Retail","2026-08-22 14:13:27","2026-08-22 14:13:27","300","https://ui.awin.com/productdata-darwin-download/publisher/3045037/fe83c200b3de1c6c14a8a28f5f7162cd/1/feed/F3951.csv.gz"
"124894","Steam & Oak","GB","Not Joined","Google","F3970","","English","Retail","2026-08-22 13:32:59","2026-08-22 13:32:59","272","https://ui.awin.com/productdata-darwin-download/publisher/3045037/fe83c200b3de1c6c14a8a28f5f7162cd/1/feed/F3970.csv.gz"
"127409","Dermlane Affiliate (US)","US","Not Joined","Google","F3975","","English","Retail","2026-08-22 14:56:00","2026-08-22 14:56:00","1618","https://ui.awin.com/productdata-darwin-download/publisher/3045037/fe83c200b3de1c6c14a8a28f5f7162cd/1/feed/F3975.csv.gz"
"127949","SnoreLessNow","US","Not Joined","Google","F3977","","English","Retail","2026-08-22 14:41:16","2026-08-22 14:41:16","25","https://ui.awin.com/productdata-darwin-download/publisher/3045037/fe83c200b3de1c6c14a8a28f5f7162cd/1/feed/F3977.csv.gz"
"47173","Natures Way DE","DE","Not Joined","Google","F3980","","German","Retail","2026-08-22 14:02:34","2026-08-22 14:02:34","28","https://ui.awin.com/productdata-darwin-download/publisher/3045037/fe83c200b3de1c6c14a8a28f5f7162cd/1/feed/F3980.csv.gz"
"128107","Jolly Designs","DE","Not Joined","Google","F3982","","German","Retail","2026-08-22 15:01:50","2026-08-22 15:01:50","363","https://ui.awin.com/productdata-darwin-download/publisher/3045037/fe83c200b3de1c6c14a8a28f5f7162cd/1/feed/F3982.csv.gz"
"127499","SafeFort (UK)","GB","Not Joined","Google","F3995","","English","Retail","2026-08-22 13:32:37","2026-08-22 13:32:37","270","https://ui.awin.com/productdata-darwin-download/publisher/3045037/fe83c200b3de1c6c14a8a28f5f7162cd/1/feed/F3995.csv.gz"
"128211","Ophelia Eternity Jewelry","US","Not Joined","Google","F3996","","English","Retail","2026-08-22 14:35:59","2026-08-22 14:35:59","3604","https://ui.awin.com/productdata-darwin-download/publisher/3045037/fe83c200b3de1c6c14a8a28f5f7162cd/1/feed/F3996.csv.gz"
"127783","Ashaki","US","Not Joined","Google","F3999","","English","Retail","2026-08-22 14:12:26","2026-08-22 14:12:26","2","https://ui.awin.com/productdata-darwin-download/publisher/3045037/fe83c200b3de1c6c14a8a28f5f7162cd/1/feed/F3999.csv.gz"
"126855","Gemone Diamonds Official Affiliate Program","US","Not Joined","Google","F4001","","English","Retail","2026-08-22 14:13:18","2026-08-22 14:13:18","8380","https://ui.awin.com/productdata-darwin-download/publisher/3045037/fe83c200b3de1c6c14a8a28f5f7162cd/1/feed/F4001.csv.gz"
"128219","Vixxar Skincare","US","Not Joined","Google","F4003","","English","Retail","2026-08-22 13:49:54","2026-08-22 13:49:54","142","https://ui.awin.com/productdata-darwin-download/publisher/3045037/fe83c200b3de1c6c14a8a28f5f7162cd/1/feed/F4003.csv.gz"
"128033","Dima Eyewear (US)","US","Not Joined","Google","F4005","","English","Retail","2026-08-22 13:40:00","2026-08-22 13:40:00","513","https://ui.awin.com/productdata-darwin-download/publisher/3045037/fe83c200b3de1c6c14a8a28f5f7162cd/1/feed/F4005.csv.gz"
"128197","Orebella","US","Not Joined","Google","F4012","","English","Retail","2026-08-22 13:55:42","2026-08-22 13:55:42","59","https://ui.awin.com/productdata-darwin-download/publisher/3045037/fe83c200b3de1c6c14a8a28f5f7162cd/1/feed/F4012.csv.gz"
"126221","metfine","US","Not Joined","Google","F4022","","English","Retail","2026-08-22 14:06:14","2026-08-22 14:06:14","1288","https://ui.awin.com/productdata-darwin-download/publisher/3045037/fe83c200b3de1c6c14a8a28f5f7162cd/1/feed/F4022.csv.gz"
"128253","Moskera","FR","Not Joined","Google","F4023","","French","Retail","2026-08-22 14:16:01","2026-08-22 14:16:01","2271","https://ui.awin.com/productdata-darwin-download/publisher/3045037/fe83c200b3de1c6c14a8a28f5f7162cd/1/feed/F4023.csv.gz"
"127381","MontAmour","NL","Not Joined","Google","F4027","","Dutch","Retail","2026-08-22 15:01:19","2026-08-22 15:01:19","9","https://ui.awin.com/productdata-darwin-download/publisher/3045037/fe83c200b3de1c6c14a8a28f5f7162cd/1/feed/F4027.csv.gz"
"128323","THE STYLED INSIDER","IE","Not Joined","Google","F4030","","English","Retail","2026-08-22 14:24:24","2026-08-22 14:24:24","3003","https://ui.awin.com/productdata-darwin-download/publisher/3045037/fe83c200b3de1c6c14a8a28f5f7162cd/1/feed/F4030.csv.gz"
"128207","Medella Springs","US","Not Joined","Google","F4044","","English","Retail","2026-08-22 13:58:06","2026-08-22 13:58:06","54","https://ui.awin.com/productdata-darwin-download/publisher/3045037/fe83c200b3de1c6c14a8a28f5f7162cd/1/feed/F4044.csv.gz"
"128237","Éclairage Déco","FR","Not Joined","Google","F4064","","French","Retail","2026-08-22 13:55:04","2026-08-22 13:55:04","1036","https://ui.awin.com/productdata-darwin-download/publisher/3045037/fe83c200b3de1c6c14a8a28f5f7162cd/1/feed/F4064.csv.gz"
"69178","AKKO UK","GB","Not Joined","Google","F4068","","English","Retail","2026-08-22 14:28:27","2026-08-22 14:28:27","2830","https://ui.awin.com/productdata-darwin-download/publisher/3045037/fe83c200b3de1c6c14a8a28f5f7162cd/1/feed/F4068.csv.gz"
"128645","SIRUI Optical GmbH","DE","Not Joined","Google","F4133","","German","Retail","2026-08-22 13:53:49","2026-08-22 13:53:49","916","https://ui.awin.com/productdata-darwin-download/publisher/3045037/fe83c200b3de1c6c14a8a28f5f7162cd/1/feed/F4133.csv.gz"
"128639","ESR Tech (EU)","DE","Not Joined","Google","F4135","","German","Retail","2026-08-22 14:02:48","2026-08-22 14:02:48","3269","https://ui.awin.com/productdata-darwin-download/publisher/3045037/fe83c200b3de1c6c14a8a28f5f7162cd/1/feed/F4135.csv.gz"
"128641","ESR Tech (UK)","GB","Not Joined","Google","F4140","","English","Retail","2026-08-22 14:52:49","2026-08-22 14:52:49","2897","https://ui.awin.com/productdata-darwin-download/publisher/3045037/fe83c200b3de1c6c14a8a28f5f7162cd/1/feed/F4140.csv.gz"
"128653","Affiliates - Spoiled Brat","GB","Not Joined","Google","F4141","","English","Retail","2026-08-22 14:59:39","2026-08-22 14:59:39","2663","https://ui.awin.com/productdata-darwin-download/publisher/3045037/fe83c200b3de1c6c14a8a28f5f7162cd/1/feed/F4141.csv.gz"
"128717","Vijvercentrum.nl","NL","Not Joined","Google","F4146","","Dutch","Retail","2026-08-17 07:07:48","2026-08-17 07:07:48","8078","https://ui.awin.com/productdata-darwin-download/publisher/3045037/fe83c200b3de1c6c14a8a28f5f7162cd/1/feed/F4146.csv.gz"
"128557","shopify","IT","Not Joined","Google","F4154","","Italian","Retail","2026-08-22 14:02:50","2026-08-22 14:02:50","5","https://ui.awin.com/productdata-darwin-download/publisher/3045037/fe83c200b3de1c6c14a8a28f5f7162cd/1/feed/F4154.csv.gz"
"128713","Shopping Ads: Google & Bing","GB","Not Joined","Google","F4161","","English","Retail","2026-08-22 14:24:33","2026-08-22 14:24:33","6935","https://ui.awin.com/productdata-darwin-download/publisher/3045037/fe83c200b3de1c6c14a8a28f5f7162cd/1/feed/F4161.csv.gz"
"128143","AUTEL","US","Not Joined","Google","F4167","","English","Retail","2026-08-22 13:46:06","2026-08-22 13:46:06","90","https://ui.awin.com/productdata-darwin-download/publisher/3045037/fe83c200b3de1c6c14a8a28f5f7162cd/1/feed/F4167.csv.gz"
"128659","Some Slight Clothing","US","Not Joined","Google","F4183","","English","Retail","2026-08-22 14:57:38","2026-08-22 14:57:38","831","https://ui.awin.com/productdata-darwin-download/publisher/3045037/fe83c200b3de1c6c14a8a28f5f7162cd/1/feed/F4183.csv.gz"
"128805","OneStreet","IT","Not Joined","Google","F4199","","Italian","Retail","2026-08-22 14:25:29","2026-08-22 14:25:29","13303","https://ui.awin.com/productdata-darwin-download/publisher/3045037/fe83c200b3de1c6c14a8a28f5f7162cd/1/feed/F4199.csv.gz"
"122044","WheelXL.com","US","Not Joined","Google","F4208","","English","Retail","2026-08-22 12:32:03","2026-08-22 12:32:03","83908","https://ui.awin.com/productdata-darwin-download/publisher/3045037/fe83c200b3de1c6c14a8a28f5f7162cd/1/feed/F4208.csv.gz"
"128663","Susan Caplan","GB","Not Joined","Google","F4218","","English","Retail","2026-08-22 14:41:57","2026-08-22 14:41:57","4287","https://ui.awin.com/productdata-darwin-download/publisher/3045037/fe83c200b3de1c6c14a8a28f5f7162cd/1/feed/F4218.csv.gz"
"127859","monvane","US","Not Joined","Google","F4222","","English","Retail","2026-08-22 14:37:43","2026-08-22 14:37:43","86","https://ui.awin.com/productdata-darwin-download/publisher/3045037/fe83c200b3de1c6c14a8a28f5f7162cd/1/feed/F4222.csv.gz"
"125702","Thierry Lasry","US","Not Joined","Google","F4227","","English","Retail","2026-08-22 14:18:44","2026-08-22 14:18:44","1490","https://ui.awin.com/productdata-darwin-download/publisher/3045037/fe83c200b3de1c6c14a8a28f5f7162cd/1/feed/F4227.csv.gz"
"128177","Tu Mando Circle","US","Not Joined","Google","F4231","","English","Retail","2026-08-22 14:16:18","2026-08-22 14:16:18","8","https://ui.awin.com/productdata-darwin-download/publisher/3045037/fe83c200b3de1c6c14a8a28f5f7162cd/1/feed/F4231.csv.gz"
"128881","Bonheur de lune","FR","Not Joined","Google","F4233","","French","Retail","2026-08-22 13:56:29","2026-08-22 13:56:29","180","https://ui.awin.com/productdata-darwin-download/publisher/3045037/fe83c200b3de1c6c14a8a28f5f7162cd/1/feed/F4233.csv.gz"
"108834","Five Star Direct","GB","Not Joined","Google","F4236","","English","Retail","2026-08-22 13:50:09","2026-08-22 13:50:09","72","https://ui.awin.com/productdata-darwin-download/publisher/3045037/fe83c200b3de1c6c14a8a28f5f7162cd/1/feed/F4236.csv.gz"
"70252","Angel Barocco","GB","Not Joined","Google","F4246","","English","Retail","2026-08-22 15:00:03","2026-08-22 15:00:03","807","https://ui.awin.com/productdata-darwin-download/publisher/3045037/fe83c200b3de1c6c14a8a28f5f7162cd/1/feed/F4246.csv.gz"
"129165","myCord | Bracelet Lab","GB","Not Joined","Google","F4261","","English","Retail","2026-08-22 14:21:52","2026-08-22 14:21:52","1820","https://ui.awin.com/productdata-darwin-download/publisher/3045037/fe83c200b3de1c6c14a8a28f5f7162cd/1/feed/F4261.csv.gz"
"129167","Huizbirn - Holzdeko von René Riebenbauer","AT","Not Joined","Google","F4263","","German","Retail","2026-08-11 09:32:12","2026-08-11 09:32:12","621","https://ui.awin.com/productdata-darwin-download/publisher/3045037/fe83c200b3de1c6c14a8a28f5f7162cd/1/feed/F4263.csv.gz"
"128723","Tietie Bike","US","Not Joined","Google","F4283","","English","Retail","2026-08-22 13:58:31","2026-08-22 13:58:31","31","https://ui.awin.com/productdata-darwin-download/publisher/3045037/fe83c200b3de1c6c14a8a28f5f7162cd/1/feed/F4283.csv.gz"
"129237","Sparklar","SE","Not Joined","Google","F4291","","Swedish","Retail","2026-08-22 14:33:50","2026-08-22 14:33:50","568","https://ui.awin.com/productdata-darwin-download/publisher/3045037/fe83c200b3de1c6c14a8a28f5f7162cd/1/feed/F4291.csv.gz"
"105475","Perfumeria Comas FR","FR","Not Joined","Google","F4301","","French","Retail","2026-08-22 13:00:27","2026-08-22 13:00:27","7412","https://ui.awin.com/productdata-darwin-download/publisher/3045037/fe83c200b3de1c6c14a8a28f5f7162cd/1/feed/F4301.csv.gz"
"81625","Natkina","CH","Not Joined","Google","F4313","","English","Retail","2026-08-22 15:09:10","2026-08-22 15:09:10","2822","https://ui.awin.com/productdata-darwin-download/publisher/3045037/fe83c200b3de1c6c14a8a28f5f7162cd/1/feed/F4313.csv.gz"
"129177","Elevinix Lab Promotion","US","Not Joined","Google","F4318","","English","Retail","2026-08-22 15:10:28","2026-08-22 15:10:28","580","https://ui.awin.com/productdata-darwin-download/publisher/3045037/fe83c200b3de1c6c14a8a28f5f7162cd/1/feed/F4318.csv.gz"
"90515","LOOMY Home","US","Not Joined","Google","F4319","","English","Retail","2026-08-22 13:50:32","2026-08-22 13:50:32","2314","https://ui.awin.com/productdata-darwin-download/publisher/3045037/fe83c200b3de1c6c14a8a28f5f7162cd/1/feed/F4319.csv.gz"
"129101","aotos","US","Not Joined","Google","F4335","","English","Retail","2026-08-22 14:46:48","2026-08-22 14:46:48","111","https://ui.awin.com/productdata-darwin-download/publisher/3045037/fe83c200b3de1c6c14a8a28f5f7162cd/1/feed/F4335.csv.gz"
"128423","sacelady (US)","US","Not Joined","Google","F4342","","English","Retail","2026-08-22 13:56:09","2026-08-22 13:56:09","450","https://ui.awin.com/productdata-darwin-download/publisher/3045037/fe83c200b3de1c6c14a8a28f5f7162cd/1/feed/F4342.csv.gz"
"129311","Miles Jewellery","US","Not Joined","Google","F4343","","English","Retail","2026-08-22 14:04:06","2026-08-22 14:04:06","2321","https://ui.awin.com/productdata-darwin-download/publisher/3045037/fe83c200b3de1c6c14a8a28f5f7162cd/1/feed/F4343.csv.gz"
"128843","Atlas Knife Co (US)","US","Not Joined","Google","F4349","","English","Retail","2026-08-16 05:14:46","2026-08-16 05:14:46","45144","https://ui.awin.com/productdata-darwin-download/publisher/3045037/fe83c200b3de1c6c14a8a28f5f7162cd/1/feed/F4349.csv.gz"
"127893","Serika","US","Not Joined","Google","F4351","","English","Retail","2026-08-22 13:53:51","2026-08-22 13:53:51","7","https://ui.awin.com/productdata-darwin-download/publisher/3045037/fe83c200b3de1c6c14a8a28f5f7162cd/1/feed/F4351.csv.gz"
"78080","Imarku","US","Not Joined","Google","F4363","","English","Retail","2026-08-22 14:22:49","2026-08-22 14:22:49","227","https://ui.awin.com/productdata-darwin-download/publisher/3045037/fe83c200b3de1c6c14a8a28f5f7162cd/1/feed/F4363.csv.gz"
"129487","BeyPan Store","US","Not Joined","Google","F4364","","English","Retail","2026-08-22 15:08:19","2026-08-22 15:08:19","918","https://ui.awin.com/productdata-darwin-download/publisher/3045037/fe83c200b3de1c6c14a8a28f5f7162cd/1/feed/F4364.csv.gz"
"128803","Ancestral&Natural skincare (PT)","PT","Not Joined","Google","F4396","","English","Retail","2026-08-22 14:16:01","2026-08-22 14:16:01","1","https://ui.awin.com/productdata-darwin-download/publisher/3045037/fe83c200b3de1c6c14a8a28f5f7162cd/1/feed/F4396.csv.gz"
"129393","Cyclone Pods","US","Not Joined","Google","F4404","","English","Retail","2026-08-22 14:23:51","2026-08-22 14:23:51","49","https://ui.awin.com/productdata-darwin-download/publisher/3045037/fe83c200b3de1c6c14a8a28f5f7162cd/1/feed/F4404.csv.gz"
"129653","Christmas Mystery","US","Not Joined","Google","F4424","","English","Retail","2026-08-22 14:13:19","2026-08-22 14:13:19","1","https://ui.awin.com/productdata-darwin-download/publisher/3045037/fe83c200b3de1c6c14a8a28f5f7162cd/1/feed/F4424.csv.gz"
"129671","Peremis Partners","US","Not Joined","Google","F4426","","English","Retail","2026-08-22 13:37:24","2026-08-22 13:37:24","21","https://ui.awin.com/productdata-darwin-download/publisher/3045037/fe83c200b3de1c6c14a8a28f5f7162cd/1/feed/F4426.csv.gz"
"129167","Huizbirn - Holzdeko von René Riebenbauer","DE","Not Joined","Google","F4429","","German","Retail","2026-08-22 13:33:39","2026-08-22 13:33:39","624","https://ui.awin.com/productdata-darwin-download/publisher/3045037/fe83c200b3de1c6c14a8a28f5f7162cd/1/feed/F4429.csv.gz"
"129523","Escobar Cigars","US","Not Joined","Google","F4436","","English","Retail","2026-08-22 15:15:37","2026-08-22 15:15:37","110","https://ui.awin.com/productdata-darwin-download/publisher/3045037/fe83c200b3de1c6c14a8a28f5f7162cd/1/feed/F4436.csv.gz"
"129701","King & Country","GB","Not Joined","Google","F4444","","English","Retail","2026-08-22 15:07:55","2026-08-22 15:07:55","340","https://ui.awin.com/productdata-darwin-download/publisher/3045037/fe83c200b3de1c6c14a8a28f5f7162cd/1/feed/F4444.csv.gz"
"129741","Sonjas Apotek","SE","Not Joined","Google","F4446","","Swedish","Retail","2026-08-22 14:32:25","2026-08-22 14:32:25","176","https://ui.awin.com/productdata-darwin-download/publisher/3045037/fe83c200b3de1c6c14a8a28f5f7162cd/1/feed/F4446.csv.gz"
"72583","Wilder Botanics","GB","Not Joined","Google","F4458","","English","Retail","2026-08-22 13:55:52","2026-08-22 13:55:52","64","https://ui.awin.com/productdata-darwin-download/publisher/3045037/fe83c200b3de1c6c14a8a28f5f7162cd/1/feed/F4458.csv.gz"
"129739","Tat Aura","US","Not Joined","Google","F4469","","English","Retail","2026-08-22 15:54:05","2026-08-22 15:54:05","16052","https://ui.awin.com/productdata-darwin-download/publisher/3045037/fe83c200b3de1c6c14a8a28f5f7162cd/1/feed/F4469.csv.gz"
"119607","sitre","DK","Not Joined","Google","F4476","","English","Retail","2026-08-22 14:27:37","2026-08-22 14:27:37","20","https://ui.awin.com/productdata-darwin-download/publisher/3045037/fe83c200b3de1c6c14a8a28f5f7162cd/1/feed/F4476.csv.gz"
"129743","Amarante London","GB","Not Joined","Google","F4494","","English","Retail","2026-08-22 15:02:50","2026-08-22 15:02:50","613","https://ui.awin.com/productdata-darwin-download/publisher/3045037/fe83c200b3de1c6c14a8a28f5f7162cd/1/feed/F4494.csv.gz"
"129229","Eusphera","IT","Not Joined","Google","F4519","","Italian","Retail","2026-08-22 14:54:59","2026-08-22 14:54:59","122","https://ui.awin.com/productdata-darwin-download/publisher/3045037/fe83c200b3de1c6c14a8a28f5f7162cd/1/feed/F4519.csv.gz"
"49655","eFans Direct","GB","Not Joined","Google","F4521","","English","Retail","2026-08-22 15:53:40","2026-08-22 15:53:40","1466","https://ui.awin.com/productdata-darwin-download/publisher/3045037/fe83c200b3de1c6c14a8a28f5f7162cd/1/feed/F4521.csv.gz"
"488","Bunches.co.uk","GB","Not Joined","Awin","488","Default","English","","2026-08-22 15:18:34","2026-08-22 15:18:30","204","https://productdata.awin.com/datafeed/download/apikey/fe83c200b3de1c6c14a8a28f5f7162cd/fid/488/format/csv/language/en/delimiter/%2C/compression/gzip/adultcontent/1/columns/aw_deep_link%2Cproduct_name%2Caw_product_id%2Cmerchant_product_id%2Cmerchant_image_url%2Cdescription%2Cmerchant_category%2Csearch_price%2Cmerchant_name%2Cmerchant_id%2Ccategory_name%2Ccategory_id%2Caw_image_url%2Ccurrency%2Cstore_price%2Cdelivery_cost%2Cmerchant_deep_link%2Clanguage%2Clast_updated%2Cbrand_name%2Cbrand_id%2Ccolour%2Cproduct_short_description%2Cspecifications%2Ccondition%2Cproduct_model%2Cmodel_number%2Cdimensions%2Ckeywords%2Cpromotional_text%2Cproduct_type%2Ccommission_group%2Cmerchant_product_category_path%2Cmerchant_product_second_category%2Cmerchant_product_third_category%2Crrp_price%2Csaving%2Csavings_percent%2Cbase_price%2Cbase_price_amount%2Cbase_price_text%2Cproduct_price_old%2Cdelivery_restrictions%2Cdelivery_weight%2Cwarranty%2Cterms_of_contract%2Cdelivery_time%2Cin_stock%2Cstock_quantity%2Cvalid_from%2Cvalid_to%2Cis_for_sale%2Cweb_offer%2Cpre_order%2Cstock_status%2Csize_stock_status%2Csize_stock_amount%2Cmerchant_thumb_url%2Clarge_image%2Calternate_image%2Caw_thumb_url%2Calternate_image_two%2Calternate_image_three%2Calternate_image_four%2Creviews%2Caverage_rating%2Crating%2Cnumber_available%2Ccustom_1%2Ccustom_2%2Ccustom_3%2Ccustom_4%2Ccustom_5%2Ccustom_6%2Ccustom_7%2Ccustom_8%2Ccustom_9%2Cean%2Cisbn%2Cupc%2Cmpn%2Cparent_product_id%2Cproduct_GTIN%2Cbasket_link/"
"496","Tooled Up","GB","Not Joined","Awin","496","All Products","English","","2026-08-22 05:41:48","2026-08-22 05:07:49","84232","https://productdata.awin.com/datafeed/download/apikey/fe83c200b3de1c6c14a8a28f5f7162cd/fid/496/format/csv/language/en/delimiter/%2C/compression/gzip/adultcontent/1/columns/data_feed_id%2Cmerchant_id%2Cmerchant_name%2Caw_product_id%2Caw_deep_link%2Caw_image_url%2Caw_thumb_url%2Ccategory_id%2Ccategory_name%2Cbrand_id%2Cbrand_name%2Cmerchant_product_id%2Cmerchant_category%2Cean%2Cmpn%2Cproduct_name%2Cdescription%2Cmerchant_deep_link%2Cmerchant_image_url%2Csearch_price%2Crrp_price%2Cdelivery_cost%2Cin_stock%2Cstock_status/"
"851","TV Cables","GB","Not Joined","Awin","851","Default","English","","2026-08-21 11:03:15","2026-08-22 15:01:29","7644","https://productdata.awin.com/datafeed/download/apikey/fe83c200b3de1c6c14a8a28f5f7162cd/fid/851/format/csv/language/en/delimiter/%2C/compression/gzip/adultcontent/1/columns/data_feed_id%2Cmerchant_id%2Cmerchant_name%2Caw_product_id%2Caw_deep_link%2Caw_image_url%2Caw_thumb_url%2Ccategory_id%2Ccategory_name%2Cbrand_id%2Cbrand_name%2Cmerchant_product_id%2Cmerchant_category%2Cproduct_name%2Cdescription%2Cpromotional_text%2Cmerchant_deep_link%2Cmerchant_image_url%2Cdelivery_time%2Csearch_price%2Cdelivery_cost%2Cin_stock%2Cproduct_short_description/"
"1936","Theatre Tickets Direct","GB","Not Joined","Awin","1936","Default","English","","2026-08-22 03:01:09","2026-08-22 03:01:05","257","https://productdata.awin.com/datafeed/download/apikey/fe83c200b3de1c6c14a8a28f5f7162cd/fid/1936/format/csv/language/en/delimiter/%2C/compression/gzip/adultcontent/1/columns/aw_deep_link%2Cproduct_name%2Caw_product_id%2Cmerchant_product_id%2Cmerchant_image_url%2Cdescription%2Cmerchant_category%2Csearch_price%2Cmerchant_name%2Cmerchant_id%2Ccategory_name%2Ccategory_id%2Caw_image_url%2Ccurrency%2Cstore_price%2Cdelivery_cost%2Cmerchant_deep_link%2Clanguage%2Clast_updated%2Cbrand_name%2Cbrand_id%2Ccolour%2Cproduct_short_description%2Cspecifications%2Ccondition%2Cproduct_model%2Cmodel_number%2Cdimensions%2Ckeywords%2Cpromotional_text%2Cproduct_type%2Ccommission_group%2Cmerchant_product_category_path%2Cmerchant_product_second_category%2Cmerchant_product_third_category%2Crrp_price%2Csaving%2Csavings_percent%2Cbase_price%2Cbase_price_amount%2Cbase_price_text%2Cproduct_price_old%2Cdelivery_restrictions%2Cdelivery_weight%2Cwarranty%2Cterms_of_contract%2Cdelivery_time%2Cin_stock%2Cstock_quantity%2Cvalid_from%2Cvalid_to%2Cis_for_sale%2Cweb_offer%2Cpre_order%2Cstock_status%2Csize_stock_status%2Csize_stock_amount%2Cmerchant_thumb_url%2Clarge_image%2Calternate_image%2Caw_thumb_url%2Calternate_image_two%2Calternate_image_three%2Calternate_image_four%2Creviews%2Caverage_rating%2Crating%2Cnumber_available%2Ccustom_1%2Ccustom_2%2Ccustom_3%2Ccustom_4%2Ccustom_5%2Ccustom_6%2Ccustom_7%2Ccustom_8%2Ccustom_9%2Cean%2Cisbn%2Cupc%2Cmpn%2Cparent_product_id%2Cproduct_GTIN%2Cbasket_link/"
"2418","Chargrilled","GB","Not Joined","Awin","2418","Default","English","","2026-05-15 12:35:40","2025-09-20 06:18:34","12986","https://productdata.awin.com/datafeed/download/apikey/fe83c200b3de1c6c14a8a28f5f7162cd/fid/2418/format/csv/language/en/delimiter/%2C/compression/gzip/adultcontent/1/columns/data_feed_id%2Cmerchant_id%2Cmerchant_name%2Caw_product_id%2Caw_deep_link%2Caw_image_url%2Caw_thumb_url%2Ccategory_id%2Ccategory_name%2Cbrand_id%2Cbrand_name%2Cmerchant_product_id%2Cmerchant_category%2Cproduct_name%2Cdescription%2Cmerchant_deep_link%2Cmerchant_image_url%2Cdelivery_time%2Csearch_price%2Cdelivery_cost%2Cin_stock%2Ccondition%2Clast_updated/"
"5723","Lights 4 Living","GB","Not Joined","Awin","17887","Default","English","","2026-08-22 02:01:39","2026-08-22 02:01:28","8048","https://productdata.awin.com/datafeed/download/apikey/fe83c200b3de1c6c14a8a28f5f7162cd/fid/17887/format/csv/language/en/delimiter/%2C/compression/gzip/adultcontent/1/columns/data_feed_id%2Cmerchant_id%2Cmerchant_name%2Caw_product_id%2Caw_deep_link%2Caw_image_url%2Caw_thumb_url%2Ccategory_id%2Ccategory_name%2Cbrand_id%2Cbrand_name%2Cmerchant_product_id%2Cmpn%2Cproduct_name%2Cdescription%2Cmerchant_deep_link%2Cmerchant_image_url%2Csearch_price%2Ccondition%2Cproduct_type%2Ccolour%2Cstock_status/"
"496","Tooled Up","GB","Not Joined","Awin","19857","Category - Power Tools","English","","2026-08-22 05:05:33","2026-08-22 05:05:25","3765","https://productdata.awin.com/datafeed/download/apikey/fe83c200b3de1c6c14a8a28f5f7162cd/fid/19857/format/csv/language/en/delimiter/%2C/compression/gzip/adultcontent/1/columns/data_feed_id%2Cmerchant_id%2Cmerchant_name%2Caw_product_id%2Caw_deep_link%2Caw_image_url%2Caw_thumb_url%2Ccategory_id%2Ccategory_name%2Cbrand_id%2Cbrand_name%2Cmerchant_product_id%2Cmerchant_category%2Cean%2Cmpn%2Cproduct_name%2Cdescription%2Cmerchant_deep_link%2Cmerchant_image_url%2Csearch_price%2Crrp_price%2Cdelivery_cost%2Cin_stock%2Cstock_status/"
"496","Tooled Up","GB","Not Joined","Awin","19859","Category - Garden Tools","English","","2026-08-22 05:04:57","2026-08-22 05:04:47","4386","https://productdata.awin.com/datafeed/download/apikey/fe83c200b3de1c6c14a8a28f5f7162cd/fid/19859/format/csv/language/en/delimiter/%2C/compression/gzip/adultcontent/1/columns/data_feed_id%2Cmerchant_id%2Cmerchant_name%2Caw_product_id%2Caw_deep_link%2Caw_image_url%2Caw_thumb_url%2Ccategory_id%2Ccategory_name%2Cbrand_id%2Cbrand_name%2Cmerchant_product_id%2Cmerchant_category%2Cean%2Cmpn%2Cproduct_name%2Cdescription%2Cmerchant_deep_link%2Cmerchant_image_url%2Csearch_price%2Crrp_price%2Cdelivery_cost%2Cin_stock%2Cstock_status/"
"496","Tooled Up","GB","Not Joined","Awin","19861","Category - Hand Tools","English","","2026-08-22 05:06:28","2026-08-22 05:06:06","15548","https://productdata.awin.com/datafeed/download/apikey/fe83c200b3de1c6c14a8a28f5f7162cd/fid/19861/format/csv/language/en/delimiter/%2C/compression/gzip/adultcontent/1/columns/data_feed_id%2Cmerchant_id%2Cmerchant_name%2Caw_product_id%2Caw_deep_link%2Caw_image_url%2Caw_thumb_url%2Ccategory_id%2Ccategory_name%2Cbrand_id%2Cbrand_name%2Cmerchant_product_id%2Cmerchant_category%2Cean%2Cmpn%2Cproduct_name%2Cdescription%2Cmerchant_deep_link%2Cmerchant_image_url%2Csearch_price%2Crrp_price%2Cdelivery_cost%2Cin_stock%2Cstock_status/"
"496","Tooled Up","GB","Not Joined","Awin","19881","Category - Decorating & Tiling Tools","English","","2026-08-22 05:02:58","2026-08-22 05:02:53","973","https://productdata.awin.com/datafeed/download/apikey/fe83c200b3de1c6c14a8a28f5f7162cd/fid/19881/format/csv/language/en/delimiter/%2C/compression/gzip/adultcontent/1/columns/data_feed_id%2Cmerchant_id%2Cmerchant_name%2Caw_product_id%2Caw_deep_link%2Caw_image_url%2Caw_thumb_url%2Ccategory_id%2Ccategory_name%2Cbrand_id%2Cbrand_name%2Cmerchant_product_id%2Cmerchant_category%2Cean%2Cmpn%2Cproduct_name%2Cdescription%2Cmerchant_deep_link%2Cmerchant_image_url%2Csearch_price%2Crrp_price%2Cdelivery_cost%2Cin_stock%2Cstock_status/"
"496","Tooled Up","GB","Not Joined","Awin","19883","Category - Plumbing Tools","English","","2026-08-22 05:01:50","2026-08-22 05:01:45","482","https://productdata.awin.com/datafeed/download/apikey/fe83c200b3de1c6c14a8a28f5f7162cd/fid/19883/format/csv/language/en/delimiter/%2C/compression/gzip/adultcontent/1/columns/data_feed_id%2Cmerchant_id%2Cmerchant_name%2Caw_product_id%2Caw_deep_link%2Caw_image_url%2Caw_thumb_url%2Ccategory_id%2Ccategory_name%2Cbrand_id%2Cbrand_name%2Cmerchant_product_id%2Cmerchant_category%2Cean%2Cmpn%2Cproduct_name%2Cdescription%2Cmerchant_deep_link%2Cmerchant_image_url%2Csearch_price%2Crrp_price%2Cdelivery_cost%2Cin_stock%2Cstock_status/"
"496","Tooled Up","GB","Not Joined","Awin","19885","Category - Automotive Tools","English","","2026-08-22 05:04:45","2026-08-22 05:04:37","3412","https://productdata.awin.com/datafeed/download/apikey/fe83c200b3de1c6c14a8a28f5f7162cd/fid/19885/format/csv/language/en/delimiter/%2C/compression/gzip/adultcontent/1/columns/data_feed_id%2Cmerchant_id%2Cmerchant_name%2Caw_product_id%2Caw_deep_link%2Caw_image_url%2Caw_thumb_url%2Ccategory_id%2Ccategory_name%2Cbrand_id%2Cbrand_name%2Cmerchant_product_id%2Cmerchant_category%2Cean%2Cmpn%2Cproduct_name%2Cdescription%2Cmerchant_deep_link%2Cmerchant_image_url%2Csearch_price%2Crrp_price%2Cdelivery_cost%2Cin_stock%2Cstock_status/"
"496","Tooled Up","GB","Not Joined","Awin","19889","Category - Cycle & Motorcycle Tools","English","","2026-08-22 05:01:43","2026-08-22 05:01:39","121","https://productdata.awin.com/datafeed/download/apikey/fe83c200b3de1c6c14a8a28f5f7162cd/fid/19889/format/csv/language/en/delimiter/%2C/compression/gzip/adultcontent/1/columns/data_feed_id%2Cmerchant_id%2Cmerchant_name%2Caw_product_id%2Caw_deep_link%2Caw_image_url%2Caw_thumb_url%2Ccategory_id%2Ccategory_name%2Cbrand_id%2Cbrand_name%2Cmerchant_product_id%2Cmerchant_category%2Cean%2Cmpn%2Cproduct_name%2Cdescription%2Cmerchant_deep_link%2Cmerchant_image_url%2Csearch_price%2Crrp_price%2Cdelivery_cost%2Cin_stock%2Cstock_status/"
"496","Tooled Up","GB","Not Joined","Awin","19891","Category - Electrical Tools","English","","2026-08-22 05:01:59","2026-08-22 05:01:52","304","https://productdata.awin.com/datafeed/download/apikey/fe83c200b3de1c6c14a8a28f5f7162cd/fid/19891/format/csv/language/en/delimiter/%2C/compression/gzip/adultcontent/1/columns/data_feed_id%2Cmerchant_id%2Cmerchant_name%2Caw_product_id%2Caw_deep_link%2Caw_image_url%2Caw_thumb_url%2Ccategory_id%2Ccategory_name%2Cbrand_id%2Cbrand_name%2Cmerchant_product_id%2Cmerchant_category%2Cean%2Cmpn%2Cproduct_name%2Cdescription%2Cmerchant_deep_link%2Cmerchant_image_url%2Csearch_price%2Crrp_price%2Cdelivery_cost%2Cin_stock%2Cstock_status/"
"496","Tooled Up","GB","Not Joined","Awin","19893","Category - Workwear","English","","2026-08-22 05:07:03","2026-08-22 05:06:46","11497","https://productdata.awin.com/datafeed/download/apikey/fe83c200b3de1c6c14a8a28f5f7162cd/fid/19893/format/csv/language/en/delimiter/%2C/compression/gzip/adultcontent/1/columns/data_feed_id%2Cmerchant_id%2Cmerchant_name%2Caw_product_id%2Caw_deep_link%2Caw_image_url%2Caw_thumb_url%2Ccategory_id%2Ccategory_name%2Cbrand_id%2Cbrand_name%2Cmerchant_product_id%2Cmerchant_category%2Cean%2Cmpn%2Cproduct_name%2Cdescription%2Cmerchant_deep_link%2Cmerchant_image_url%2Csearch_price%2Crrp_price%2Cdelivery_cost%2Cin_stock%2Cstock_status/"
"496","Tooled Up","GB","Not Joined","Awin","20003","Category - Ladders","English","","2026-08-22 05:02:07","2026-08-22 05:02:02","298","https://productdata.awin.com/datafeed/download/apikey/fe83c200b3de1c6c14a8a28f5f7162cd/fid/20003/format/csv/language/en/delimiter/%2C/compression/gzip/adultcontent/1/columns/data_feed_id%2Cmerchant_id%2Cmerchant_name%2Caw_product_id%2Caw_deep_link%2Caw_image_url%2Caw_thumb_url%2Ccategory_id%2Ccategory_name%2Cbrand_id%2Cbrand_name%2Cmerchant_product_id%2Cmerchant_category%2Cean%2Cmpn%2Cproduct_name%2Cdescription%2Cmerchant_deep_link%2Cmerchant_image_url%2Csearch_price%2Crrp_price%2Cdelivery_cost%2Cin_stock%2Cstock_status/"
"496","Tooled Up","GB","Not Joined","Awin","20005","Category - Security","English","","2026-08-22 05:01:38","2026-08-22 05:01:33","709","https://productdata.awin.com/datafeed/download/apikey/fe83c200b3de1c6c14a8a28f5f7162cd/fid/20005/format/csv/language/en/delimiter/%2C/compression/gzip/adultcontent/1/columns/data_feed_id%2Cmerchant_id%2Cmerchant_name%2Caw_product_id%2Caw_deep_link%2Caw_image_url%2Caw_thumb_url%2Ccategory_id%2Ccategory_name%2Cbrand_id%2Cbrand_name%2Cmerchant_product_id%2Cmerchant_category%2Cean%2Cmpn%2Cproduct_name%2Cdescription%2Cmerchant_deep_link%2Cmerchant_image_url%2Csearch_price%2Crrp_price%2Cdelivery_cost%2Cin_stock%2Cstock_status/"
"496","Tooled Up","GB","Not Joined","Awin","20007","Category - Measuring Tools","English","","2026-08-22 05:02:45","2026-08-22 05:02:39","1077","https://productdata.awin.com/datafeed/download/apikey/fe83c200b3de1c6c14a8a28f5f7162cd/fid/20007/format/csv/language/en/delimiter/%2C/compression/gzip/adultcontent/1/columns/data_feed_id%2Cmerchant_id%2Cmerchant_name%2Caw_product_id%2Caw_deep_link%2Caw_image_url%2Caw_thumb_url%2Ccategory_id%2Ccategory_name%2Cbrand_id%2Cbrand_name%2Cmerchant_product_id%2Cmerchant_category%2Cean%2Cmpn%2Cproduct_name%2Cdescription%2Cmerchant_deep_link%2Cmerchant_image_url%2Csearch_price%2Crrp_price%2Cdelivery_cost%2Cin_stock%2Cstock_status/"
"496","Tooled Up","GB","Not Joined","Awin","20011","Category - Air Tools","English","","2026-08-22 05:03:04","2026-08-22 05:02:59","1004","https://productdata.awin.com/datafeed/download/apikey/fe83c200b3de1c6c14a8a28f5f7162cd/fid/20011/format/csv/language/en/delimiter/%2C/compression/gzip/adultcontent/1/columns/data_feed_id%2Cmerchant_id%2Cmerchant_name%2Caw_product_id%2Caw_deep_link%2Caw_image_url%2Caw_thumb_url%2Ccategory_id%2Ccategory_name%2Cbrand_id%2Cbrand_name%2Cmerchant_product_id%2Cmerchant_category%2Cean%2Cmpn%2Cproduct_name%2Cdescription%2Cmerchant_deep_link%2Cmerchant_image_url%2Csearch_price%2Crrp_price%2Cdelivery_cost%2Cin_stock%2Cstock_status/"
"496","Tooled Up","GB","Not Joined","Awin","20013","Category - Cleaning & Drainage","English","","2026-08-22 05:03:27","2026-08-22 05:03:20","1641","https://productdata.awin.com/datafeed/download/apikey/fe83c200b3de1c6c14a8a28f5f7162cd/fid/20013/format/csv/language/en/delimiter/%2C/compression/gzip/adultcontent/1/columns/data_feed_id%2Cmerchant_id%2Cmerchant_name%2Caw_product_id%2Caw_deep_link%2Caw_image_url%2Caw_thumb_url%2Ccategory_id%2Ccategory_name%2Cbrand_id%2Cbrand_name%2Cmerchant_product_id%2Cmerchant_category%2Cean%2Cmpn%2Cproduct_name%2Cdescription%2Cmerchant_deep_link%2Cmerchant_image_url%2Csearch_price%2Crrp_price%2Cdelivery_cost%2Cin_stock%2Cstock_status/"
"496","Tooled Up","GB","Not Joined","Awin","20015","Category - Fans & Heaters","English","","2026-08-22 05:01:31","2026-08-22 05:01:27","121","https://productdata.awin.com/datafeed/download/apikey/fe83c200b3de1c6c14a8a28f5f7162cd/fid/20015/format/csv/language/en/delimiter/%2C/compression/gzip/adultcontent/1/columns/data_feed_id%2Cmerchant_id%2Cmerchant_name%2Caw_product_id%2Caw_deep_link%2Caw_image_url%2Caw_thumb_url%2Ccategory_id%2Ccategory_name%2Cbrand_id%2Cbrand_name%2Cmerchant_product_id%2Cmerchant_category%2Cean%2Cmpn%2Cproduct_name%2Cdescription%2Cmerchant_deep_link%2Cmerchant_image_url%2Csearch_price%2Crrp_price%2Cdelivery_cost%2Cin_stock%2Cstock_status/"
"496","Tooled Up","GB","Not Joined","Awin","20017","Category - Detectors & Testers","English","","2026-08-22 05:02:13","2026-08-22 05:02:09","167","https://productdata.awin.com/datafeed/download/apikey/fe83c200b3de1c6c14a8a28f5f7162cd/fid/20017/format/csv/language/en/delimiter/%2C/compression/gzip/adultcontent/1/columns/data_feed_id%2Cmerchant_id%2Cmerchant_name%2Caw_product_id%2Caw_deep_link%2Caw_image_url%2Caw_thumb_url%2Ccategory_id%2Ccategory_name%2Cbrand_id%2Cbrand_name%2Cmerchant_product_id%2Cmerchant_category%2Cean%2Cmpn%2Cproduct_name%2Cdescription%2Cmerchant_deep_link%2Cmerchant_image_url%2Csearch_price%2Crrp_price%2Cdelivery_cost%2Cin_stock%2Cstock_status/"
"496","Tooled Up","GB","Not Joined","Awin","20019","Category - Power Tool Accessories","English","","2026-08-22 05:07:34","2026-08-22 05:07:06","23795","https://productdata.awin.com/datafeed/download/apikey/fe83c200b3de1c6c14a8a28f5f7162cd/fid/20019/format/csv/language/en/delimiter/%2C/compression/gzip/adultcontent/1/columns/data_feed_id%2Cmerchant_id%2Cmerchant_name%2Caw_product_id%2Caw_deep_link%2Caw_image_url%2Caw_thumb_url%2Ccategory_id%2Ccategory_name%2Cbrand_id%2Cbrand_name%2Cmerchant_product_id%2Cmerchant_category%2Cean%2Cmpn%2Cproduct_name%2Cdescription%2Cmerchant_deep_link%2Cmerchant_image_url%2Csearch_price%2Crrp_price%2Cdelivery_cost%2Cin_stock%2Cstock_status/"
"496","Tooled Up","GB","Not Joined","Awin","20023","Brand - Bosch Professional","English","","2026-08-22 05:04:36","2026-08-22 05:04:24","4181","https://productdata.awin.com/datafeed/download/apikey/fe83c200b3de1c6c14a8a28f5f7162cd/fid/20023/format/csv/language/en/delimiter/%2C/compression/gzip/adultcontent/1/columns/data_feed_id%2Cmerchant_id%2Cmerchant_name%2Caw_product_id%2Caw_deep_link%2Caw_image_url%2Caw_thumb_url%2Ccategory_id%2Ccategory_name%2Cbrand_id%2Cbrand_name%2Cmerchant_product_id%2Cmerchant_category%2Cean%2Cmpn%2Cproduct_name%2Cdescription%2Cmerchant_deep_link%2Cmerchant_image_url%2Csearch_price%2Crrp_price%2Cdelivery_cost%2Cin_stock%2Cstock_status/"
"496","Tooled Up","GB","Not Joined","Awin","20025","Brand - Dewalt","English","","2026-08-22 05:04:14","2026-08-22 05:04:03","2521","https://productdata.awin.com/datafeed/download/apikey/fe83c200b3de1c6c14a8a28f5f7162cd/fid/20025/format/csv/language/en/delimiter/%2C/compression/gzip/adultcontent/1/columns/data_feed_id%2Cmerchant_id%2Cmerchant_name%2Caw_product_id%2Caw_deep_link%2Caw_image_url%2Caw_thumb_url%2Ccategory_id%2Ccategory_name%2Cbrand_id%2Cbrand_name%2Cmerchant_product_id%2Cmerchant_category%2Cean%2Cmpn%2Cproduct_name%2Cdescription%2Cmerchant_deep_link%2Cmerchant_image_url%2Csearch_price%2Crrp_price%2Cdelivery_cost%2Cin_stock%2Cstock_status/"
"496","Tooled Up","GB","Not Joined","Awin","20027","Brand - Draper","English","","2026-08-22 05:05:16","2026-08-22 05:05:05","6334","https://productdata.awin.com/datafeed/download/apikey/fe83c200b3de1c6c14a8a28f5f7162cd/fid/20027/format/csv/language/en/delimiter/%2C/compression/gzip/adultcontent/1/columns/data_feed_id%2Cmerchant_id%2Cmerchant_name%2Caw_product_id%2Caw_deep_link%2Caw_image_url%2Caw_thumb_url%2Ccategory_id%2Ccategory_name%2Cbrand_id%2Cbrand_name%2Cmerchant_product_id%2Cmerchant_category%2Cean%2Cmpn%2Cproduct_name%2Cdescription%2Cmerchant_deep_link%2Cmerchant_image_url%2Csearch_price%2Crrp_price%2Cdelivery_cost%2Cin_stock%2Cstock_status/"
"496","Tooled Up","GB","Not Joined","Awin","20029","Brand - Karcher H&G","English","","2026-08-22 06:01:48","2026-08-22 06:01:44","335","https://productdata.awin.com/datafeed/download/apikey/fe83c200b3de1c6c14a8a28f5f7162cd/fid/20029/format/csv/language/en/delimiter/%2C/compression/gzip/adultcontent/1/columns/data_feed_id%2Cmerchant_id%2Cmerchant_name%2Caw_product_id%2Caw_deep_link%2Caw_image_url%2Caw_thumb_url%2Ccategory_id%2Ccategory_name%2Cbrand_id%2Cbrand_name%2Cmerchant_product_id%2Cmerchant_category%2Cean%2Cmpn%2Cproduct_name%2Cdescription%2Cmerchant_deep_link%2Cmerchant_image_url%2Csearch_price%2Crrp_price%2Cdelivery_cost%2Cin_stock%2Cstock_status/"
"496","Tooled Up","GB","Not Joined","Awin","20033","Brand - Makita","English","","2026-08-22 05:03:55","2026-08-22 05:03:46","4526","https://productdata.awin.com/datafeed/download/apikey/fe83c200b3de1c6c14a8a28f5f7162cd/fid/20033/format/csv/language/en/delimiter/%2C/compression/gzip/adultcontent/1/columns/data_feed_id%2Cmerchant_id%2Cmerchant_name%2Caw_product_id%2Caw_deep_link%2Caw_image_url%2Caw_thumb_url%2Ccategory_id%2Ccategory_name%2Cbrand_id%2Cbrand_name%2Cmerchant_product_id%2Cmerchant_category%2Cean%2Cmpn%2Cproduct_name%2Cdescription%2Cmerchant_deep_link%2Cmerchant_image_url%2Csearch_price%2Crrp_price%2Cdelivery_cost%2Cin_stock%2Cstock_status/"
"496","Tooled Up","GB","Not Joined","Awin","20035","Brand - Sealey","English","","2026-08-22 05:06:01","2026-08-22 05:05:45","10111","https://productdata.awin.com/datafeed/download/apikey/fe83c200b3de1c6c14a8a28f5f7162cd/fid/20035/format/csv/language/en/delimiter/%2C/compression/gzip/adultcontent/1/columns/data_feed_id%2Cmerchant_id%2Cmerchant_name%2Caw_product_id%2Caw_deep_link%2Caw_image_url%2Caw_thumb_url%2Ccategory_id%2Ccategory_name%2Cbrand_id%2Cbrand_name%2Cmerchant_product_id%2Cmerchant_category%2Cean%2Cmpn%2Cproduct_name%2Cdescription%2Cmerchant_deep_link%2Cmerchant_image_url%2Csearch_price%2Crrp_price%2Cdelivery_cost%2Cin_stock%2Cstock_status/"
"496","Tooled Up","GB","Not Joined","Awin","20037","Brand - Spear & Jackson","English","","2026-08-22 05:02:24","2026-08-22 05:02:19","352","https://productdata.awin.com/datafeed/download/apikey/fe83c200b3de1c6c14a8a28f5f7162cd/fid/20037/format/csv/language/en/delimiter/%2C/compression/gzip/adultcontent/1/columns/data_feed_id%2Cmerchant_id%2Cmerchant_name%2Caw_product_id%2Caw_deep_link%2Caw_image_url%2Caw_thumb_url%2Ccategory_id%2Ccategory_name%2Cbrand_id%2Cbrand_name%2Cmerchant_product_id%2Cmerchant_category%2Cean%2Cmpn%2Cproduct_name%2Cdescription%2Cmerchant_deep_link%2Cmerchant_image_url%2Csearch_price%2Crrp_price%2Cdelivery_cost%2Cin_stock%2Cstock_status/"
"496","Tooled Up","GB","Not Joined","Awin","20039","Brand - Stanley","English","","2026-08-22 05:03:43","2026-08-22 05:03:37","1815","https://productdata.awin.com/datafeed/download/apikey/fe83c200b3de1c6c14a8a28f5f7162cd/fid/20039/format/csv/language/en/delimiter/%2C/compression/gzip/adultcontent/1/columns/data_feed_id%2Cmerchant_id%2Cmerchant_name%2Caw_product_id%2Caw_deep_link%2Caw_image_url%2Caw_thumb_url%2Ccategory_id%2Ccategory_name%2Cbrand_id%2Cbrand_name%2Cmerchant_product_id%2Cmerchant_category%2Cean%2Cmpn%2Cproduct_name%2Cdescription%2Cmerchant_deep_link%2Cmerchant_image_url%2Csearch_price%2Crrp_price%2Cdelivery_cost%2Cin_stock%2Cstock_status/"
"496","Tooled Up","GB","Not Joined","Awin","20041","Brand - Trend Routing","English","","2026-08-22 05:02:51","2026-08-22 05:02:46","1707","https://productdata.awin.com/datafeed/download/apikey/fe83c200b3de1c6c14a8a28f5f7162cd/fid/20041/format/csv/language/en/delimiter/%2C/compression/gzip/adultcontent/1/columns/data_feed_id%2Cmerchant_id%2Cmerchant_name%2Caw_product_id%2Caw_deep_link%2Caw_image_url%2Caw_thumb_url%2Ccategory_id%2Ccategory_name%2Cbrand_id%2Cbrand_name%2Cmerchant_product_id%2Cmerchant_category%2Cean%2Cmpn%2Cproduct_name%2Cdescription%2Cmerchant_deep_link%2Cmerchant_image_url%2Csearch_price%2Crrp_price%2Cdelivery_cost%2Cin_stock%2Cstock_status/"
"496","Tooled Up","GB","Not Joined","Awin","20043","Brand - Facom","English","","2026-08-22 05:03:35","2026-08-22 05:03:30","1823","https://productdata.awin.com/datafeed/download/apikey/fe83c200b3de1c6c14a8a28f5f7162cd/fid/20043/format/csv/language/en/delimiter/%2C/compression/gzip/adultcontent/1/columns/data_feed_id%2Cmerchant_id%2Cmerchant_name%2Caw_product_id%2Caw_deep_link%2Caw_image_url%2Caw_thumb_url%2Ccategory_id%2Ccategory_name%2Cbrand_id%2Cbrand_name%2Cmerchant_product_id%2Cmerchant_category%2Cean%2Cmpn%2Cproduct_name%2Cdescription%2Cmerchant_deep_link%2Cmerchant_image_url%2Csearch_price%2Crrp_price%2Cdelivery_cost%2Cin_stock%2Cstock_status/"
"496","Tooled Up","GB","Not Joined","Awin","20045","Brand - Gardena","English","","2026-08-22 05:01:27","2026-08-22 05:01:22","539","https://productdata.awin.com/datafeed/download/apikey/fe83c200b3de1c6c14a8a28f5f7162cd/fid/20045/format/csv/language/en/delimiter/%2C/compression/gzip/adultcontent/1/columns/data_feed_id%2Cmerchant_id%2Cmerchant_name%2Caw_product_id%2Caw_deep_link%2Caw_image_url%2Caw_thumb_url%2Ccategory_id%2Ccategory_name%2Cbrand_id%2Cbrand_name%2Cmerchant_product_id%2Cmerchant_category%2Cean%2Cmpn%2Cproduct_name%2Cdescription%2Cmerchant_deep_link%2Cmerchant_image_url%2Csearch_price%2Crrp_price%2Cdelivery_cost%2Cin_stock%2Cstock_status/"
"496","Tooled Up","GB","Not Joined","Awin","20051","Brand - Black & Decker","English","","2026-08-22 05:02:29","2026-08-22 05:02:25","348","https://productdata.awin.com/datafeed/download/apikey/fe83c200b3de1c6c14a8a28f5f7162cd/fid/20051/format/csv/language/en/delimiter/%2C/compression/gzip/adultcontent/1/columns/data_feed_id%2Cmerchant_id%2Cmerchant_name%2Caw_product_id%2Caw_deep_link%2Caw_image_url%2Caw_thumb_url%2Ccategory_id%2Ccategory_name%2Cbrand_id%2Cbrand_name%2Cmerchant_product_id%2Cmerchant_category%2Cean%2Cmpn%2Cproduct_name%2Cdescription%2Cmerchant_deep_link%2Cmerchant_image_url%2Csearch_price%2Crrp_price%2Cdelivery_cost%2Cin_stock%2Cstock_status/"
"496","Tooled Up","GB","Not Joined","Awin","20179","Brand - Bosch Home & Garden","English","","2026-08-22 05:03:11","2026-08-22 05:03:06","1015","https://productdata.awin.com/datafeed/download/apikey/fe83c200b3de1c6c14a8a28f5f7162cd/fid/20179/format/csv/language/en/delimiter/%2C/compression/gzip/adultcontent/1/columns/data_feed_id%2Cmerchant_id%2Cmerchant_name%2Caw_product_id%2Caw_deep_link%2Caw_image_url%2Caw_thumb_url%2Ccategory_id%2Ccategory_name%2Cbrand_id%2Cbrand_name%2Cmerchant_product_id%2Cmerchant_category%2Cean%2Cmpn%2Cproduct_name%2Cdescription%2Cmerchant_deep_link%2Cmerchant_image_url%2Csearch_price%2Crrp_price%2Cdelivery_cost%2Cin_stock%2Cstock_status/"
"12044","AliExpress PL","PL","Not Joined","Awin","21661","Mobile Phone Accessories & Parts","English","","2026-08-22 14:44:37","2026-08-22 14:44:21","332","https://productdata.awin.com/datafeed/download/apikey/fe83c200b3de1c6c14a8a28f5f7162cd/fid/21661/format/csv/language/en/delimiter/%2C/compression/gzip/columns/data_feed_id%2Cmerchant_id%2Cmerchant_name%2Caw_product_id%2Caw_deep_link%2Caw_image_url%2Caw_thumb_url%2Ccategory_id%2Ccategory_name%2Cbrand_id%2Cbrand_name%2Cmerchant_product_id%2Cmerchant_category%2Cproduct_name%2Cmerchant_deep_link%2Cmerchant_image_url%2Ccurrency%2Csearch_price%2Cstock_quantity%2Crating%2Calternate_image%2Cmerchant_product_category_path%2Cmerchant_product_second_category%2Csavings_percent%2Cproduct_price_old%2Calternate_image_two%2Calternate_image_three%2Calternate_image_four/"
"12044","AliExpress PL","PL","Not Joined","Awin","21665","Men's Clothing","English","","2026-08-22 14:43:36","2026-08-22 14:43:20","377","https://productdata.awin.com/datafeed/download/apikey/fe83c200b3de1c6c14a8a28f5f7162cd/fid/21665/format/csv/language/en/delimiter/%2C/compression/gzip/columns/data_feed_id%2Cmerchant_id%2Cmerchant_name%2Caw_product_id%2Caw_deep_link%2Caw_image_url%2Caw_thumb_url%2Ccategory_id%2Ccategory_name%2Cbrand_id%2Cbrand_name%2Cmerchant_product_id%2Cmerchant_category%2Cproduct_name%2Cmerchant_deep_link%2Cmerchant_image_url%2Ccurrency%2Csearch_price%2Cstock_quantity%2Crating%2Calternate_image%2Cmerchant_product_category_path%2Cmerchant_product_second_category%2Csavings_percent%2Cproduct_price_old%2Calternate_image_two%2Calternate_image_three%2Calternate_image_four/"
"12044","AliExpress PL","PL","Not Joined","Awin","21667","Women's Clothing","English","","2026-08-22 14:41:14","2026-08-22 14:40:59","317","https://productdata.awin.com/datafeed/download/apikey/fe83c200b3de1c6c14a8a28f5f7162cd/fid/21667/format/csv/language/en/delimiter/%2C/compression/gzip/columns/data_feed_id%2Cmerchant_id%2Cmerchant_name%2Caw_product_id%2Caw_deep_link%2Caw_image_url%2Caw_thumb_url%2Ccategory_id%2Ccategory_name%2Cbrand_id%2Cbrand_name%2Cmerchant_product_id%2Cproduct_name%2Cmerchant_deep_link%2Cmerchant_image_url%2Cvalid_to%2Ccurrency%2Csearch_price%2Cstock_quantity%2Ccustom_1%2Crating%2Cmerchant_product_category_path%2Cmerchant_product_second_category%2Csavings_percent%2Cproduct_price_old%2Calternate_image_two%2Calternate_image_three%2Calternate_image_four/"
"12044","AliExpress PL","PL","Not Joined","Awin","21687","Telephones & Accessories","English","","2026-08-22 14:39:33","2026-08-22 14:39:20","3102","https://productdata.awin.com/datafeed/download/apikey/fe83c200b3de1c6c14a8a28f5f7162cd/fid/21687/format/csv/language/en/delimiter/%2C/compression/gzip/columns/data_feed_id%2Cmerchant_id%2Cmerchant_name%2Caw_product_id%2Caw_deep_link%2Caw_image_url%2Caw_thumb_url%2Ccategory_id%2Ccategory_name%2Cbrand_id%2Cbrand_name%2Cmerchant_product_id%2Cmerchant_category%2Cproduct_name%2Cmerchant_deep_link%2Cmerchant_image_url%2Ccurrency%2Csearch_price%2Cstock_quantity%2Crating%2Calternate_image%2Cmerchant_product_category_path%2Cmerchant_product_second_category%2Csavings_percent%2Cproduct_price_old%2Calternate_image_two%2Calternate_image_three%2Calternate_image_four/"
"12044","AliExpress PL","PL","Not Joined","Awin","21695","Jewelry Accessories","English","","2026-08-22 14:42:33","2026-08-22 14:42:20","333","https://productdata.awin.com/datafeed/download/apikey/fe83c200b3de1c6c14a8a28f5f7162cd/fid/21695/format/csv/language/en/delimiter/%2C/compression/gzip/columns/data_feed_id%2Cmerchant_id%2Cmerchant_name%2Caw_product_id%2Caw_deep_link%2Caw_image_url%2Caw_thumb_url%2Ccategory_id%2Ccategory_name%2Cbrand_id%2Cbrand_name%2Cmerchant_product_id%2Cmerchant_category%2Cproduct_name%2Cmerchant_deep_link%2Cmerchant_image_url%2Ccurrency%2Csearch_price%2Cstock_quantity%2Crating%2Calternate_image%2Cmerchant_product_category_path%2Cmerchant_product_second_category%2Csavings_percent%2Cproduct_price_old%2Calternate_image_two%2Calternate_image_three%2Calternate_image_four/"
"12044","AliExpress PL","PL","Not Joined","Awin","21701","Communication & Equipment","English","","2026-08-22 14:45:18","2026-08-22 14:45:01","357","https://productdata.awin.com/datafeed/download/apikey/fe83c200b3de1c6c14a8a28f5f7162cd/fid/21701/format/csv/language/en/delimiter/%2C/compression/gzip/columns/data_feed_id%2Cmerchant_id%2Cmerchant_name%2Caw_product_id%2Caw_deep_link%2Caw_image_url%2Caw_thumb_url%2Ccategory_id%2Ccategory_name%2Cbrand_id%2Cbrand_name%2Cmerchant_product_id%2Cmerchant_category%2Cproduct_name%2Cmerchant_deep_link%2Cmerchant_image_url%2Ccurrency%2Csearch_price%2Cstock_quantity%2Crating%2Calternate_image%2Cmerchant_product_category_path%2Cmerchant_product_second_category%2Csavings_percent%2Cproduct_price_old%2Calternate_image_two%2Calternate_image_three%2Calternate_image_four/"
"12044","AliExpress PL","PL","Not Joined","Awin","21725","Home & Garden","English","","2026-08-22 14:43:14","2026-08-22 14:43:00","357","https://productdata.awin.com/datafeed/download/apikey/fe83c200b3de1c6c14a8a28f5f7162cd/fid/21725/format/csv/language/en/delimiter/%2C/compression/gzip/columns/data_feed_id%2Cmerchant_id%2Cmerchant_name%2Caw_product_id%2Caw_deep_link%2Caw_image_url%2Caw_thumb_url%2Ccategory_id%2Ccategory_name%2Cbrand_id%2Cbrand_name%2Cmerchant_product_id%2Cmerchant_category%2Cproduct_name%2Cmerchant_deep_link%2Cmerchant_image_url%2Ccurrency%2Csearch_price%2Cstock_quantity%2Crating%2Calternate_image%2Cmerchant_product_category_path%2Cmerchant_product_second_category%2Csavings_percent%2Cproduct_price_old%2Calternate_image_two%2Calternate_image_three%2Calternate_image_four/"
"12044","AliExpress PL","PL","Not Joined","Awin","21727","Furniture","English","","2026-08-22 14:39:55","2026-08-22 14:39:39","334","https://productdata.awin.com/datafeed/download/apikey/fe83c200b3de1c6c14a8a28f5f7162cd/fid/21727/format/csv/language/en/delimiter/%2C/compression/gzip/columns/data_feed_id%2Cmerchant_id%2Cmerchant_name%2Caw_product_id%2Caw_deep_link%2Caw_image_url%2Caw_thumb_url%2Ccategory_id%2Ccategory_name%2Cbrand_id%2Cbrand_name%2Cmerchant_product_id%2Cmerchant_category%2Cproduct_name%2Cmerchant_deep_link%2Cmerchant_image_url%2Ccurrency%2Csearch_price%2Cstock_quantity%2Crating%2Calternate_image%2Cmerchant_product_category_path%2Cmerchant_product_second_category%2Csavings_percent%2Cproduct_price_old%2Calternate_image_two%2Calternate_image_three%2Calternate_image_four/"
"12044","AliExpress PL","PL","Not Joined","Awin","21729","Mobile Phones","English","","2026-08-22 14:45:37","2026-08-22 14:45:21","4237","https://productdata.awin.com/datafeed/download/apikey/fe83c200b3de1c6c14a8a28f5f7162cd/fid/21729/format/csv/language/en/delimiter/%2C/compression/gzip/columns/data_feed_id%2Cmerchant_id%2Cmerchant_name%2Caw_product_id%2Caw_deep_link%2Caw_image_url%2Caw_thumb_url%2Ccategory_id%2Ccategory_name%2Cbrand_id%2Cbrand_name%2Cmerchant_product_id%2Cmerchant_category%2Cproduct_name%2Cmerchant_deep_link%2Cmerchant_image_url%2Ccurrency%2Csearch_price%2Cstock_quantity%2Crating%2Calternate_image%2Cmerchant_product_category_path%2Cmerchant_product_second_category%2Csavings_percent%2Cproduct_price_old%2Calternate_image_two%2Calternate_image_three%2Calternate_image_four/"
"12044","AliExpress PL","PL","Not Joined","Awin","21841","Home_Appliances","English","","2026-08-22 14:40:32","2026-08-22 14:40:20","319","https://productdata.awin.com/datafeed/download/apikey/fe83c200b3de1c6c14a8a28f5f7162cd/fid/21841/format/csv/language/en/delimiter/%2C/compression/gzip/columns/data_feed_id%2Cmerchant_id%2Cmerchant_name%2Caw_product_id%2Caw_deep_link%2Caw_image_url%2Caw_thumb_url%2Ccategory_id%2Ccategory_name%2Cbrand_id%2Cbrand_name%2Cmerchant_product_id%2Cmerchant_category%2Cproduct_name%2Cmerchant_deep_link%2Cmerchant_image_url%2Ccurrency%2Csearch_price%2Cstock_quantity%2Csaving%2Crating%2Calternate_image%2Cmerchant_product_category_path%2Cmerchant_product_second_category%2Cproduct_price_old%2Calternate_image_two%2Calternate_image_three%2Calternate_image_four/"
"12044","AliExpress PL","PL","Not Joined","Awin","21843","Electrical_Equipment_Supplies","English","","2026-08-22 14:42:51","2026-08-22 14:42:35","349","https://productdata.awin.com/datafeed/download/apikey/fe83c200b3de1c6c14a8a28f5f7162cd/fid/21843/format/csv/language/en/delimiter/%2C/compression/gzip/columns/data_feed_id%2Cmerchant_id%2Cmerchant_name%2Caw_product_id%2Caw_deep_link%2Caw_image_url%2Caw_thumb_url%2Ccategory_id%2Ccategory_name%2Cbrand_id%2Cbrand_name%2Cmerchant_product_id%2Cmerchant_category%2Cproduct_name%2Cmerchant_deep_link%2Cmerchant_image_url%2Ccurrency%2Csearch_price%2Cstock_quantity%2Crating%2Calternate_image%2Cmerchant_product_category_path%2Cmerchant_product_second_category%2Csavings_percent%2Cproduct_price_old%2Calternate_image_two%2Calternate_image_three%2Calternate_image_four/"
"12044","AliExpress PL","PL","Not Joined","Awin","21847","Consumer_Electronics","English","","2026-08-22 14:44:14","2026-08-22 14:44:00","373","https://productdata.awin.com/datafeed/download/apikey/fe83c200b3de1c6c14a8a28f5f7162cd/fid/21847/format/csv/language/en/delimiter/%2C/compression/gzip/columns/data_feed_id%2Cmerchant_id%2Cmerchant_name%2Caw_product_id%2Caw_deep_link%2Caw_image_url%2Caw_thumb_url%2Ccategory_id%2Ccategory_name%2Cbrand_id%2Cbrand_name%2Cmerchant_product_id%2Cmerchant_category%2Cproduct_name%2Cmerchant_deep_link%2Cmerchant_image_url%2Ccurrency%2Csearch_price%2Cstock_quantity%2Crating%2Calternate_image%2Cmerchant_product_category_path%2Cmerchant_product_second_category%2Csavings_percent%2Cproduct_price_old%2Calternate_image_two%2Calternate_image_three%2Calternate_image_four/"
"12044","AliExpress PL","PL","Not Joined","Awin","21849","Beauty_Health","English","","2026-08-22 14:42:13","2026-08-22 14:42:00","318","https://productdata.awin.com/datafeed/download/apikey/fe83c200b3de1c6c14a8a28f5f7162cd/fid/21849/format/csv/language/en/delimiter/%2C/compression/gzip/columns/data_feed_id%2Cmerchant_id%2Cmerchant_name%2Caw_product_id%2Caw_deep_link%2Caw_image_url%2Caw_thumb_url%2Ccategory_id%2Ccategory_name%2Cbrand_id%2Cbrand_name%2Cmerchant_product_id%2Cmerchant_category%2Cproduct_name%2Cmerchant_deep_link%2Cmerchant_image_url%2Ccurrency%2Csearch_price%2Cstock_quantity%2Crating%2Calternate_image%2Cmerchant_product_category_path%2Cmerchant_product_second_category%2Csavings_percent%2Cproduct_price_old%2Calternate_image_two%2Calternate_image_three%2Calternate_image_four/"
"12044","AliExpress PL","PL","Not Joined","Awin","21851","Automobiles_Motorcycles","English","","2026-08-22 14:40:52","2026-08-22 14:40:39","353","https://productdata.awin.com/datafeed/download/apikey/fe83c200b3de1c6c14a8a28f5f7162cd/fid/21851/format/csv/language/en/delimiter/%2C/compression/gzip/columns/data_feed_id%2Cmerchant_id%2Cmerchant_name%2Caw_product_id%2Caw_deep_link%2Caw_image_url%2Caw_thumb_url%2Ccategory_id%2Ccategory_name%2Cbrand_id%2Cbrand_name%2Cmerchant_product_id%2Cmerchant_category%2Cproduct_name%2Cmerchant_deep_link%2Cmerchant_image_url%2Ccurrency%2Csearch_price%2Cstock_quantity%2Crating%2Calternate_image%2Cmerchant_product_category_path%2Cmerchant_product_second_category%2Csavings_percent%2Cproduct_price_old%2Calternate_image_two%2Calternate_image_three%2Calternate_image_four/"
"12044","AliExpress PL","PL","Not Joined","Awin","21853","Underwear","English","","2026-08-22 14:41:55","2026-08-22 14:41:40","353","https://productdata.awin.com/datafeed/download/apikey/fe83c200b3de1c6c14a8a28f5f7162cd/fid/21853/format/csv/language/en/delimiter/%2C/compression/gzip/columns/data_feed_id%2Cmerchant_id%2Cmerchant_name%2Caw_product_id%2Caw_deep_link%2Caw_image_url%2Caw_thumb_url%2Ccategory_id%2Ccategory_name%2Cbrand_id%2Cbrand_name%2Cmerchant_product_id%2Cmerchant_category%2Cproduct_name%2Cmerchant_deep_link%2Cmerchant_image_url%2Ccurrency%2Csearch_price%2Cstock_quantity%2Csaving%2Crating%2Calternate_image%2Cmerchant_product_category_path%2Cmerchant_product_second_category%2Cproduct_price_old%2Calternate_image_two%2Calternate_image_three%2Calternate_image_four/"
"12044","AliExpress PL","PL","Not Joined","Awin","21855","Mother & Kids","English","","2026-08-22 14:40:13","2026-08-22 14:39:59","370","https://productdata.awin.com/datafeed/download/apikey/fe83c200b3de1c6c14a8a28f5f7162cd/fid/21855/format/csv/language/en/delimiter/%2C/compression/gzip/columns/data_feed_id%2Cmerchant_id%2Cmerchant_name%2Caw_product_id%2Caw_deep_link%2Caw_image_url%2Caw_thumb_url%2Ccategory_id%2Ccategory_name%2Cbrand_id%2Cbrand_name%2Cmerchant_product_id%2Cmerchant_category%2Cproduct_name%2Cmerchant_deep_link%2Cmerchant_image_url%2Ccurrency%2Csearch_price%2Cstock_quantity%2Crating%2Calternate_image%2Cmerchant_product_category_path%2Cmerchant_product_second_category%2Csavings_percent%2Cproduct_price_old%2Calternate_image_two%2Calternate_image_three%2Calternate_image_four/"
"12044","AliExpress PL","PL","Not Joined","Awin","24327","Office & School Supplies","English","","2026-08-22 14:43:53","2026-08-22 14:43:40","350","https://productdata.awin.com/datafeed/download/apikey/fe83c200b3de1c6c14a8a28f5f7162cd/fid/24327/format/csv/language/en/delimiter/%2C/compression/gzip/columns/data_feed_id%2Cmerchant_id%2Cmerchant_name%2Caw_product_id%2Caw_deep_link%2Caw_image_url%2Caw_thumb_url%2Ccategory_id%2Ccategory_name%2Cbrand_id%2Cbrand_name%2Cmerchant_product_id%2Cmerchant_category%2Cproduct_name%2Cmerchant_deep_link%2Cmerchant_image_url%2Ccurrency%2Csearch_price%2Cstock_quantity%2Crating%2Calternate_image%2Cmerchant_product_category_path%2Cmerchant_product_second_category%2Csavings_percent%2Cproduct_price_old%2Calternate_image_two%2Calternate_image_three%2Calternate_image_four/"
"13435","Legimi PL","PL","Not Joined","Awin","28439","Legimi PL","Polish","","2025-01-12 20:28:02","2026-08-22 16:03:21","386392","https://productdata.awin.com/datafeed/download/apikey/fe83c200b3de1c6c14a8a28f5f7162cd/fid/28439/format/csv/language/pl/delimiter/%2C/compression/gzip/columns/data_feed_id%2Cmerchant_id%2Cmerchant_name%2Caw_product_id%2Caw_deep_link%2Caw_image_url%2Caw_thumb_url%2Ccategory_id%2Ccategory_name%2Cbrand_id%2Cbrand_name%2Cmerchant_product_id%2Cmerchant_category%2Cisbn%2Cproduct_name%2Cdescription%2Cmerchant_deep_link%2Cmerchant_image_url%2Csearch_price%2Cstock_quantity%2Ccustom_1%2Ccustom_2%2Ccustom_3%2Ccustom_4%2Ccustom_5%2Cstock_status%2Ccustom_6/"
"15112","Tirendo UK","GB","Not Joined","Awin","32457","TIRENDO UK","English","","2026-08-22 16:26:01","2026-08-22 16:25:10","41647","https://productdata.awin.com/datafeed/download/apikey/fe83c200b3de1c6c14a8a28f5f7162cd/fid/32457/format/csv/language/en/delimiter/%2C/compression/gzip/adultcontent/1/columns/data_feed_id%2Cmerchant_id%2Cmerchant_name%2Caw_product_id%2Caw_deep_link%2Caw_image_url%2Caw_thumb_url%2Ccategory_id%2Ccategory_name%2Cbrand_id%2Cbrand_name%2Cmerchant_product_id%2Cmerchant_category%2Cean%2Cmpn%2Cproduct_name%2Cspecifications%2Cmerchant_deep_link%2Cmerchant_image_url%2Cdelivery_time%2Ccurrency%2Csearch_price%2Crrp_price%2Cdelivery_cost%2Cstock_quantity%2Ccustom_1%2Ccustom_2%2Ccustom_3%2Ccustom_4%2Ccustom_5%2Calternate_image%2Cproduct_model%2Cmerchant_product_second_category%2Cmerchant_product_third_category%2Cstock_status%2Ccustom_6%2Ccustom_7%2Ccustom_8%2Ccustom_9/"
"15079","Blitec DE","DE","Not Joined","Awin","35537","Default","German","","2026-08-22 09:04:36","2026-08-22 09:03:31","70257","https://productdata.awin.com/datafeed/download/apikey/fe83c200b3de1c6c14a8a28f5f7162cd/fid/35537/format/csv/language/de/delimiter/%2C/compression/gzip/columns/data_feed_id%2Cmerchant_id%2Cmerchant_name%2Caw_product_id%2Caw_deep_link%2Caw_image_url%2Caw_thumb_url%2Ccategory_id%2Ccategory_name%2Cbrand_id%2Cbrand_name%2Cmerchant_product_id%2Cmerchant_category%2Cean%2Cmpn%2Cmodel_number%2Cproduct_name%2Cdescription%2Cmerchant_deep_link%2Cmerchant_image_url%2Cdelivery_time%2Ccurrency%2Csearch_price%2Cdelivery_cost%2Cin_stock%2Cstock_quantity%2Ccondition%2Cdelivery_weight%2Cmerchant_product_category_path/"
"1463","Sport and Leisure UK","GB","Not Joined","Awin","37875","SLUK on M2","English","","2026-07-29 06:01:47","2026-08-03 06:01:28","346","https://productdata.awin.com/datafeed/download/apikey/fe83c200b3de1c6c14a8a28f5f7162cd/fid/37875/format/csv/language/en/delimiter/%2C/compression/gzip/adultcontent/1/columns/aw_deep_link%2Cproduct_name%2Caw_product_id%2Cmerchant_product_id%2Cmerchant_image_url%2Cdescription%2Cmerchant_category%2Csearch_price%2Cmerchant_name%2Cmerchant_id%2Ccategory_name%2Ccategory_id%2Caw_image_url%2Ccurrency%2Cstore_price%2Cdelivery_cost%2Cmerchant_deep_link%2Clanguage%2Clast_updated%2Cbrand_name%2Cbrand_id%2Ccolour%2Cproduct_short_description%2Cspecifications%2Ccondition%2Cproduct_model%2Cmodel_number%2Cdimensions%2Ckeywords%2Cpromotional_text%2Cproduct_type%2Ccommission_group%2Cmerchant_product_category_path%2Cmerchant_product_second_category%2Cmerchant_product_third_category%2Crrp_price%2Csaving%2Csavings_percent%2Cbase_price%2Cbase_price_amount%2Cbase_price_text%2Cproduct_price_old%2Cdelivery_restrictions%2Cdelivery_weight%2Cwarranty%2Cterms_of_contract%2Cdelivery_time%2Cin_stock%2Cstock_quantity%2Cvalid_from%2Cvalid_to%2Cis_for_sale%2Cweb_offer%2Cpre_order%2Cstock_status%2Csize_stock_status%2Csize_stock_amount%2Cmerchant_thumb_url%2Clarge_image%2Calternate_image%2Caw_thumb_url%2Calternate_image_two%2Calternate_image_three%2Calternate_image_four%2Creviews%2Caverage_rating%2Crating%2Cnumber_available%2Ccustom_1%2Ccustom_2%2Ccustom_3%2Ccustom_4%2Ccustom_5%2Ccustom_6%2Ccustom_7%2Ccustom_8%2Ccustom_9%2Cean%2Cisbn%2Cupc%2Cmpn%2Cparent_product_id%2Cproduct_GTIN%2Cbasket_link/"
"17412","Profichemie.com DE","DE","Not Joined","Awin","38189","Default","German","","2026-08-21 16:01:26","2026-08-22 16:01:33","84","https://productdata.awin.com/datafeed/download/apikey/fe83c200b3de1c6c14a8a28f5f7162cd/fid/38189/format/csv/language/de/delimiter/%2C/compression/gzip/columns/data_feed_id%2Cmerchant_id%2Cmerchant_name%2Caw_product_id%2Caw_deep_link%2Caw_image_url%2Caw_thumb_url%2Ccategory_id%2Ccategory_name%2Cbrand_id%2Cbrand_name%2Cmerchant_product_id%2Cean%2Cisbn%2Cproduct_name%2Cdescription%2Cspecifications%2Cmerchant_deep_link%2Cmerchant_image_url%2Cdelivery_time%2Cvalid_from%2Cvalid_to%2Ccurrency%2Csearch_price%2Cdelivery_cost%2Ccolour%2Ckeywords%2Ccustom_1%2Ccustom_2%2Ccustom_3%2Ccustom_4%2Ccustom_5%2Cdelivery_restrictions%2Cproduct_short_description%2Cmerchant_product_category_path%2Cbase_price%2Cbase_price_amount%2Cproduct_price_old%2Cstock_status%2Csize_stock_status/"
"12044","AliExpress PL","PL","Not Joined","Awin","38771","Home_Improvment","English","","2026-08-22 14:44:57","2026-08-22 14:44:41","343","https://productdata.awin.com/datafeed/download/apikey/fe83c200b3de1c6c14a8a28f5f7162cd/fid/38771/format/csv/language/en/delimiter/%2C/compression/gzip/columns/data_feed_id%2Cmerchant_id%2Cmerchant_name%2Caw_product_id%2Caw_deep_link%2Caw_image_url%2Caw_thumb_url%2Ccategory_id%2Ccategory_name%2Cbrand_id%2Cbrand_name%2Cmerchant_product_id%2Cmerchant_category%2Cproduct_name%2Cmerchant_deep_link%2Cmerchant_image_url%2Ccurrency%2Csearch_price%2Cstock_quantity%2Crating%2Calternate_image%2Cmerchant_product_category_path%2Cmerchant_product_second_category%2Csavings_percent%2Cproduct_price_old%2Calternate_image_two%2Calternate_image_three%2Calternate_image_four/"
"12044","AliExpress PL","PL","Not Joined","Awin","38773","Computer_Office","English","","2026-08-22 14:41:32","2026-08-22 14:41:19","316","https://productdata.awin.com/datafeed/download/apikey/fe83c200b3de1c6c14a8a28f5f7162cd/fid/38773/format/csv/language/en/delimiter/%2C/compression/gzip/columns/data_feed_id%2Cmerchant_id%2Cmerchant_name%2Caw_product_id%2Caw_deep_link%2Caw_image_url%2Caw_thumb_url%2Ccategory_id%2Ccategory_name%2Cbrand_id%2Cbrand_name%2Cmerchant_product_id%2Cmerchant_category%2Cproduct_name%2Cmerchant_deep_link%2Cmerchant_image_url%2Ccurrency%2Csearch_price%2Cstock_quantity%2Crating%2Calternate_image%2Cmerchant_product_category_path%2Cmerchant_product_second_category%2Csavings_percent%2Cproduct_price_old%2Calternate_image_two%2Calternate_image_three%2Calternate_image_four/"
"17430","getgoods DE","AT","Not Joined","Awin","40071","AT","German","","2026-08-22 16:29:46","2026-08-22 16:24:11","438864","https://productdata.awin.com/datafeed/download/apikey/fe83c200b3de1c6c14a8a28f5f7162cd/fid/40071/format/csv/language/de/delimiter/%2C/compression/gzip/columns/data_feed_id%2Cmerchant_id%2Cmerchant_name%2Caw_product_id%2Caw_deep_link%2Caw_image_url%2Caw_thumb_url%2Ccategory_id%2Ccategory_name%2Cbrand_id%2Cbrand_name%2Cmerchant_product_id%2Cmerchant_category%2Cean%2Cproduct_name%2Cdescription%2Cspecifications%2Clanguage%2Cmerchant_deep_link%2Cmerchant_image_url%2Cdelivery_time%2Ccurrency%2Csearch_price%2Cdelivery_cost%2Ccondition%2Ccustom_1%2Cdelivery_restrictions%2Cmerchant_product_category_path%2Cmerchant_product_second_category%2Cmerchant_product_third_category%2Cbase_price%2Cbase_price_text/"
"12044","AliExpress PL","PL","Not Joined","Awin","43145","Food","English","","2026-08-22 14:39:12","2026-08-22 14:39:04","9","https://productdata.awin.com/datafeed/download/apikey/fe83c200b3de1c6c14a8a28f5f7162cd/fid/43145/format/csv/language/en/delimiter/%2C/compression/gzip/columns/data_feed_id%2Cmerchant_id%2Cmerchant_name%2Caw_product_id%2Caw_deep_link%2Caw_image_url%2Caw_thumb_url%2Ccategory_id%2Ccategory_name%2Cbrand_id%2Cbrand_name%2Cmerchant_product_id%2Cmerchant_category%2Cproduct_name%2Cmerchant_deep_link%2Cmerchant_image_url%2Ccurrency%2Csearch_price%2Csaving%2Calternate_image%2Cmerchant_product_category_path%2Cmerchant_product_second_category%2Cproduct_price_old/"
"10264","Fiszki PL","PL","Not Joined","Awin","44015","Default","Polish","","2026-08-21 12:02:17","2026-08-22 12:02:08","339","https://productdata.awin.com/datafeed/download/apikey/fe83c200b3de1c6c14a8a28f5f7162cd/fid/44015/format/csv/language/pl/delimiter/%2C/compression/gzip/columns/data_feed_id%2Cmerchant_id%2Cmerchant_name%2Caw_product_id%2Caw_deep_link%2Caw_image_url%2Caw_thumb_url%2Ccategory_id%2Ccategory_name%2Cbrand_id%2Cbrand_name%2Cmerchant_product_id%2Cmerchant_category%2Cean%2Cmpn%2Cproduct_name%2Cdescription%2Cmerchant_deep_link%2Cmerchant_image_url%2Csearch_price%2Cin_stock%2Ccondition%2Cproduct_type%2Ccustom_1%2Calternate_image%2Cbase_price%2Calternate_image_two%2Calternate_image_three%2Calternate_image_four/"
"10264","Fiszki PL","PL","Not Joined","Awin","44017","Ceneo","Polish","","2026-08-21 12:02:05","2026-08-22 16:01:10","377","https://productdata.awin.com/datafeed/download/apikey/fe83c200b3de1c6c14a8a28f5f7162cd/fid/44017/format/csv/language/pl/delimiter/%2C/compression/gzip/columns/data_feed_id%2Cmerchant_id%2Cmerchant_name%2Caw_product_id%2Caw_deep_link%2Caw_image_url%2Caw_thumb_url%2Ccategory_id%2Ccategory_name%2Cbrand_id%2Cbrand_name%2Cmerchant_product_id%2Cean%2Cisbn%2Cproduct_name%2Cdescription%2Cmerchant_deep_link%2Cmerchant_image_url%2Csearch_price%2Cproduct_type%2Calternate_image%2Cmerchant_product_category_path%2Calternate_image_two%2Calternate_image_three%2Calternate_image_four/"
"20039","HIVITAL","ES","Not Joined","Awin","45599","Hivital Feed de productos","Spanish","","2026-05-15 13:53:50","","26","https://productdata.awin.com/datafeed/download/apikey/fe83c200b3de1c6c14a8a28f5f7162cd/fid/45599/format/csv/language/es/delimiter/%2C/compression/gzip/columns/data_feed_id%2Cmerchant_id%2Cmerchant_name%2Caw_product_id%2Caw_deep_link%2Caw_image_url%2Caw_thumb_url%2Ccategory_id%2Ccategory_name%2Cbrand_id%2Cbrand_name%2Cmerchant_product_id%2Cproduct_name%2Cdescription%2Cmerchant_deep_link%2Csearch_price%2Ccustom_1%2Ccustom_2%2Ccustom_3%2Calternate_image_two/"
"19605","Weneve PL","PL","Not Joined","Awin","47141","Default","Polish","","2026-08-22 08:02:46","2026-08-22 16:05:26","4510","https://productdata.awin.com/datafeed/download/apikey/fe83c200b3de1c6c14a8a28f5f7162cd/fid/47141/format/csv/language/pl/delimiter/%2C/compression/gzip/columns/data_feed_id%2Cmerchant_id%2Cmerchant_name%2Caw_product_id%2Caw_deep_link%2Caw_image_url%2Caw_thumb_url%2Ccategory_id%2Ccategory_name%2Cbrand_id%2Cbrand_name%2Cmerchant_product_id%2Cmerchant_category%2Cmpn%2Cproduct_name%2Cdescription%2Cmerchant_deep_link%2Cmerchant_image_url%2Csearch_price%2Cin_stock%2Ccondition%2Cdelivery_weight%2Calternate_image%2Calternate_image_two%2Calternate_image_three%2Calternate_image_four/"
"5190","Simply LED","GB","Not Joined","Awin","48033","5190AWIN-Simply-LED","English","","2026-08-22 00:02:24","2026-08-22 00:02:17","3298","https://productdata.awin.com/datafeed/download/apikey/fe83c200b3de1c6c14a8a28f5f7162cd/fid/48033/format/csv/language/en/delimiter/%2C/compression/gzip/adultcontent/1/columns/data_feed_id%2Cmerchant_id%2Cmerchant_name%2Caw_product_id%2Caw_deep_link%2Caw_image_url%2Caw_thumb_url%2Ccategory_id%2Ccategory_name%2Cbrand_id%2Cbrand_name%2Cmerchant_product_id%2Cmerchant_category%2Cean%2Cmpn%2Cproduct_name%2Cdescription%2Cmerchant_deep_link%2Cmerchant_image_url%2Csearch_price%2Cin_stock%2Ccondition%2Cmerchant_product_second_category/"
"736","Cadbury Gifts Direct","GB","Not Joined","Awin","48599","Cadbury Shopping Feed","English","","2026-08-21 12:05:38","2026-08-22 12:03:16","1352","https://productdata.awin.com/datafeed/download/apikey/fe83c200b3de1c6c14a8a28f5f7162cd/fid/48599/format/csv/language/en/delimiter/%2C/compression/gzip/adultcontent/1/columns/data_feed_id%2Cmerchant_id%2Cmerchant_name%2Caw_product_id%2Caw_deep_link%2Caw_image_url%2Caw_thumb_url%2Ccategory_id%2Ccategory_name%2Cbrand_id%2Cbrand_name%2Cmerchant_product_id%2Cmerchant_category%2Cproduct_name%2Cdescription%2Cmerchant_deep_link%2Cmerchant_image_url%2Csearch_price%2Cin_stock%2Ccondition%2Ccustom_1%2Ccustom_2%2Ccustom_3%2Ccustom_4%2Ccustom_5%2Calternate_image%2Calternate_image_two%2Calternate_image_three%2Ccustom_6%2Ccustom_7%2Ccustom_8%2Cproduct_GTIN%2Calternate_image_four/"
"21762","DAX PL","PL","Not Joined","Awin","49291","Default","Polish","","2026-08-22 16:17:40","2026-08-22 16:17:29","646","https://productdata.awin.com/datafeed/download/apikey/fe83c200b3de1c6c14a8a28f5f7162cd/fid/49291/format/csv/language/pl/delimiter/%2C/compression/gzip/columns/data_feed_id%2Cmerchant_id%2Cmerchant_name%2Caw_product_id%2Caw_deep_link%2Caw_image_url%2Caw_thumb_url%2Ccategory_id%2Ccategory_name%2Cbrand_id%2Cbrand_name%2Cmerchant_product_id%2Cmerchant_category%2Cproduct_name%2Cdescription%2Cmerchant_deep_link%2Cmerchant_image_url%2Ccurrency%2Csearch_price%2Cin_stock%2Cstock_quantity%2Ccustom_1%2Cdelivery_weight/"
"21861","InterGard tuinartikelen NL","NL","Not Joined","Awin","50381","Feed Nederlands","Dutch","","2026-06-11 02:01:35","2026-06-16 02:01:19","3650","https://productdata.awin.com/datafeed/download/apikey/fe83c200b3de1c6c14a8a28f5f7162cd/fid/50381/format/csv/language/nl/delimiter/%2C/compression/gzip/columns/data_feed_id%2Cmerchant_id%2Cmerchant_name%2Caw_product_id%2Caw_deep_link%2Caw_image_url%2Caw_thumb_url%2Ccategory_id%2Ccategory_name%2Cbrand_id%2Cbrand_name%2Cmerchant_product_id%2Cmerchant_category%2Cean%2Cproduct_name%2Cdescription%2Cmerchant_deep_link%2Cmerchant_thumb_url%2Cmerchant_image_url%2Csearch_price/"
"22065","GOE PL","PL","Not Joined","Awin","50491","Default","Polish","Fashion","2026-08-22 06:16:25","2026-08-22 06:16:16","3016","https://productdata.awin.com/datafeed/download/apikey/fe83c200b3de1c6c14a8a28f5f7162cd/fid/50491/format/csv/language/pl/delimiter/%2C/compression/gzip/columns/data_feed_id%2Cmerchant_id%2Cmerchant_name%2Caw_product_id%2Caw_deep_link%2Caw_image_url%2Caw_thumb_url%2Ccategory_id%2Ccategory_name%2Cbrand_id%2Cbrand_name%2Cmerchant_product_id%2Cmerchant_category%2Cmpn%2Cproduct_name%2Cdescription%2Cmerchant_deep_link%2Cmerchant_image_url%2Csearch_price%2Cdelivery_cost%2Cin_stock%2Ccondition%2Cproduct_type%2Cbase_price/"
"129","InterRose","GB","Not Joined","Awin","50855","Default","English","","2026-05-15 14:07:03","2026-08-22 15:01:04","45","https://productdata.awin.com/datafeed/download/apikey/fe83c200b3de1c6c14a8a28f5f7162cd/fid/50855/format/csv/language/en/delimiter/%2C/compression/gzip/adultcontent/1/columns/data_feed_id%2Cmerchant_id%2Cmerchant_name%2Caw_product_id%2Caw_deep_link%2Caw_image_url%2Caw_thumb_url%2Ccategory_id%2Ccategory_name%2Cbrand_id%2Cbrand_name%2Cmerchant_product_id%2Cmerchant_category%2Cproduct_name%2Cdescription%2Cmerchant_deep_link%2Cmerchant_image_url%2Csearch_price%2Ccommission_group/"
"22473","EV King - Electric Car Charging Acessories","GB","Not Joined","Awin","52279","AWIN CSV","English","","2026-06-25 17:01:15","2026-08-21 17:01:33","988","https://productdata.awin.com/datafeed/download/apikey/fe83c200b3de1c6c14a8a28f5f7162cd/fid/52279/format/csv/language/en/delimiter/%2C/compression/gzip/adultcontent/1/columns/data_feed_id%2Cmerchant_id%2Cmerchant_name%2Caw_product_id%2Caw_deep_link%2Caw_image_url%2Caw_thumb_url%2Ccategory_id%2Ccategory_name%2Cbrand_id%2Cbrand_name%2Cmerchant_product_id%2Cproduct_name%2Cdescription%2Cspecifications%2Cmerchant_deep_link%2Cmerchant_image_url%2Csearch_price%2Cin_stock%2Ccondition%2Ccolour%2Ccustom_1/"
"22473","EV King - Electric Car Charging Acessories","GB","Not Joined","Awin","52281","AWIN Version 2","English","","2026-06-25 18:01:42","2026-08-21 18:02:12","988","https://productdata.awin.com/datafeed/download/apikey/fe83c200b3de1c6c14a8a28f5f7162cd/fid/52281/format/csv/language/en/delimiter/%2C/compression/gzip/adultcontent/1/columns/data_feed_id%2Cmerchant_id%2Cmerchant_name%2Caw_product_id%2Caw_deep_link%2Caw_image_url%2Caw_thumb_url%2Ccategory_id%2Ccategory_name%2Cbrand_id%2Cbrand_name%2Cmerchant_product_id%2Cmerchant_category%2Cproduct_name%2Cdescription%2Cspecifications%2Cmerchant_deep_link%2Cmerchant_image_url%2Cdelivery_time%2Csearch_price%2Cdelivery_cost%2Cin_stock%2Cwarranty%2Ccondition%2Ccolour%2Ccustom_1%2Crating/"
"24111","CHIKO (US)","US","Not Joined","Awin","58855","Awin-Shoes","English","Fashion","2026-05-15 14:42:13","2025-10-09 04:03:32","3147","https://productdata.awin.com/datafeed/download/apikey/fe83c200b3de1c6c14a8a28f5f7162cd/fid/58855/format/csv/language/en/delimiter/%2C/compression/gzip/adultcontent/1/columns/data_feed_id%2Cmerchant_id%2Cmerchant_name%2Caw_product_id%2Caw_deep_link%2Caw_image_url%2Caw_thumb_url%2Ccategory_id%2Ccategory_name%2Cbrand_id%2Cbrand_name%2Cmerchant_product_id%2Cmerchant_category%2Cupc%2Cean%2Cmpn%2Cisbn%2Cmodel_number%2Cproduct_name%2Cdescription%2Cspecifications%2Cpromotional_text%2Clanguage%2Cmerchant_deep_link%2Cmerchant_thumb_url%2Cmerchant_image_url%2Cdelivery_time%2Cvalid_from%2Cvalid_to%2Ccurrency%2Csearch_price%2Cdelivery_cost%2Cweb_offer%2Cpre_order%2Cin_stock%2Cstock_quantity%2Cis_for_sale%2Cwarranty%2Ccondition%2Cproduct_type%2Cparent_product_id%2Ccommission_group%2Clast_updated%2Cdimensions%2Ccolour%2Ckeywords%2Ccustom_1%2Ccustom_2%2Ccustom_3%2Ccustom_4%2Ccustom_5%2Csaving%2Cdelivery_restrictions%2Creviews%2Caverage_rating%2Crating%2Calternate_image%2Clarge_image%2Cbasket_link/"
"22065","GOE PL","PL","Not Joined","Awin","59587","Goe New","Polish","Fashion","2026-08-21 22:03:34","2026-08-22 14:19:12","3016","https://productdata.awin.com/datafeed/download/apikey/fe83c200b3de1c6c14a8a28f5f7162cd/fid/59587/format/csv/language/pl/delimiter/%2C/compression/gzip/columns/data_feed_id%2Cmerchant_id%2Cmerchant_name%2Caw_product_id%2Caw_deep_link%2Caw_image_url%2Caw_thumb_url%2Ccategory_id%2Ccategory_name%2Cbrand_id%2Cbrand_name%2Cmerchant_product_id%2Cmpn%2Cproduct_name%2Cdescription%2Cmerchant_deep_link%2Cmerchant_image_url%2Csearch_price%2Cdelivery_cost%2Cin_stock%2Ccondition%2Cproduct_type%2Cparent_product_id%2Cdelivery_weight%2CFashion%3Asize%2Cbase_price%2Cproduct_GTIN/"
"21652","Converse PL","PL","Not Joined","Awin","60563","AwinFeedink","English","Fashion","2026-07-29 18:01:47","2026-08-22 06:01:50","491","https://productdata.awin.com/datafeed/download/apikey/fe83c200b3de1c6c14a8a28f5f7162cd/fid/60563/format/csv/language/en/delimiter/%2C/compression/gzip/columns/data_feed_id%2Cmerchant_id%2Cmerchant_name%2Caw_product_id%2Caw_deep_link%2Caw_image_url%2Caw_thumb_url%2Ccategory_id%2Ccategory_name%2Cbrand_id%2Cbrand_name%2Cmerchant_product_id%2Cmpn%2Cproduct_name%2Cdescription%2Cmerchant_deep_link%2Cmerchant_image_url%2Csearch_price%2Cin_stock%2Ccondition%2Cproduct_type%2Ccolour%2CFashion%3Asize%2Cproduct_price_old/"
"25243","Sportdirect.ca (Canada)","CA","Not Joined","Awin","60799","EnglishCanadaProductFeed","English","ShoppingNL","2026-08-18 15:01:59","2026-08-18 15:01:47","11614","https://productdata.awin.com/datafeed/download/apikey/fe83c200b3de1c6c14a8a28f5f7162cd/fid/60799/format/csv/language/en/delimiter/%2C/compression/gzip/adultcontent/1/columns/data_feed_id%2Cmerchant_id%2Cmerchant_name%2Caw_product_id%2Caw_deep_link%2Caw_image_url%2Caw_thumb_url%2Ccategory_id%2Ccategory_name%2Cbrand_id%2Cbrand_name%2Cmerchant_product_id%2Cmpn%2Cproduct_name%2Cdescription%2Cmerchant_deep_link%2Cmerchant_image_url%2Csearch_price%2Crrp_price%2Cin_stock%2Ccondition%2Cproduct_type%2Cparent_product_id%2Ccolour%2CShoppingNL%3Asize%2CShoppingNL%3Amaterial%2CShoppingNL%3Apattern%2Calternate_image%2Cproduct_short_description%2Cproduct_GTIN%2CShoppingNL%3Agoogle_taxonomy/"
"25962","BlazeVideo DE","DE","Not Joined","Awin","62725","BlazeVideo DE","German","","2026-08-22 05:01:25","2026-08-22 06:50:36","25","https://productdata.awin.com/datafeed/download/apikey/fe83c200b3de1c6c14a8a28f5f7162cd/fid/62725/format/csv/language/de/delimiter/%2C/compression/gzip/columns/aw_deep_link%2Cproduct_name%2Caw_product_id%2Cmerchant_product_id%2Cmerchant_image_url%2Cdescription%2Cmerchant_category%2Csearch_price%2Cmerchant_name%2Cmerchant_id%2Ccategory_name%2Ccategory_id%2Caw_image_url%2Ccurrency%2Cstore_price%2Cdelivery_cost%2Cmerchant_deep_link%2Clanguage%2Clast_updated%2Cbrand_name%2Cbrand_id%2Ccolour%2Cproduct_short_description%2Cspecifications%2Ccondition%2Cproduct_model%2Cmodel_number%2Cdimensions%2Ckeywords%2Cpromotional_text%2Cproduct_type%2Ccommission_group%2Cmerchant_product_category_path%2Cmerchant_product_second_category%2Cmerchant_product_third_category%2Crrp_price%2Csaving%2Csavings_percent%2Cbase_price%2Cbase_price_amount%2Cbase_price_text%2Cproduct_price_old%2Cdelivery_restrictions%2Cdelivery_weight%2Cwarranty%2Cterms_of_contract%2Cdelivery_time%2Cin_stock%2Cstock_quantity%2Cvalid_from%2Cvalid_to%2Cis_for_sale%2Cweb_offer%2Cpre_order%2Cstock_status%2Csize_stock_status%2Csize_stock_amount%2Cmerchant_thumb_url%2Clarge_image%2Calternate_image%2Caw_thumb_url%2Calternate_image_two%2Calternate_image_three%2Calternate_image_four%2Creviews%2Caverage_rating%2Crating%2Cnumber_available%2Ccustom_1%2Ccustom_2%2Ccustom_3%2Ccustom_4%2Ccustom_5%2Ccustom_6%2Ccustom_7%2Ccustom_8%2Ccustom_9%2Cean%2Cisbn%2Cupc%2Cmpn%2Cparent_product_id%2Cproduct_GTIN%2Cbasket_link/"
"23928","Swiat Supli PL","PL","Not Joined","Awin","63815","Swiat Supli PL","Polish","","2026-08-22 06:19:05","2026-08-22 06:18:44","5484","https://productdata.awin.com/datafeed/download/apikey/fe83c200b3de1c6c14a8a28f5f7162cd/fid/63815/format/csv/language/pl/delimiter/%2C/compression/gzip/columns/data_feed_id%2Cmerchant_id%2Cmerchant_name%2Caw_product_id%2Caw_deep_link%2Caw_image_url%2Caw_thumb_url%2Ccategory_id%2Ccategory_name%2Cbrand_id%2Cbrand_name%2Cmerchant_product_id%2Cmerchant_category%2Cmpn%2Cproduct_name%2Cdescription%2Cmerchant_deep_link%2Cmerchant_image_url%2Csearch_price%2Cin_stock%2Ccondition%2Cproduct_type%2Cparent_product_id%2Cdelivery_weight%2Cproduct_GTIN/"
"26643","Doctor Blooms","GB","Not Joined","Awin","66241","Default","English","","2026-08-21 19:01:59","2026-08-22 05:05:02","1792","https://productdata.awin.com/datafeed/download/apikey/fe83c200b3de1c6c14a8a28f5f7162cd/fid/66241/format/csv/language/en/delimiter/%2C/compression/gzip/adultcontent/1/columns/data_feed_id%2Cmerchant_id%2Cmerchant_name%2Caw_product_id%2Caw_deep_link%2Caw_image_url%2Caw_thumb_url%2Ccategory_id%2Ccategory_name%2Cbrand_id%2Cbrand_name%2Cmerchant_product_id%2Cmerchant_category%2Cproduct_name%2Cdescription%2Cmerchant_deep_link%2Cmerchant_image_url%2Csearch_price%2Cin_stock%2Cproduct_GTIN/"
"27221","MyHappyMoments DE","DE","Not Joined","Awin","66585","MyHappyMoments Omega Feed","German","","2026-06-17 00:02:02","2026-08-22 12:01:31","420","https://productdata.awin.com/datafeed/download/apikey/fe83c200b3de1c6c14a8a28f5f7162cd/fid/66585/format/csv/language/de/delimiter/%2C/compression/gzip/columns/data_feed_id%2Cmerchant_id%2Cmerchant_name%2Caw_product_id%2Caw_deep_link%2Caw_image_url%2Caw_thumb_url%2Ccategory_id%2Ccategory_name%2Cbrand_id%2Cbrand_name%2Cmerchant_product_id%2Cmerchant_category%2Cean%2Cproduct_name%2Cdescription%2Cmerchant_deep_link%2Cmerchant_image_url%2Csearch_price/"
"27920","Webbs Motorcycles","GB","Not Joined","Awin","66977","Webbs Motorcycles - All items","English","","2026-08-22 08:02:12","2026-08-22 15:04:51","1765","https://productdata.awin.com/datafeed/download/apikey/fe83c200b3de1c6c14a8a28f5f7162cd/fid/66977/format/csv/language/en/delimiter/%2C/compression/gzip/adultcontent/1/columns/data_feed_id%2Cmerchant_id%2Cmerchant_name%2Caw_product_id%2Caw_deep_link%2Caw_image_url%2Caw_thumb_url%2Ccategory_id%2Ccategory_name%2Cbrand_id%2Cbrand_name%2Cmerchant_product_id%2Cmerchant_category%2Cmpn%2Cproduct_name%2Cdescription%2Cmerchant_deep_link%2Cmerchant_image_url%2Csearch_price%2Cin_stock%2Ccondition%2Ccolour%2Cmerchant_product_second_category%2Cproduct_GTIN/"
"20134","Muscle Research Legal Anabolics","GB","Not Joined","Awin","67375","Default","English","","2026-05-15 15:04:08","","2","https://productdata.awin.com/datafeed/download/apikey/fe83c200b3de1c6c14a8a28f5f7162cd/fid/67375/format/csv/language/en/delimiter/%2C/compression/gzip/adultcontent/1/columns/data_feed_id%2Cmerchant_id%2Cmerchant_name%2Caw_product_id%2Caw_deep_link%2Caw_image_url%2Caw_thumb_url%2Ccategory_id%2Ccategory_name%2Cbrand_id%2Cbrand_name%2Cmerchant_product_id%2Cmerchant_category%2Cproduct_name%2Cdescription%2Cmerchant_deep_link%2Cmerchant_image_url%2Csearch_price%2Ccondition%2Cdelivery_weight/"
"17531","Monbento.com","DE","Not Joined","Awin","67697","Monbento DE","German","","2026-08-22 07:07:23","2026-08-22 07:07:17","183","https://productdata.awin.com/datafeed/download/apikey/fe83c200b3de1c6c14a8a28f5f7162cd/fid/67697/format/csv/language/de/delimiter/%2C/compression/gzip/columns/aw_deep_link%2Cproduct_name%2Caw_product_id%2Cmerchant_product_id%2Cmerchant_image_url%2Cdescription%2Cmerchant_category%2Csearch_price%2Cmerchant_name%2Cmerchant_id%2Ccategory_name%2Ccategory_id%2Caw_image_url%2Ccurrency%2Cstore_price%2Cdelivery_cost%2Cmerchant_deep_link%2Clanguage%2Clast_updated%2Cbrand_name%2Cbrand_id%2Ccolour%2Cproduct_short_description%2Cspecifications%2Ccondition%2Cproduct_model%2Cmodel_number%2Cdimensions%2Ckeywords%2Cpromotional_text%2Cproduct_type%2Ccommission_group%2Cmerchant_product_category_path%2Cmerchant_product_second_category%2Cmerchant_product_third_category%2Crrp_price%2Csaving%2Csavings_percent%2Cbase_price%2Cbase_price_amount%2Cbase_price_text%2Cproduct_price_old%2Cdelivery_restrictions%2Cdelivery_weight%2Cwarranty%2Cterms_of_contract%2Cdelivery_time%2Cin_stock%2Cstock_quantity%2Cvalid_from%2Cvalid_to%2Cis_for_sale%2Cweb_offer%2Cpre_order%2Cstock_status%2Csize_stock_status%2Csize_stock_amount%2Cmerchant_thumb_url%2Clarge_image%2Calternate_image%2Caw_thumb_url%2Calternate_image_two%2Calternate_image_three%2Calternate_image_four%2Creviews%2Caverage_rating%2Crating%2Cnumber_available%2Ccustom_1%2Ccustom_2%2Ccustom_3%2Ccustom_4%2Ccustom_5%2Ccustom_6%2Ccustom_7%2Ccustom_8%2Ccustom_9%2Cean%2Cisbn%2Cupc%2Cmpn%2Cparent_product_id%2Cproduct_GTIN%2Cbasket_link/"
"28517","Dean Morris Cards","GB","Not Joined","Awin","69555","Default","English","","2026-08-21 14:02:16","2026-08-22 14:01:50","1767","https://productdata.awin.com/datafeed/download/apikey/fe83c200b3de1c6c14a8a28f5f7162cd/fid/69555/format/csv/language/en/delimiter/%2C/compression/gzip/adultcontent/1/columns/data_feed_id%2Cmerchant_id%2Cmerchant_name%2Caw_product_id%2Caw_deep_link%2Caw_image_url%2Caw_thumb_url%2Ccategory_id%2Ccategory_name%2Cbrand_id%2Cbrand_name%2Cmerchant_product_id%2Cmerchant_category%2Cean%2Cmodel_number%2Cproduct_name%2Cdescription%2Cmerchant_deep_link%2Cmerchant_image_url%2Ccurrency%2Csearch_price%2Cin_stock%2Ccondition%2Cproduct_type%2Cmerchant_product_category_path/"
"22164","Yellowtipi PL","PL","Not Joined","Awin","70823","Default","Polish","","2026-08-22 08:01:38","2026-08-22 12:31:42","5140","https://productdata.awin.com/datafeed/download/apikey/fe83c200b3de1c6c14a8a28f5f7162cd/fid/70823/format/csv/language/pl/delimiter/%2C/compression/gzip/columns/data_feed_id%2Cmerchant_id%2Cmerchant_name%2Caw_product_id%2Caw_deep_link%2Caw_image_url%2Caw_thumb_url%2Ccategory_id%2Ccategory_name%2Cbrand_id%2Cbrand_name%2Cmerchant_product_id%2Cmerchant_category%2Cean%2Cmodel_number%2Cproduct_name%2Cdescription%2Clanguage%2Cmerchant_deep_link%2Cmerchant_image_url%2Cdelivery_time%2Ccurrency%2Csearch_price%2Cdelivery_cost%2Cin_stock%2Ccondition%2Ccolour%2Calternate_image%2Cmerchant_product_category_path%2Calternate_image_two%2Calternate_image_three%2Calternate_image_four/"
"31213","Lir Pharmacy","IE","Not Joined","Awin","72659","Awin Feed","English","","2026-08-22 15:04:49","2026-08-22 15:04:40","2947","https://productdata.awin.com/datafeed/download/apikey/fe83c200b3de1c6c14a8a28f5f7162cd/fid/72659/format/csv/language/en/delimiter/%2C/compression/gzip/adultcontent/1/columns/data_feed_id%2Cmerchant_id%2Cmerchant_name%2Caw_product_id%2Caw_deep_link%2Caw_image_url%2Caw_thumb_url%2Ccategory_id%2Ccategory_name%2Cbrand_id%2Cbrand_name%2Cmerchant_product_id%2Cean%2Cmpn%2Cproduct_name%2Cdescription%2Cmerchant_deep_link%2Cmerchant_image_url%2Cdelivery_time%2Csearch_price%2Cdelivery_cost%2Ccolour%2Ccustom_2%2Cmerchant_product_category_path%2Cmerchant_product_second_category/"
"25564","Workout For Less","GB","Not Joined","Awin","73703","Awin","English","","2026-08-22 12:20:15","2026-08-22 12:20:09","1011","https://productdata.awin.com/datafeed/download/apikey/fe83c200b3de1c6c14a8a28f5f7162cd/fid/73703/format/csv/language/en/delimiter/%2C/compression/gzip/adultcontent/1/columns/data_feed_id%2Cmerchant_id%2Cmerchant_name%2Caw_product_id%2Caw_deep_link%2Caw_image_url%2Caw_thumb_url%2Ccategory_id%2Ccategory_name%2Cbrand_id%2Cbrand_name%2Cmerchant_product_id%2Cmerchant_category%2Cean%2Cproduct_name%2Cdescription%2Cmerchant_deep_link%2Cmerchant_image_url%2Cdelivery_time%2Ccurrency%2Csearch_price%2Crrp_price%2Cdelivery_cost%2Cweb_offer%2Cin_stock%2Ccondition%2Ccolour/"
"32531","encalife (US & Canada)","US","Not Joined","Awin","75151","encalife US feed","English","","2026-08-22 12:06:06","2026-08-22 12:05:57","221","https://productdata.awin.com/datafeed/download/apikey/fe83c200b3de1c6c14a8a28f5f7162cd/fid/75151/format/csv/language/en/delimiter/%2C/compression/gzip/adultcontent/1/columns/data_feed_id%2Cmerchant_id%2Cmerchant_name%2Caw_product_id%2Caw_deep_link%2Caw_image_url%2Caw_thumb_url%2Ccategory_id%2Ccategory_name%2Cbrand_id%2Cbrand_name%2Cmerchant_product_id%2Cmerchant_category%2Cproduct_name%2Cdescription%2Cmerchant_deep_link%2Cmerchant_image_url%2Ccurrency%2Csearch_price%2Crrp_price/"
"31401","Diamondsmile DE","DE","Not Joined","Awin","75687","DiamondSmile Prodcuct Data Feed D/A/CH","German","","2026-08-22 12:23:10","2026-08-22 12:23:07","60","https://productdata.awin.com/datafeed/download/apikey/fe83c200b3de1c6c14a8a28f5f7162cd/fid/75687/format/csv/language/de/delimiter/%2C/compression/gzip/columns/data_feed_id%2Cmerchant_id%2Cmerchant_name%2Caw_product_id%2Caw_deep_link%2Caw_image_url%2Caw_thumb_url%2Ccategory_id%2Ccategory_name%2Cbrand_id%2Cbrand_name%2Cmerchant_product_id%2Cmerchant_category%2Cmpn%2Cproduct_name%2Cdescription%2Cspecifications%2Cmerchant_deep_link%2Cmerchant_image_url%2Cdelivery_time%2Csearch_price%2Cdelivery_cost%2Ccolour%2Ccustom_1/"
"39072","DKN UK","GB","Not Joined","Awin","80139","Default","English","","2026-06-23 04:00:34","2026-08-22 04:01:24","105","https://productdata.awin.com/datafeed/download/apikey/fe83c200b3de1c6c14a8a28f5f7162cd/fid/80139/format/csv/language/en/delimiter/%2C/compression/gzip/adultcontent/1/columns/data_feed_id%2Cmerchant_id%2Cmerchant_name%2Caw_product_id%2Caw_deep_link%2Caw_image_url%2Caw_thumb_url%2Ccategory_id%2Ccategory_name%2Cbrand_id%2Cbrand_name%2Cmerchant_product_id%2Cmerchant_category%2Cean%2Cmpn%2Cproduct_name%2Cdescription%2Cmerchant_deep_link%2Cmerchant_image_url%2Cdelivery_time%2Csearch_price%2Cdelivery_cost%2Cproduct_type%2Ccolour/"
"30533","Bare Kind Bamboo Socks","GB","Not Joined","Awin","80577","Default","English","","2026-08-21 19:22:12","2026-08-22 16:02:57","400","https://productdata.awin.com/datafeed/download/apikey/fe83c200b3de1c6c14a8a28f5f7162cd/fid/80577/format/csv/language/en/delimiter/%2C/compression/gzip/adultcontent/1/columns/data_feed_id%2Cmerchant_id%2Cmerchant_name%2Caw_product_id%2Caw_deep_link%2Caw_image_url%2Caw_thumb_url%2Ccategory_id%2Ccategory_name%2Cbrand_id%2Cbrand_name%2Cmerchant_product_id%2Cmerchant_category%2Cean%2Cmpn%2Cproduct_name%2Cdescription%2Cspecifications%2Cmerchant_deep_link%2Cmerchant_image_url%2Cdelivery_time%2Csearch_price%2Cdelivery_cost%2Cproduct_type%2Ccustom_1%2Ccustom_2/"
"40984","Legal Muscle Anabolics","GB","Not Joined","Awin","81653","Default","English","","2026-05-15 15:11:11","","15","https://productdata.awin.com/datafeed/download/apikey/fe83c200b3de1c6c14a8a28f5f7162cd/fid/81653/format/csv/language/en/delimiter/%2C/compression/gzip/adultcontent/1/columns/data_feed_id%2Cmerchant_id%2Cmerchant_name%2Caw_product_id%2Caw_deep_link%2Caw_image_url%2Caw_thumb_url%2Ccategory_id%2Ccategory_name%2Cbrand_id%2Cbrand_name%2Cmerchant_product_id%2Cmerchant_category%2Cproduct_name%2Cdescription%2Cmerchant_deep_link%2Cmerchant_image_url%2Csearch_price/"
"17471","Modellbau-Universe - die Adresse für Modellbau","DE","Not Joined","Awin","81661","AWIN 2023","German","","2026-08-22 14:02:44","2026-08-22 14:02:14","49695","https://productdata.awin.com/datafeed/download/apikey/fe83c200b3de1c6c14a8a28f5f7162cd/fid/81661/format/csv/language/de/delimiter/%2C/compression/gzip/columns/data_feed_id%2Cmerchant_id%2Cmerchant_name%2Caw_product_id%2Caw_deep_link%2Caw_image_url%2Caw_thumb_url%2Ccategory_id%2Ccategory_name%2Cbrand_id%2Cbrand_name%2Cmerchant_product_id%2Cmerchant_category%2Cean%2Cmodel_number%2Cproduct_name%2Cdescription%2Cmerchant_deep_link%2Cmerchant_image_url%2Cdelivery_time%2Csearch_price%2Cdelivery_cost%2Cin_stock%2Ccondition%2Cproduct_short_description/"
"42915","Pets Calm Down","GB","Not Joined","Awin","81975","Default","English","","2026-08-21 18:01:14","2026-08-21 18:01:10","38","https://productdata.awin.com/datafeed/download/apikey/fe83c200b3de1c6c14a8a28f5f7162cd/fid/81975/format/csv/language/en/delimiter/%2C/compression/gzip/adultcontent/1/columns/data_feed_id%2Cmerchant_id%2Cmerchant_name%2Caw_product_id%2Caw_deep_link%2Caw_image_url%2Caw_thumb_url%2Ccategory_id%2Ccategory_name%2Cbrand_id%2Cbrand_name%2Cmerchant_product_id%2Cmerchant_category%2Cean%2Cmpn%2Cproduct_name%2Cdescription%2Cmerchant_deep_link%2Cmerchant_image_url%2Cdelivery_time%2Csearch_price%2Cdelivery_cost%2Ccolour/"
"44555","Workliving NL","NL","Not Joined","Awin","82771","Standaard","Dutch","","2026-08-22 11:09:02","2026-08-22 11:08:56","2185","https://productdata.awin.com/datafeed/download/apikey/fe83c200b3de1c6c14a8a28f5f7162cd/fid/82771/format/csv/language/nl/delimiter/%2C/compression/gzip/columns/data_feed_id%2Cmerchant_id%2Cmerchant_name%2Caw_product_id%2Caw_deep_link%2Caw_image_url%2Caw_thumb_url%2Ccategory_id%2Ccategory_name%2Cbrand_id%2Cbrand_name%2Cmerchant_product_id%2Cmerchant_category%2Cean%2Cmpn%2Cisbn%2Cmodel_number%2Cproduct_name%2Cdescription%2Cspecifications%2Clanguage%2Cmerchant_deep_link%2Cmerchant_thumb_url%2Cmerchant_image_url%2Cdelivery_time%2Cvalid_from%2Cvalid_to%2Ccurrency%2Csearch_price%2Cstore_price%2Cdelivery_cost%2Cweb_offer%2Cpre_order%2Cin_stock%2Cstock_quantity%2Cwarranty%2Ccondition%2Cparent_product_id%2Ccommission_group%2Clast_updated%2Cdimensions%2Ccolour%2Ckeywords%2Ccustom_1%2Ccustom_2%2Csaving%2Crating%2Calternate_image%2Clarge_image%2Cbasket_link%2Cproduct_short_description%2Cmerchant_product_category_path%2Cmerchant_product_second_category%2Cmerchant_product_third_category%2Csavings_percent%2Cproduct_price_old%2Calternate_image_two%2Calternate_image_three%2Calternate_image_four/"
"44683","Cut Plastic Sheeting","GB","Not Joined","Awin","82975","Default","English","","2026-07-26 00:02:30","2026-08-16 00:02:16","604","https://productdata.awin.com/datafeed/download/apikey/fe83c200b3de1c6c14a8a28f5f7162cd/fid/82975/format/csv/language/en/delimiter/%2C/compression/gzip/adultcontent/1/columns/data_feed_id%2Cmerchant_id%2Cmerchant_name%2Caw_product_id%2Caw_deep_link%2Caw_image_url%2Caw_thumb_url%2Ccategory_id%2Ccategory_name%2Cbrand_id%2Cbrand_name%2Cmerchant_product_id%2Cmerchant_category%2Cupc%2Cean%2Cmpn%2Cisbn%2Cmodel_number%2Cproduct_name%2Cdescription%2Cspecifications%2Cpromotional_text%2Clanguage%2Cmerchant_deep_link%2Cmerchant_image_url%2Cdelivery_time%2Cvalid_from%2Cvalid_to%2Ccurrency%2Csearch_price%2Cstore_price%2Crrp_price%2Cdelivery_cost%2Cweb_offer%2Cpre_order%2Cin_stock%2Cstock_quantity%2Cis_for_sale%2Cwarranty%2Ccondition%2Cproduct_type%2Cparent_product_id%2Ccommission_group%2Clast_updated%2Cdimensions%2Ccolour%2Ckeywords%2Csaving%2Cdelivery_weight%2Cdelivery_restrictions%2Creviews%2Caverage_rating%2Cnumber_available%2Crating%2Calternate_image%2Clarge_image%2Cbasket_link%2Cproduct_short_description%2Cproduct_model%2Cmerchant_product_category_path%2Cmerchant_product_second_category%2Cmerchant_product_third_category%2Csavings_percent%2Cbase_price%2Cbase_price_amount%2Cbase_price_text%2Cproduct_price_old%2Cterms_of_contract%2Cstock_status%2Csize_stock_status%2Csize_stock_amount%2Calternate_image_two%2Calternate_image_three%2Cproduct_GTIN%2Calternate_image_four/"
"47149","Santoro Milan","GB","Not Joined","Awin","84237","awin","English","","2026-08-22 12:06:57","2026-08-22 16:15:14","10000","https://productdata.awin.com/datafeed/download/apikey/fe83c200b3de1c6c14a8a28f5f7162cd/fid/84237/format/csv/language/en/delimiter/%2C/compression/gzip/adultcontent/1/columns/data_feed_id%2Cmerchant_id%2Cmerchant_name%2Caw_product_id%2Caw_deep_link%2Caw_image_url%2Caw_thumb_url%2Ccategory_id%2Ccategory_name%2Cbrand_id%2Cbrand_name%2Cmerchant_product_id%2Cmerchant_category%2Cean%2Cmpn%2Cproduct_name%2Cdescription%2Cmerchant_deep_link%2Cmerchant_image_url%2Cdelivery_time%2Csearch_price%2Cdelivery_cost%2Cproduct_type%2Cdimensions%2Ccolour%2Ccustom_1/"
"48021","SODEAL CH","CH","Not Joined","Awin","84517","SODEAL-PRODUCTS-FRENCH","French","","2026-08-22 08:05:00","2026-08-22 16:05:06","442","https://productdata.awin.com/datafeed/download/apikey/fe83c200b3de1c6c14a8a28f5f7162cd/fid/84517/format/csv/language/fr/delimiter/%2C/compression/gzip/columns/data_feed_id%2Cmerchant_id%2Cmerchant_name%2Caw_product_id%2Caw_deep_link%2Caw_image_url%2Caw_thumb_url%2Ccategory_id%2Ccategory_name%2Cbrand_id%2Cbrand_name%2Cmerchant_product_id%2Cean%2Cproduct_name%2Cdescription%2Cmerchant_deep_link%2Cmerchant_image_url%2Cdelivery_time%2Csearch_price%2Cdelivery_cost%2Ccondition%2Ckeywords%2Cstock_status/"
"48021","SODEAL CH","CH","Not Joined","Awin","84531","SODEAL-DEUTSCH-PRODUCTS-FEED","German","","2026-08-22 07:06:58","2026-08-22 12:26:39","442","https://productdata.awin.com/datafeed/download/apikey/fe83c200b3de1c6c14a8a28f5f7162cd/fid/84531/format/csv/language/de/delimiter/%2C/compression/gzip/columns/data_feed_id%2Cmerchant_id%2Cmerchant_name%2Caw_product_id%2Caw_deep_link%2Caw_image_url%2Caw_thumb_url%2Ccategory_id%2Ccategory_name%2Cbrand_id%2Cbrand_name%2Cmerchant_product_id%2Cean%2Cproduct_name%2Cdescription%2Cmerchant_deep_link%2Cmerchant_image_url%2Cdelivery_time%2Csearch_price%2Cdelivery_cost%2Ccondition%2Ckeywords%2Cstock_status/"
"21251","Lyfespan","GB","Not Joined","Awin","84918","Default","English","","2026-08-22 12:07:40","2026-08-22 12:07:36","196","https://productdata.awin.com/datafeed/download/apikey/fe83c200b3de1c6c14a8a28f5f7162cd/fid/84918/format/csv/language/en/delimiter/%2C/compression/gzip/adultcontent/1/columns/data_feed_id%2Cmerchant_id%2Cmerchant_name%2Caw_product_id%2Caw_deep_link%2Caw_image_url%2Caw_thumb_url%2Ccategory_id%2Ccategory_name%2Cbrand_id%2Cbrand_name%2Cmerchant_product_id%2Cmerchant_category%2Cean%2Cmpn%2Cproduct_name%2Cdescription%2Cmerchant_deep_link%2Cmerchant_image_url%2Cdelivery_time%2Csearch_price%2Cdelivery_cost%2Cproduct_type%2Ccolour/"
"50893","Custom Splashbacks","GB","Not Joined","Awin","85194","Default","English","","2026-07-26 02:01:26","2026-08-16 02:01:24","408","https://productdata.awin.com/datafeed/download/apikey/fe83c200b3de1c6c14a8a28f5f7162cd/fid/85194/format/csv/language/en/delimiter/%2C/compression/gzip/adultcontent/1/columns/data_feed_id%2Cmerchant_id%2Cmerchant_name%2Caw_product_id%2Caw_deep_link%2Caw_image_url%2Caw_thumb_url%2Ccategory_id%2Ccategory_name%2Cbrand_id%2Cbrand_name%2Cmerchant_product_id%2Cmerchant_category%2Cupc%2Cean%2Cmpn%2Cisbn%2Cmodel_number%2Cproduct_name%2Cdescription%2Cspecifications%2Cpromotional_text%2Clanguage%2Cmerchant_deep_link%2Cdelivery_time%2Cvalid_from%2Cvalid_to%2Ccurrency%2Csearch_price%2Cstore_price%2Crrp_price%2Cdelivery_cost%2Cweb_offer%2Cpre_order%2Cin_stock%2Cstock_quantity%2Cis_for_sale%2Cwarranty%2Ccondition%2Cproduct_type%2Cparent_product_id%2Ccommission_group%2Clast_updated%2Cdimensions%2Ccolour%2Ckeywords%2Cdelivery_weight%2Cdelivery_restrictions%2Creviews%2Caverage_rating%2Cnumber_available%2Crating%2Calternate_image%2Clarge_image%2Cbasket_link%2Cproduct_short_description%2Cmerchant_product_second_category%2Cmerchant_product_third_category%2Cbase_price%2Cbase_price_amount%2Cbase_price_text%2Cproduct_price_old%2Cterms_of_contract%2Cstock_status%2Csize_stock_status%2Csize_stock_amount%2Calternate_image_two%2Calternate_image_three%2Cproduct_GTIN%2Calternate_image_four/"
"51891","Revolution Soft","ES","Not Joined","Awin","85464","Feed español","Spanish","","2026-05-15 15:13:20","","264","https://productdata.awin.com/datafeed/download/apikey/fe83c200b3de1c6c14a8a28f5f7162cd/fid/85464/format/csv/language/es/delimiter/%2C/compression/gzip/columns/data_feed_id%2Cmerchant_id%2Cmerchant_name%2Caw_product_id%2Caw_deep_link%2Caw_image_url%2Caw_thumb_url%2Ccategory_id%2Ccategory_name%2Cbrand_id%2Cbrand_name%2Cmerchant_product_id%2Cean%2Cproduct_name%2Cdescription%2Clanguage%2Cmerchant_deep_link%2Cdelivery_time%2Ccurrency%2Csearch_price%2Cstore_price%2Crrp_price%2Cdelivery_cost%2Cweb_offer%2Cpre_order%2Cin_stock%2Cstock_quantity%2Cis_for_sale%2Cwarranty%2Ccondition%2Cproduct_type%2Clast_updated%2Ckeywords%2Calternate_image%2Cproduct_short_description%2Cmerchant_product_category_path/"
"51891","Revolution Soft","ES","Not Joined","Awin","85467","English Feed","English","","2026-05-15 15:13:19","","264","https://productdata.awin.com/datafeed/download/apikey/fe83c200b3de1c6c14a8a28f5f7162cd/fid/85467/format/csv/language/en/delimiter/%2C/compression/gzip/columns/data_feed_id%2Cmerchant_id%2Cmerchant_name%2Caw_product_id%2Caw_deep_link%2Caw_image_url%2Caw_thumb_url%2Ccategory_id%2Ccategory_name%2Cbrand_id%2Cbrand_name%2Cmerchant_product_id%2Cean%2Cproduct_name%2Cdescription%2Clanguage%2Cmerchant_deep_link%2Cdelivery_time%2Ccurrency%2Csearch_price%2Cstore_price%2Crrp_price%2Cdelivery_cost%2Cweb_offer%2Cpre_order%2Cin_stock%2Cstock_quantity%2Cis_for_sale%2Cwarranty%2Ccondition%2Cproduct_type%2Clast_updated%2Ckeywords%2Calternate_image%2Cproduct_short_description%2Cmerchant_product_category_path/"
"52653","PERLETTI - OMBRELLI PER PASSIONE IT","IT","Not Joined","Awin","85556","Awin - PERLETTI","Italian","","2026-08-22 14:37:33","2026-08-22 14:37:30","687","https://productdata.awin.com/datafeed/download/apikey/fe83c200b3de1c6c14a8a28f5f7162cd/fid/85556/format/csv/language/it/delimiter/%2C/compression/gzip/columns/data_feed_id%2Cmerchant_id%2Cmerchant_name%2Caw_product_id%2Caw_deep_link%2Caw_image_url%2Caw_thumb_url%2Ccategory_id%2Ccategory_name%2Cbrand_id%2Cbrand_name%2Cmerchant_product_id%2Cmerchant_category%2Cean%2Cproduct_name%2Cdescription%2Cmerchant_deep_link%2Cmerchant_image_url%2Cdelivery_time%2Csearch_price%2Cdelivery_cost%2Cproduct_type%2Ccolour%2Ccustom_1/"
"54025","aZengear","GB","Not Joined","Awin","85854","Shopify Mulwi Feed","English","","2026-08-19 00:01:36","2026-08-19 00:01:33","76","https://productdata.awin.com/datafeed/download/apikey/fe83c200b3de1c6c14a8a28f5f7162cd/fid/85854/format/csv/language/en/delimiter/%2C/compression/gzip/adultcontent/1/columns/data_feed_id%2Cmerchant_id%2Cmerchant_name%2Caw_product_id%2Caw_deep_link%2Caw_image_url%2Caw_thumb_url%2Ccategory_id%2Ccategory_name%2Cbrand_id%2Cbrand_name%2Cmerchant_product_id%2Cmerchant_category%2Cean%2Cproduct_name%2Cdescription%2Cmerchant_deep_link%2Cmerchant_image_url%2Cdelivery_time%2Csearch_price%2Cdelivery_cost%2Cproduct_type%2Ccolour/"
"53027","FineBuy - Möbel zum Wohlfühlen DE","DE","Not Joined","Awin","86392","FineBuy - gesamtes Sortiment","German","","2026-08-22 14:50:11","2026-08-22 14:50:06","1299","https://productdata.awin.com/datafeed/download/apikey/fe83c200b3de1c6c14a8a28f5f7162cd/fid/86392/format/csv/language/de/delimiter/%2C/compression/gzip/columns/data_feed_id%2Cmerchant_id%2Cmerchant_name%2Caw_product_id%2Caw_deep_link%2Caw_image_url%2Caw_thumb_url%2Ccategory_id%2Ccategory_name%2Cbrand_id%2Cbrand_name%2Cmerchant_product_id%2Cmerchant_category%2Cmodel_number%2Cproduct_name%2Cdescription%2Clanguage%2Cmerchant_deep_link%2Cmerchant_image_url%2Ccurrency%2Csearch_price%2Cdelivery_cost%2Cstock_quantity%2Ccondition%2Ccolour%2Cdelivery_weight%2Calternate_image%2Calternate_image_two%2Calternate_image_three%2Cproduct_GTIN%2Calternate_image_four/"
"54305","Cocktail Crates","GB","Not Joined","Awin","86602","Cocktail Crates","English","","2026-08-22 13:03:17","2026-08-22 13:03:14","111","https://productdata.awin.com/datafeed/download/apikey/fe83c200b3de1c6c14a8a28f5f7162cd/fid/86602/format/csv/language/en/delimiter/%2C/compression/gzip/adultcontent/1/columns/data_feed_id%2Cmerchant_id%2Cmerchant_name%2Caw_product_id%2Caw_deep_link%2Caw_image_url%2Caw_thumb_url%2Ccategory_id%2Ccategory_name%2Cbrand_id%2Cbrand_name%2Cmerchant_product_id%2Cmerchant_category%2Cean%2Cmpn%2Cproduct_name%2Cdescription%2Cmerchant_deep_link%2Cmerchant_image_url%2Cdelivery_time%2Csearch_price%2Cdelivery_cost%2Cproduct_type%2Ccolour/"
"49101","Kokoso Baby","GB","Not Joined","Awin","86739","Awin Feed","English","","2026-08-22 14:42:18","2026-08-22 14:42:14","26","https://productdata.awin.com/datafeed/download/apikey/fe83c200b3de1c6c14a8a28f5f7162cd/fid/86739/format/csv/language/en/delimiter/%2C/compression/gzip/adultcontent/1/columns/data_feed_id%2Cmerchant_id%2Cmerchant_name%2Caw_product_id%2Caw_deep_link%2Caw_image_url%2Caw_thumb_url%2Ccategory_id%2Ccategory_name%2Cbrand_id%2Cbrand_name%2Cmerchant_product_id%2Cmerchant_category%2Cean%2Cmpn%2Cproduct_name%2Cdescription%2Cmerchant_deep_link%2Cmerchant_image_url%2Cdelivery_time%2Csearch_price%2Cdelivery_cost%2Cproduct_type%2Ccolour/"
"55601","Vegairoa","ES","Not Joined","Awin","86879","Predeterminado","Spanish","","2026-05-15 15:14:57","","32","https://productdata.awin.com/datafeed/download/apikey/fe83c200b3de1c6c14a8a28f5f7162cd/fid/86879/format/csv/language/es/delimiter/%2C/compression/gzip/columns/data_feed_id%2Cmerchant_id%2Cmerchant_name%2Caw_product_id%2Caw_deep_link%2Caw_image_url%2Caw_thumb_url%2Ccategory_id%2Ccategory_name%2Cbrand_id%2Cbrand_name%2Cmerchant_product_id%2Cmerchant_category%2Cproduct_name%2Cdescription%2Cmerchant_deep_link%2Cmerchant_image_url%2Csearch_price/"
"57285","garden sanctuary.","GB","Not Joined","Awin","86899","Awinfeed","English","Group Buying","2026-08-22 14:34:15","2026-08-22 14:34:08","1513","https://productdata.awin.com/datafeed/download/apikey/fe83c200b3de1c6c14a8a28f5f7162cd/fid/86899/format/csv/language/en/delimiter/%2C/compression/gzip/adultcontent/1/columns/data_feed_id%2Cmerchant_id%2Cmerchant_name%2Caw_product_id%2Caw_deep_link%2Caw_image_url%2Caw_thumb_url%2Ccategory_id%2Ccategory_name%2Cbrand_id%2Cbrand_name%2Cmerchant_product_id%2Cmerchant_category%2Cmpn%2Cproduct_name%2Cdescription%2Cmerchant_deep_link%2Cmerchant_image_url%2Cdelivery_time%2Csearch_price%2Cdelivery_cost%2Ccolour%2Cmerchant_product_second_category%2Cproduct_GTIN/"
"58269","Sportlädchen DE","DE","Not Joined","Awin","87197","Default","German","","2026-08-22 11:04:22","2026-08-22 11:03:45","1759","https://productdata.awin.com/datafeed/download/apikey/fe83c200b3de1c6c14a8a28f5f7162cd/fid/87197/format/csv/language/de/delimiter/%2C/compression/gzip/columns/data_feed_id%2Cmerchant_id%2Cmerchant_name%2Caw_product_id%2Caw_deep_link%2Caw_image_url%2Caw_thumb_url%2Ccategory_id%2Ccategory_name%2Cbrand_id%2Cbrand_name%2Cmerchant_product_id%2Cmerchant_category%2Cean%2Cproduct_name%2Cdescription%2Cspecifications%2Cmerchant_deep_link%2Cmerchant_image_url%2Ccurrency%2Csearch_price%2Cdelivery_cost%2Cin_stock%2Ccondition/"
"57469","Woodstore24 FR","FR","Not Joined","Awin","87242","Awin FR","French","","2026-08-21 13:01:51","2026-08-22 13:01:49","274","https://productdata.awin.com/datafeed/download/apikey/fe83c200b3de1c6c14a8a28f5f7162cd/fid/87242/format/csv/language/fr/delimiter/%2C/compression/gzip/columns/data_feed_id%2Cmerchant_id%2Cmerchant_name%2Caw_product_id%2Caw_deep_link%2Caw_image_url%2Caw_thumb_url%2Ccategory_id%2Ccategory_name%2Cbrand_id%2Cbrand_name%2Cmerchant_product_id%2Cupc%2Cean%2Cproduct_name%2Cdescription%2Cmerchant_deep_link%2Cmerchant_image_url%2Cdelivery_time%2Csearch_price%2Ccustom_2%2Ccustom_3%2Ccustom_4/"
"58623","HOMO NATURALS","ES","Not Joined","Awin","87441","Mulwi app Shopping feed","Spanish","","2026-08-22 12:08:05","2026-08-22 12:07:59","137","https://productdata.awin.com/datafeed/download/apikey/fe83c200b3de1c6c14a8a28f5f7162cd/fid/87441/format/csv/language/es/delimiter/%2C/compression/gzip/columns/data_feed_id%2Cmerchant_id%2Cmerchant_name%2Caw_product_id%2Caw_deep_link%2Caw_image_url%2Caw_thumb_url%2Ccategory_id%2Ccategory_name%2Cbrand_id%2Cbrand_name%2Cmerchant_product_id%2Cmerchant_category%2Cean%2Cmpn%2Cproduct_name%2Cdescription%2Cmerchant_deep_link%2Cmerchant_image_url%2Cdelivery_time%2Csearch_price%2Cdelivery_cost%2Cproduct_type%2Ccolour/"
"496","Tooled Up","GB","Not Joined","Awin","88907","Brand - ARS","English","","2026-08-22 06:01:42","2026-08-22 06:01:38","140","https://productdata.awin.com/datafeed/download/apikey/fe83c200b3de1c6c14a8a28f5f7162cd/fid/88907/format/csv/language/en/delimiter/%2C/compression/gzip/adultcontent/1/columns/data_feed_id%2Cmerchant_id%2Cmerchant_name%2Caw_product_id%2Caw_deep_link%2Caw_image_url%2Caw_thumb_url%2Ccategory_id%2Ccategory_name%2Cbrand_id%2Cbrand_name%2Cmerchant_product_id%2Cmerchant_category%2Cean%2Cmpn%2Cproduct_name%2Cdescription%2Cmerchant_deep_link%2Cmerchant_image_url%2Csearch_price%2Crrp_price%2Cdelivery_cost%2Cin_stock%2Cstock_status/"
"496","Tooled Up","GB","Not Joined","Awin","88909","Brand - Milwaukee","English","","2026-08-22 06:02:36","2026-08-22 06:02:31","809","https://productdata.awin.com/datafeed/download/apikey/fe83c200b3de1c6c14a8a28f5f7162cd/fid/88909/format/csv/language/en/delimiter/%2C/compression/gzip/adultcontent/1/columns/data_feed_id%2Cmerchant_id%2Cmerchant_name%2Caw_product_id%2Caw_deep_link%2Caw_image_url%2Caw_thumb_url%2Ccategory_id%2Ccategory_name%2Cbrand_id%2Cbrand_name%2Cmerchant_product_id%2Cmerchant_category%2Cean%2Cmpn%2Cproduct_name%2Cdescription%2Cmerchant_deep_link%2Cmerchant_image_url%2Csearch_price%2Crrp_price%2Cdelivery_cost%2Cin_stock%2Cstock_status/"
"496","Tooled Up","GB","Not Joined","Awin","88910","Brand - Einhell","English","","2026-08-22 06:02:12","2026-08-22 06:02:07","1093","https://productdata.awin.com/datafeed/download/apikey/fe83c200b3de1c6c14a8a28f5f7162cd/fid/88910/format/csv/language/en/delimiter/%2C/compression/gzip/adultcontent/1/columns/data_feed_id%2Cmerchant_id%2Cmerchant_name%2Caw_product_id%2Caw_deep_link%2Caw_image_url%2Caw_thumb_url%2Ccategory_id%2Ccategory_name%2Cbrand_id%2Cbrand_name%2Cmerchant_product_id%2Cmerchant_category%2Cean%2Cmpn%2Cproduct_name%2Cdescription%2Cmerchant_deep_link%2Cmerchant_image_url%2Csearch_price%2Crrp_price%2Cdelivery_cost%2Cin_stock%2Cstock_status/"
"496","Tooled Up","GB","Not Joined","Awin","88912","Brand - Webb","English","","2026-08-22 06:01:19","2026-08-22 06:01:15","176","https://productdata.awin.com/datafeed/download/apikey/fe83c200b3de1c6c14a8a28f5f7162cd/fid/88912/format/csv/language/en/delimiter/%2C/compression/gzip/adultcontent/1/columns/data_feed_id%2Cmerchant_id%2Cmerchant_name%2Caw_product_id%2Caw_deep_link%2Caw_image_url%2Caw_thumb_url%2Ccategory_id%2Ccategory_name%2Cbrand_id%2Cbrand_name%2Cmerchant_product_id%2Cmerchant_category%2Cean%2Cmpn%2Cproduct_name%2Cdescription%2Cmerchant_deep_link%2Cmerchant_image_url%2Csearch_price%2Crrp_price%2Cdelivery_cost%2Cin_stock%2Cstock_status/"
"496","Tooled Up","GB","Not Joined","Awin","88913","Brand - Greenworks","English","","2026-08-22 06:02:05","2026-08-22 06:02:01","80","https://productdata.awin.com/datafeed/download/apikey/fe83c200b3de1c6c14a8a28f5f7162cd/fid/88913/format/csv/language/en/delimiter/%2C/compression/gzip/adultcontent/1/columns/data_feed_id%2Cmerchant_id%2Cmerchant_name%2Caw_product_id%2Caw_deep_link%2Caw_image_url%2Caw_thumb_url%2Ccategory_id%2Ccategory_name%2Cbrand_id%2Cbrand_name%2Cmerchant_product_id%2Cmerchant_category%2Cean%2Cmpn%2Cproduct_name%2Cdescription%2Cmerchant_deep_link%2Cmerchant_image_url%2Csearch_price%2Crrp_price%2Cdelivery_cost%2Cin_stock%2Cstock_status/"
"496","Tooled Up","GB","Not Joined","Awin","88915","Brand - Handy","English","","2026-08-22 06:02:24","2026-08-22 06:02:20","142","https://productdata.awin.com/datafeed/download/apikey/fe83c200b3de1c6c14a8a28f5f7162cd/fid/88915/format/csv/language/en/delimiter/%2C/compression/gzip/adultcontent/1/columns/data_feed_id%2Cmerchant_id%2Cmerchant_name%2Caw_product_id%2Caw_deep_link%2Caw_image_url%2Caw_thumb_url%2Ccategory_id%2Ccategory_name%2Cbrand_id%2Cbrand_name%2Cmerchant_product_id%2Cmerchant_category%2Cean%2Cmpn%2Cproduct_name%2Cdescription%2Cmerchant_deep_link%2Cmerchant_image_url%2Csearch_price%2Crrp_price%2Cdelivery_cost%2Cin_stock%2Cstock_status/"
"496","Tooled Up","GB","Not Joined","Awin","88916","Brand - Wera","English","","2026-08-22 06:01:37","2026-08-22 06:01:32","1956","https://productdata.awin.com/datafeed/download/apikey/fe83c200b3de1c6c14a8a28f5f7162cd/fid/88916/format/csv/language/en/delimiter/%2C/compression/gzip/adultcontent/1/columns/data_feed_id%2Cmerchant_id%2Cmerchant_name%2Caw_product_id%2Caw_deep_link%2Caw_image_url%2Caw_thumb_url%2Ccategory_id%2Ccategory_name%2Cbrand_id%2Cbrand_name%2Cmerchant_product_id%2Cmerchant_category%2Cean%2Cmpn%2Cproduct_name%2Cdescription%2Cmerchant_deep_link%2Cmerchant_image_url%2Csearch_price%2Crrp_price%2Cdelivery_cost%2Cin_stock%2Cstock_status/"
"25962","BlazeVideo DE","DE","Not Joined","Awin","88951","BlazeVideo DE (shopping 24h)","German","","2026-05-15 15:17:00","2025-11-25 15:01:14","11","https://productdata.awin.com/datafeed/download/apikey/fe83c200b3de1c6c14a8a28f5f7162cd/fid/88951/format/csv/language/de/delimiter/%2C/compression/gzip/columns/aw_deep_link%2Cproduct_name%2Caw_product_id%2Cmerchant_product_id%2Cmerchant_image_url%2Cdescription%2Cmerchant_category%2Csearch_price%2Cmerchant_name%2Cmerchant_id%2Ccategory_name%2Ccategory_id%2Caw_image_url%2Ccurrency%2Cstore_price%2Cdelivery_cost%2Cmerchant_deep_link%2Clanguage%2Clast_updated%2Cbrand_name%2Cbrand_id%2Ccolour%2Cproduct_short_description%2Cspecifications%2Ccondition%2Cproduct_model%2Cmodel_number%2Cdimensions%2Ckeywords%2Cpromotional_text%2Cproduct_type%2Ccommission_group%2Cmerchant_product_category_path%2Cmerchant_product_second_category%2Cmerchant_product_third_category%2Crrp_price%2Csaving%2Csavings_percent%2Cbase_price%2Cbase_price_amount%2Cbase_price_text%2Cproduct_price_old%2Cdelivery_restrictions%2Cdelivery_weight%2Cwarranty%2Cterms_of_contract%2Cdelivery_time%2Cin_stock%2Cstock_quantity%2Cvalid_from%2Cvalid_to%2Cis_for_sale%2Cweb_offer%2Cpre_order%2Cstock_status%2Csize_stock_status%2Csize_stock_amount%2Cmerchant_thumb_url%2Clarge_image%2Calternate_image%2Caw_thumb_url%2Calternate_image_two%2Calternate_image_three%2Calternate_image_four%2Creviews%2Caverage_rating%2Crating%2Cnumber_available%2Ccustom_1%2Ccustom_2%2Ccustom_3%2Ccustom_4%2Ccustom_5%2Ccustom_6%2Ccustom_7%2Ccustom_8%2Ccustom_9%2Cean%2Cisbn%2Cupc%2Cmpn%2Cparent_product_id%2Cproduct_GTIN%2Cbasket_link/"
"496","Tooled Up","GB","Not Joined","Awin","88957","Brand - Hozelock","English","","2026-08-22 06:01:30","2026-08-22 06:01:26","233","https://productdata.awin.com/datafeed/download/apikey/fe83c200b3de1c6c14a8a28f5f7162cd/fid/88957/format/csv/language/en/delimiter/%2C/compression/gzip/adultcontent/1/columns/data_feed_id%2Cmerchant_id%2Cmerchant_name%2Caw_product_id%2Caw_deep_link%2Caw_image_url%2Caw_thumb_url%2Ccategory_id%2Ccategory_name%2Cbrand_id%2Cbrand_name%2Cmerchant_product_id%2Cmerchant_category%2Cean%2Cmpn%2Cproduct_name%2Cdescription%2Cmerchant_deep_link%2Cmerchant_image_url%2Csearch_price%2Crrp_price%2Cdelivery_cost%2Cin_stock%2Cstock_status/"
"496","Tooled Up","GB","Not Joined","Awin","88959","Brand - Siegen","English","","2026-08-19 06:02:25","2026-08-22 06:01:11","434","https://productdata.awin.com/datafeed/download/apikey/fe83c200b3de1c6c14a8a28f5f7162cd/fid/88959/format/csv/language/en/delimiter/%2C/compression/gzip/adultcontent/1/columns/data_feed_id%2Cmerchant_id%2Cmerchant_name%2Caw_product_id%2Caw_deep_link%2Caw_image_url%2Caw_thumb_url%2Ccategory_id%2Ccategory_name%2Cbrand_id%2Cbrand_name%2Cmerchant_product_id%2Cmerchant_category%2Cean%2Cmpn%2Cproduct_name%2Cdescription%2Cmerchant_deep_link%2Cmerchant_image_url%2Csearch_price%2Crrp_price%2Cdelivery_cost%2Cin_stock%2Cstock_status/"
"496","Tooled Up","GB","Not Joined","Awin","88960","Brand - Snickers","English","","2026-08-18 06:01:48","2026-08-22 06:02:16","196","https://productdata.awin.com/datafeed/download/apikey/fe83c200b3de1c6c14a8a28f5f7162cd/fid/88960/format/csv/language/en/delimiter/%2C/compression/gzip/adultcontent/1/columns/data_feed_id%2Cmerchant_id%2Cmerchant_name%2Caw_product_id%2Caw_deep_link%2Caw_image_url%2Caw_thumb_url%2Ccategory_id%2Ccategory_name%2Cbrand_id%2Cbrand_name%2Cmerchant_product_id%2Cmerchant_category%2Cean%2Cmpn%2Cproduct_name%2Cdescription%2Cmerchant_deep_link%2Cmerchant_image_url%2Csearch_price%2Crrp_price%2Cdelivery_cost%2Cin_stock%2Cstock_status/"
"496","Tooled Up","GB","Not Joined","Awin","88961","Brand - Solo","English","","2026-08-13 06:01:26","2026-08-22 06:01:06","8","https://productdata.awin.com/datafeed/download/apikey/fe83c200b3de1c6c14a8a28f5f7162cd/fid/88961/format/csv/language/en/delimiter/%2C/compression/gzip/adultcontent/1/columns/data_feed_id%2Cmerchant_id%2Cmerchant_name%2Caw_product_id%2Caw_deep_link%2Caw_image_url%2Caw_thumb_url%2Ccategory_id%2Ccategory_name%2Cbrand_id%2Cbrand_name%2Cmerchant_product_id%2Cean%2Cmpn%2Cproduct_name%2Cdescription%2Cmerchant_deep_link%2Cmerchant_image_url%2Csearch_price%2Crrp_price%2Cdelivery_cost%2Cin_stock%2Cproduct_price_old%2Cstock_status/"
"496","Tooled Up","GB","Not Joined","Awin","88962","Brand - Steinel","English","","2026-08-22 06:01:54","2026-08-22 06:01:50","39","https://productdata.awin.com/datafeed/download/apikey/fe83c200b3de1c6c14a8a28f5f7162cd/fid/88962/format/csv/language/en/delimiter/%2C/compression/gzip/adultcontent/1/columns/data_feed_id%2Cmerchant_id%2Cmerchant_name%2Caw_product_id%2Caw_deep_link%2Caw_image_url%2Caw_thumb_url%2Ccategory_id%2Ccategory_name%2Cbrand_id%2Cbrand_name%2Cmerchant_product_id%2Cmerchant_category%2Cean%2Cmpn%2Cproduct_name%2Cdescription%2Cmerchant_deep_link%2Cmerchant_image_url%2Csearch_price%2Crrp_price%2Cdelivery_cost%2Cin_stock%2Cstock_status/"
"496","Tooled Up","GB","Not Joined","Awin","88963","Brand - Town & Country","English","","2026-08-22 06:01:25","2026-08-22 06:01:21","231","https://productdata.awin.com/datafeed/download/apikey/fe83c200b3de1c6c14a8a28f5f7162cd/fid/88963/format/csv/language/en/delimiter/%2C/compression/gzip/adultcontent/1/columns/data_feed_id%2Cmerchant_id%2Cmerchant_name%2Caw_product_id%2Caw_deep_link%2Caw_image_url%2Caw_thumb_url%2Ccategory_id%2Ccategory_name%2Cbrand_id%2Cbrand_name%2Cmerchant_product_id%2Cmerchant_category%2Cean%2Cmpn%2Cproduct_name%2Cdescription%2Cmerchant_deep_link%2Cmerchant_image_url%2Csearch_price%2Crrp_price%2Cdelivery_cost%2Cin_stock%2Cstock_status/"
"496","Tooled Up","GB","Not Joined","Awin","88968","Brand - Karcher Pro","English","","2026-08-22 06:01:59","2026-08-22 06:01:55","350","https://productdata.awin.com/datafeed/download/apikey/fe83c200b3de1c6c14a8a28f5f7162cd/fid/88968/format/csv/language/en/delimiter/%2C/compression/gzip/adultcontent/1/columns/data_feed_id%2Cmerchant_id%2Cmerchant_name%2Caw_product_id%2Caw_deep_link%2Caw_image_url%2Caw_thumb_url%2Ccategory_id%2Ccategory_name%2Cbrand_id%2Cbrand_name%2Cmerchant_product_id%2Cmerchant_category%2Cean%2Cmpn%2Cproduct_name%2Cdescription%2Cmerchant_deep_link%2Cmerchant_image_url%2Csearch_price%2Crrp_price%2Cdelivery_cost%2Cin_stock%2Cstock_status/"
"66486","BlazeVideo FR","FR","Not Joined","Awin","89088","BlazeVideo France Top-Selling","French","","2026-08-22 05:01:24","2026-08-22 06:50:18","13","https://productdata.awin.com/datafeed/download/apikey/fe83c200b3de1c6c14a8a28f5f7162cd/fid/89088/format/csv/language/fr/delimiter/%2C/compression/gzip/columns/aw_deep_link%2Cproduct_name%2Caw_product_id%2Cmerchant_product_id%2Cmerchant_image_url%2Cdescription%2Cmerchant_category%2Csearch_price%2Cmerchant_name%2Cmerchant_id%2Ccategory_name%2Ccategory_id%2Caw_image_url%2Ccurrency%2Cstore_price%2Cdelivery_cost%2Cmerchant_deep_link%2Clanguage%2Clast_updated%2Cbrand_name%2Cbrand_id%2Ccolour%2Cproduct_short_description%2Cspecifications%2Ccondition%2Cproduct_model%2Cmodel_number%2Cdimensions%2Ckeywords%2Cpromotional_text%2Cproduct_type%2Ccommission_group%2Cmerchant_product_category_path%2Cmerchant_product_second_category%2Cmerchant_product_third_category%2Crrp_price%2Csaving%2Csavings_percent%2Cbase_price%2Cbase_price_amount%2Cbase_price_text%2Cproduct_price_old%2Cdelivery_restrictions%2Cdelivery_weight%2Cwarranty%2Cterms_of_contract%2Cdelivery_time%2Cin_stock%2Cstock_quantity%2Cvalid_from%2Cvalid_to%2Cis_for_sale%2Cweb_offer%2Cpre_order%2Cstock_status%2Csize_stock_status%2Csize_stock_amount%2Cmerchant_thumb_url%2Clarge_image%2Calternate_image%2Caw_thumb_url%2Calternate_image_two%2Calternate_image_three%2Calternate_image_four%2Creviews%2Caverage_rating%2Crating%2Cnumber_available%2Ccustom_1%2Ccustom_2%2Ccustom_3%2Ccustom_4%2Ccustom_5%2Ccustom_6%2Ccustom_7%2Ccustom_8%2Ccustom_9%2Cean%2Cisbn%2Cupc%2Cmpn%2Cparent_product_id%2Cproduct_GTIN%2Cbasket_link/"
"66486","BlazeVideo FR","FR","Not Joined","Awin","89124","BlazeVideo France idealo - feed price comparison","French","","2026-08-22 12:02:35","2026-08-22 16:13:34","26","https://productdata.awin.com/datafeed/download/apikey/fe83c200b3de1c6c14a8a28f5f7162cd/fid/89124/format/csv/language/fr/delimiter/%2C/compression/gzip/columns/aw_deep_link%2Cproduct_name%2Caw_product_id%2Cmerchant_product_id%2Cmerchant_image_url%2Cdescription%2Cmerchant_category%2Csearch_price%2Cmerchant_name%2Cmerchant_id%2Ccategory_name%2Ccategory_id%2Caw_image_url%2Ccurrency%2Cstore_price%2Cdelivery_cost%2Cmerchant_deep_link%2Clanguage%2Clast_updated%2Cbrand_name%2Cbrand_id%2Ccolour%2Cproduct_short_description%2Cspecifications%2Ccondition%2Cproduct_model%2Cmodel_number%2Cdimensions%2Ckeywords%2Cpromotional_text%2Cproduct_type%2Ccommission_group%2Cmerchant_product_category_path%2Cmerchant_product_second_category%2Cmerchant_product_third_category%2Crrp_price%2Csaving%2Csavings_percent%2Cbase_price%2Cbase_price_amount%2Cbase_price_text%2Cproduct_price_old%2Cdelivery_restrictions%2Cdelivery_weight%2Cwarranty%2Cterms_of_contract%2Cdelivery_time%2Cin_stock%2Cstock_quantity%2Cvalid_from%2Cvalid_to%2Cis_for_sale%2Cweb_offer%2Cpre_order%2Cstock_status%2Csize_stock_status%2Csize_stock_amount%2Cmerchant_thumb_url%2Clarge_image%2Calternate_image%2Caw_thumb_url%2Calternate_image_two%2Calternate_image_three%2Calternate_image_four%2Creviews%2Caverage_rating%2Crating%2Cnumber_available%2Ccustom_1%2Ccustom_2%2Ccustom_3%2Ccustom_4%2Ccustom_5%2Ccustom_6%2Ccustom_7%2Ccustom_8%2Ccustom_9%2Cean%2Cisbn%2Cupc%2Cmpn%2Cparent_product_id%2Cproduct_GTIN%2Cbasket_link/"
"66486","BlazeVideo FR","FR","Not Joined","Awin","89252","BlazeVideo FR (shopping 24h)","French","","2026-08-20 05:00:11","2026-08-20 05:00:07","7","https://productdata.awin.com/datafeed/download/apikey/fe83c200b3de1c6c14a8a28f5f7162cd/fid/89252/format/csv/language/fr/delimiter/%2C/compression/gzip/columns/aw_deep_link%2Cproduct_name%2Caw_product_id%2Cmerchant_product_id%2Cmerchant_image_url%2Cdescription%2Cmerchant_category%2Csearch_price%2Cmerchant_name%2Cmerchant_id%2Ccategory_name%2Ccategory_id%2Caw_image_url%2Ccurrency%2Cstore_price%2Cdelivery_cost%2Cmerchant_deep_link%2Clanguage%2Clast_updated%2Cbrand_name%2Cbrand_id%2Ccolour%2Cproduct_short_description%2Cspecifications%2Ccondition%2Cproduct_model%2Cmodel_number%2Cdimensions%2Ckeywords%2Cpromotional_text%2Cproduct_type%2Ccommission_group%2Cmerchant_product_category_path%2Cmerchant_product_second_category%2Cmerchant_product_third_category%2Crrp_price%2Csaving%2Csavings_percent%2Cbase_price%2Cbase_price_amount%2Cbase_price_text%2Cproduct_price_old%2Cdelivery_restrictions%2Cdelivery_weight%2Cwarranty%2Cterms_of_contract%2Cdelivery_time%2Cin_stock%2Cstock_quantity%2Cvalid_from%2Cvalid_to%2Cis_for_sale%2Cweb_offer%2Cpre_order%2Cstock_status%2Csize_stock_status%2Csize_stock_amount%2Cmerchant_thumb_url%2Clarge_image%2Calternate_image%2Caw_thumb_url%2Calternate_image_two%2Calternate_image_three%2Calternate_image_four%2Creviews%2Caverage_rating%2Crating%2Cnumber_available%2Ccustom_1%2Ccustom_2%2Ccustom_3%2Ccustom_4%2Ccustom_5%2Ccustom_6%2Ccustom_7%2Ccustom_8%2Ccustom_9%2Cean%2Cisbn%2Cupc%2Cmpn%2Cparent_product_id%2Cproduct_GTIN%2Cbasket_link/"
"66486","BlazeVideo FR","FR","Not Joined","Awin","89534","BlazeVideo France","French","","2026-08-22 06:04:32","2026-08-22 07:30:59","28","https://productdata.awin.com/datafeed/download/apikey/fe83c200b3de1c6c14a8a28f5f7162cd/fid/89534/format/csv/language/fr/delimiter/%2C/compression/gzip/columns/aw_deep_link%2Cproduct_name%2Caw_product_id%2Cmerchant_product_id%2Cmerchant_image_url%2Cdescription%2Cmerchant_category%2Csearch_price%2Cmerchant_name%2Cmerchant_id%2Ccategory_name%2Ccategory_id%2Caw_image_url%2Ccurrency%2Cstore_price%2Cdelivery_cost%2Cmerchant_deep_link%2Clanguage%2Clast_updated%2Cbrand_name%2Cbrand_id%2Ccolour%2Cproduct_short_description%2Cspecifications%2Ccondition%2Cproduct_model%2Cmodel_number%2Cdimensions%2Ckeywords%2Cpromotional_text%2Cproduct_type%2Ccommission_group%2Cmerchant_product_category_path%2Cmerchant_product_second_category%2Cmerchant_product_third_category%2Crrp_price%2Csaving%2Csavings_percent%2Cbase_price%2Cbase_price_amount%2Cbase_price_text%2Cproduct_price_old%2Cdelivery_restrictions%2Cdelivery_weight%2Cwarranty%2Cterms_of_contract%2Cdelivery_time%2Cin_stock%2Cstock_quantity%2Cvalid_from%2Cvalid_to%2Cis_for_sale%2Cweb_offer%2Cpre_order%2Cstock_status%2Csize_stock_status%2Csize_stock_amount%2Cmerchant_thumb_url%2Clarge_image%2Calternate_image%2Caw_thumb_url%2Calternate_image_two%2Calternate_image_three%2Calternate_image_four%2Creviews%2Caverage_rating%2Crating%2Cnumber_available%2Ccustom_1%2Ccustom_2%2Ccustom_3%2Ccustom_4%2Ccustom_5%2Ccustom_6%2Ccustom_7%2Ccustom_8%2Ccustom_9%2Cean%2Cisbn%2Cupc%2Cmpn%2Cparent_product_id%2Cproduct_GTIN%2Cbasket_link/"
"38874","Bazta NL","NL","Not Joined","Awin","89758","Awin - Full","Dutch","","2026-08-22 16:13:18","2026-08-22 16:13:06","9052","https://productdata.awin.com/datafeed/download/apikey/fe83c200b3de1c6c14a8a28f5f7162cd/fid/89758/format/csv/language/nl/delimiter/%2C/compression/gzip/columns/data_feed_id%2Cmerchant_id%2Cmerchant_name%2Caw_product_id%2Caw_deep_link%2Caw_image_url%2Caw_thumb_url%2Ccategory_id%2Ccategory_name%2Cbrand_id%2Cbrand_name%2Cmerchant_product_id%2Cmerchant_category%2Cmpn%2Cproduct_name%2Cdescription%2Cmerchant_deep_link%2Cmerchant_image_url%2Csearch_price%2Cdelivery_cost%2Cweb_offer%2Cpre_order%2Cstock_quantity%2Cis_for_sale%2Ccondition%2Ccommission_group%2Ccolour%2Ccustom_1%2Ccustom_2%2Calternate_image%2Cmerchant_product_category_path%2Cmerchant_product_second_category%2Cmerchant_product_third_category%2Cstock_status%2Cproduct_GTIN/"
"16274","Plusshop SE","SE","Not Joined","Awin","89814","Awin - Full Normal Price (For Google CSS partners)","Swedish","","2026-08-22 16:15:41","2026-08-22 16:15:28","9060","https://productdata.awin.com/datafeed/download/apikey/fe83c200b3de1c6c14a8a28f5f7162cd/fid/89814/format/csv/language/sv/delimiter/%2C/compression/gzip/columns/data_feed_id%2Cmerchant_id%2Cmerchant_name%2Caw_product_id%2Caw_deep_link%2Caw_image_url%2Caw_thumb_url%2Ccategory_id%2Ccategory_name%2Cbrand_id%2Cbrand_name%2Cmerchant_product_id%2Cmerchant_category%2Cmpn%2Cproduct_name%2Cdescription%2Cmerchant_deep_link%2Cmerchant_image_url%2Csearch_price%2Cdelivery_cost%2Cweb_offer%2Cpre_order%2Cin_stock%2Cstock_quantity%2Cis_for_sale%2Ccondition%2Ccommission_group%2Ccolour%2Ccustom_1%2Ccustom_2%2Calternate_image%2Cmerchant_product_category_path%2Cmerchant_product_second_category%2Cmerchant_product_third_category%2Ccustom_9%2Cproduct_GTIN/"
"16274","Plusshop SE","SE","Not Joined","Awin","89815","Awin - Full (memberprices)","Swedish","","2026-08-22 16:15:59","2026-08-22 16:15:47","9060","https://productdata.awin.com/datafeed/download/apikey/fe83c200b3de1c6c14a8a28f5f7162cd/fid/89815/format/csv/language/sv/delimiter/%2C/compression/gzip/columns/data_feed_id%2Cmerchant_id%2Cmerchant_name%2Caw_product_id%2Caw_deep_link%2Caw_image_url%2Caw_thumb_url%2Ccategory_id%2Ccategory_name%2Cbrand_id%2Cbrand_name%2Cmerchant_product_id%2Cmerchant_category%2Cmpn%2Cproduct_name%2Cdescription%2Cmerchant_deep_link%2Cmerchant_image_url%2Csearch_price%2Cdelivery_cost%2Cweb_offer%2Cpre_order%2Cin_stock%2Cstock_quantity%2Cis_for_sale%2Ccondition%2Ccommission_group%2Ccolour%2Ccustom_1%2Ccustom_2%2Calternate_image%2Cmerchant_product_category_path%2Cmerchant_product_second_category%2Cmerchant_product_third_category%2Ccustom_9%2Cproduct_GTIN/"
"29511","Plusshop IE","IE","Not Joined","Awin","89816","Awin - Full Normal Price (For Google CSS partners)","English","","2026-08-22 16:15:39","2026-08-22 16:15:28","8960","https://productdata.awin.com/datafeed/download/apikey/fe83c200b3de1c6c14a8a28f5f7162cd/fid/89816/format/csv/language/en/delimiter/%2C/compression/gzip/adultcontent/1/columns/data_feed_id%2Cmerchant_id%2Cmerchant_name%2Caw_product_id%2Caw_deep_link%2Caw_image_url%2Caw_thumb_url%2Ccategory_id%2Ccategory_name%2Cbrand_id%2Cbrand_name%2Cmerchant_product_id%2Cmerchant_category%2Cmpn%2Cproduct_name%2Cdescription%2Cmerchant_deep_link%2Cmerchant_image_url%2Csearch_price%2Cdelivery_cost%2Cweb_offer%2Cpre_order%2Cin_stock%2Cstock_quantity%2Cis_for_sale%2Ccondition%2Ccommission_group%2Ccolour%2Ccustom_1%2Calternate_image%2Cmerchant_product_category_path%2Cmerchant_product_second_category%2Cmerchant_product_third_category%2Ccustom_9%2Cproduct_GTIN/"
"29511","Plusshop IE","IE","Not Joined","Awin","89818","Awin - Full (memberprices)","English","","2026-08-22 14:42:15","2026-08-22 14:42:02","8960","https://productdata.awin.com/datafeed/download/apikey/fe83c200b3de1c6c14a8a28f5f7162cd/fid/89818/format/csv/language/en/delimiter/%2C/compression/gzip/adultcontent/1/columns/data_feed_id%2Cmerchant_id%2Cmerchant_name%2Caw_product_id%2Caw_deep_link%2Caw_image_url%2Caw_thumb_url%2Ccategory_id%2Ccategory_name%2Cbrand_id%2Cbrand_name%2Cmerchant_product_id%2Cmerchant_category%2Cmpn%2Cproduct_name%2Cdescription%2Cmerchant_deep_link%2Cmerchant_image_url%2Csearch_price%2Cdelivery_cost%2Cweb_offer%2Cpre_order%2Cin_stock%2Cstock_quantity%2Cis_for_sale%2Ccondition%2Ccommission_group%2Ccolour%2Ccustom_1%2Ccustom_2%2Calternate_image%2Cmerchant_product_category_path%2Cmerchant_product_second_category%2Cmerchant_product_third_category%2Ccustom_9%2Cproduct_GTIN/"
"38872","Bazta BE","BE","Not Joined","Awin","89827","Awin - Full (memberprices)","Dutch","","2026-08-22 16:13:18","2026-08-22 16:13:06","9048","https://productdata.awin.com/datafeed/download/apikey/fe83c200b3de1c6c14a8a28f5f7162cd/fid/89827/format/csv/language/nl/delimiter/%2C/compression/gzip/columns/data_feed_id%2Cmerchant_id%2Cmerchant_name%2Caw_product_id%2Caw_deep_link%2Caw_image_url%2Caw_thumb_url%2Ccategory_id%2Ccategory_name%2Cbrand_id%2Cbrand_name%2Cmerchant_product_id%2Cmerchant_category%2Cmpn%2Cproduct_name%2Cdescription%2Cmerchant_deep_link%2Cmerchant_image_url%2Csearch_price%2Cdelivery_cost%2Cweb_offer%2Cpre_order%2Cin_stock%2Cstock_quantity%2Cis_for_sale%2Ccondition%2Ccommission_group%2Ccolour%2Ccustom_1%2Calternate_image%2Cmerchant_product_category_path%2Cmerchant_product_second_category%2Cmerchant_product_third_category%2Cproduct_GTIN/"
"496","Tooled Up","GB","Not Joined","Awin","89987","All Products (New Feed with Improved Variations, Colour, Descriptions)","English","","2026-08-22 07:05:34","2026-08-22 07:03:53","84233","https://productdata.awin.com/datafeed/download/apikey/fe83c200b3de1c6c14a8a28f5f7162cd/fid/89987/format/csv/language/en/delimiter/%2C/compression/gzip/adultcontent/1/columns/data_feed_id%2Cmerchant_id%2Cmerchant_name%2Caw_product_id%2Caw_deep_link%2Caw_image_url%2Caw_thumb_url%2Ccategory_id%2Ccategory_name%2Cbrand_id%2Cbrand_name%2Cmerchant_product_id%2Cmerchant_category%2Cean%2Cmpn%2Cproduct_name%2Cdescription%2Cmerchant_deep_link%2Cmerchant_image_url%2Csearch_price%2Crrp_price%2Cdelivery_cost%2Cin_stock%2Ccolour%2Ccustom_1%2Ccustom_2%2Ccustom_3%2Cmerchant_product_category_path%2Cstock_status/"
"68962","My Mini Maker","GB","Not Joined","Awin","89990","Shopify -> Mulwi","English","","2026-08-16 23:01:07","2026-08-16 23:01:03","75","https://productdata.awin.com/datafeed/download/apikey/fe83c200b3de1c6c14a8a28f5f7162cd/fid/89990/format/csv/language/en/delimiter/%2C/compression/gzip/adultcontent/1/columns/data_feed_id%2Cmerchant_id%2Cmerchant_name%2Caw_product_id%2Caw_deep_link%2Caw_image_url%2Caw_thumb_url%2Ccategory_id%2Ccategory_name%2Cbrand_id%2Cbrand_name%2Cmerchant_product_id%2Cmerchant_category%2Cean%2Cmpn%2Cproduct_name%2Cdescription%2Cmerchant_deep_link%2Cmerchant_image_url%2Cdelivery_time%2Csearch_price%2Cdelivery_cost%2Ccolour%2Ccustom_1/"
"69306","Plusshop UK","GB","Not Joined","Awin","89999","Awin - Full Normal Price (For Google CSS partners)","English","","2026-08-22 13:05:03","2026-08-22 13:04:49","8839","https://productdata.awin.com/datafeed/download/apikey/fe83c200b3de1c6c14a8a28f5f7162cd/fid/89999/format/csv/language/en/delimiter/%2C/compression/gzip/adultcontent/1/columns/data_feed_id%2Cmerchant_id%2Cmerchant_name%2Caw_product_id%2Caw_deep_link%2Caw_image_url%2Caw_thumb_url%2Ccategory_id%2Ccategory_name%2Cbrand_id%2Cbrand_name%2Cmerchant_product_id%2Cmerchant_category%2Cmpn%2Cproduct_name%2Cdescription%2Cmerchant_deep_link%2Cmerchant_image_url%2Csearch_price%2Cdelivery_cost%2Cweb_offer%2Cpre_order%2Cstock_quantity%2Cis_for_sale%2Ccondition%2Ccommission_group%2Ccustom_1%2Calternate_image%2Cmerchant_product_category_path%2Cmerchant_product_second_category%2Cmerchant_product_third_category%2Cstock_status%2Ccustom_9%2Cproduct_GTIN/"
"69306","Plusshop UK","GB","Not Joined","Awin","90001","Awin - Full (memberprices)","English","","2026-08-22 13:03:48","2026-08-22 13:03:36","8839","https://productdata.awin.com/datafeed/download/apikey/fe83c200b3de1c6c14a8a28f5f7162cd/fid/90001/format/csv/language/en/delimiter/%2C/compression/gzip/adultcontent/1/columns/data_feed_id%2Cmerchant_id%2Cmerchant_name%2Caw_product_id%2Caw_deep_link%2Caw_image_url%2Caw_thumb_url%2Ccategory_id%2Ccategory_name%2Cbrand_id%2Cbrand_name%2Cmerchant_product_id%2Cmerchant_category%2Cmpn%2Cproduct_name%2Cdescription%2Cmerchant_deep_link%2Cmerchant_image_url%2Csearch_price%2Cdelivery_cost%2Cweb_offer%2Cpre_order%2Cstock_quantity%2Cis_for_sale%2Ccondition%2Ccommission_group%2Ccolour%2Ccustom_1%2Calternate_image%2Cmerchant_product_category_path%2Cmerchant_product_second_category%2Cmerchant_product_third_category%2Cstock_status%2Ccustom_9%2Cproduct_GTIN/"
"69308","Brandsaver NL","NL","Not Joined","Awin","90003","Awin - Full Normal Price (For Google CSS partners)","Dutch","","2026-08-22 16:15:59","2026-08-22 16:15:47","9056","https://productdata.awin.com/datafeed/download/apikey/fe83c200b3de1c6c14a8a28f5f7162cd/fid/90003/format/csv/language/nl/delimiter/%2C/compression/gzip/columns/data_feed_id%2Cmerchant_id%2Cmerchant_name%2Caw_product_id%2Caw_deep_link%2Caw_image_url%2Caw_thumb_url%2Ccategory_id%2Ccategory_name%2Cbrand_id%2Cbrand_name%2Cmerchant_product_id%2Cmerchant_category%2Cmpn%2Cproduct_name%2Cdescription%2Cmerchant_deep_link%2Cmerchant_image_url%2Csearch_price%2Cdelivery_cost%2Cweb_offer%2Cpre_order%2Cstock_quantity%2Cis_for_sale%2Ccondition%2Ccommission_group%2Ccolour%2Ccustom_1%2Calternate_image%2Cmerchant_product_category_path%2Cmerchant_product_second_category%2Cmerchant_product_third_category%2Cstock_status%2Ccustom_9%2Cproduct_GTIN/"
"69308","Brandsaver NL","NL","Not Joined","Awin","90004","Awin - Full (memberprices)","Dutch","","2026-08-22 16:15:41","2026-08-22 16:15:29","9056","https://productdata.awin.com/datafeed/download/apikey/fe83c200b3de1c6c14a8a28f5f7162cd/fid/90004/format/csv/language/nl/delimiter/%2C/compression/gzip/columns/data_feed_id%2Cmerchant_id%2Cmerchant_name%2Caw_product_id%2Caw_deep_link%2Caw_image_url%2Caw_thumb_url%2Ccategory_id%2Ccategory_name%2Cbrand_id%2Cbrand_name%2Cmerchant_product_id%2Cmerchant_category%2Cmpn%2Cproduct_name%2Cdescription%2Cmerchant_deep_link%2Cmerchant_image_url%2Csearch_price%2Cdelivery_cost%2Cweb_offer%2Cpre_order%2Cstock_quantity%2Cis_for_sale%2Ccondition%2Ccommission_group%2Ccolour%2Ccustom_1%2Calternate_image%2Cmerchant_product_category_path%2Cmerchant_product_second_category%2Cmerchant_product_third_category%2Cstock_status%2Ccustom_9%2Cproduct_GTIN/"
"69420","Brandsaver BE","BE","Not Joined","Awin","90005","Awin - Full Normal Price (For Google CSS partners)","Dutch","","2026-08-22 16:16:18","2026-08-22 16:16:07","9053","https://productdata.awin.com/datafeed/download/apikey/fe83c200b3de1c6c14a8a28f5f7162cd/fid/90005/format/csv/language/nl/delimiter/%2C/compression/gzip/columns/data_feed_id%2Cmerchant_id%2Cmerchant_name%2Caw_product_id%2Caw_deep_link%2Caw_image_url%2Caw_thumb_url%2Ccategory_id%2Ccategory_name%2Cbrand_id%2Cbrand_name%2Cmerchant_product_id%2Cmerchant_category%2Cmpn%2Cproduct_name%2Cdescription%2Cmerchant_deep_link%2Csearch_price%2Cdelivery_cost%2Cweb_offer%2Cpre_order%2Cin_stock%2Cstock_quantity%2Cis_for_sale%2Ccondition%2Ccommission_group%2Ccolour%2Ccustom_1%2Calternate_image%2Cmerchant_product_category_path%2Cmerchant_product_second_category%2Cmerchant_product_third_category%2Cstock_status%2Ccustom_9%2Cproduct_GTIN/"
"69420","Brandsaver BE","BE","Not Joined","Awin","90006","Awin - Full (memberprices)","Dutch","","2026-08-22 16:15:59","2026-08-22 16:15:47","9053","https://productdata.awin.com/datafeed/download/apikey/fe83c200b3de1c6c14a8a28f5f7162cd/fid/90006/format/csv/language/nl/delimiter/%2C/compression/gzip/columns/data_feed_id%2Cmerchant_id%2Cmerchant_name%2Caw_product_id%2Caw_deep_link%2Caw_image_url%2Caw_thumb_url%2Ccategory_id%2Ccategory_name%2Cbrand_id%2Cbrand_name%2Cmerchant_product_id%2Cmerchant_category%2Cmpn%2Cproduct_name%2Cdescription%2Cmerchant_deep_link%2Csearch_price%2Cdelivery_cost%2Cweb_offer%2Cpre_order%2Cin_stock%2Cstock_quantity%2Cis_for_sale%2Ccondition%2Ccommission_group%2Ccolour%2Ccustom_1%2Calternate_image%2Cmerchant_product_category_path%2Cmerchant_product_second_category%2Cmerchant_product_third_category%2Cstock_status%2Ccustom_9%2Cproduct_GTIN/"
"59747","Gemax DE","DE","Not Joined","Awin","90031","Sägeblatt Shop","German","","2026-08-21 19:11:44","2026-08-22 16:02:47","1089","https://productdata.awin.com/datafeed/download/apikey/fe83c200b3de1c6c14a8a28f5f7162cd/fid/90031/format/csv/language/de/delimiter/%2C/compression/gzip/columns/data_feed_id%2Cmerchant_id%2Cmerchant_name%2Caw_product_id%2Caw_deep_link%2Caw_image_url%2Caw_thumb_url%2Ccategory_id%2Ccategory_name%2Cbrand_id%2Cbrand_name%2Cmerchant_product_id%2Cmerchant_category%2Cean%2Cmpn%2Cisbn%2Cmodel_number%2Cproduct_name%2Cdescription%2Cspecifications%2Clanguage%2Cmerchant_deep_link%2Cmerchant_thumb_url%2Cmerchant_image_url%2Cdelivery_time%2Cvalid_from%2Cvalid_to%2Ccurrency%2Csearch_price%2Cstore_price%2Cdelivery_cost%2Cweb_offer%2Cpre_order%2Cin_stock%2Cstock_quantity%2Cwarranty%2Ccondition%2Cparent_product_id%2Ccommission_group%2Clast_updated%2Cdimensions%2Ccolour%2Ckeywords%2Ccustom_1%2Ccustom_2%2Csaving%2Crating%2Calternate_image%2Clarge_image%2Cbasket_link%2Cproduct_short_description%2Cmerchant_product_category_path%2Cmerchant_product_second_category%2Cmerchant_product_third_category%2Csavings_percent%2Cproduct_price_old%2Calternate_image_two%2Calternate_image_three%2Calternate_image_four/"
"38110","Bazta SE","SE","Not Joined","Awin","90132","Awin - Full (memberprices)","Swedish","","2026-08-22 15:07:37","2026-08-22 15:07:26","9056","https://productdata.awin.com/datafeed/download/apikey/fe83c200b3de1c6c14a8a28f5f7162cd/fid/90132/format/csv/language/sv/delimiter/%2C/compression/gzip/columns/data_feed_id%2Cmerchant_id%2Cmerchant_name%2Caw_product_id%2Caw_deep_link%2Caw_image_url%2Caw_thumb_url%2Ccategory_id%2Ccategory_name%2Cbrand_id%2Cbrand_name%2Cmerchant_product_id%2Cmerchant_category%2Cmpn%2Cproduct_name%2Cdescription%2Cmerchant_deep_link%2Cmerchant_image_url%2Csearch_price%2Cdelivery_cost%2Cweb_offer%2Cpre_order%2Cstock_quantity%2Cis_for_sale%2Ccondition%2Ccommission_group%2Ccolour%2Ccustom_1%2Calternate_image%2Cmerchant_product_category_path%2Cmerchant_product_second_category%2Cmerchant_product_third_category%2Cstock_status%2Cproduct_GTIN/"
"61197","Stattics","GB","Not Joined","Awin","90135","Default","English","","2026-08-21 20:01:36","2026-08-22 16:03:05","288","https://productdata.awin.com/datafeed/download/apikey/fe83c200b3de1c6c14a8a28f5f7162cd/fid/90135/format/csv/language/en/delimiter/%2C/compression/gzip/adultcontent/1/columns/data_feed_id%2Cmerchant_id%2Cmerchant_name%2Caw_product_id%2Caw_deep_link%2Caw_image_url%2Caw_thumb_url%2Ccategory_id%2Ccategory_name%2Cbrand_id%2Cbrand_name%2Cmerchant_product_id%2Cmerchant_category%2Cmpn%2Cproduct_name%2Cdescription%2Cmerchant_deep_link%2Cmerchant_image_url%2Cdelivery_time%2Csearch_price%2Cdelivery_cost%2Ccolour%2Cmerchant_product_third_category%2Cproduct_GTIN/"
"66486","BlazeVideo FR","FR","Not Joined","Awin","90374","BlazeVideo France BFMTV","French","","2026-08-13 07:01:25","2026-08-22 14:01:09","1","https://productdata.awin.com/datafeed/download/apikey/fe83c200b3de1c6c14a8a28f5f7162cd/fid/90374/format/csv/language/fr/delimiter/%2C/compression/gzip/columns/aw_deep_link%2Cproduct_name%2Caw_product_id%2Cmerchant_product_id%2Cmerchant_image_url%2Cdescription%2Cmerchant_category%2Csearch_price%2Cmerchant_name%2Cmerchant_id%2Ccategory_name%2Ccategory_id%2Caw_image_url%2Ccurrency%2Cstore_price%2Cdelivery_cost%2Cmerchant_deep_link%2Clanguage%2Clast_updated%2Cbrand_name%2Cbrand_id%2Ccolour%2Cproduct_short_description%2Cspecifications%2Ccondition%2Cproduct_model%2Cmodel_number%2Cdimensions%2Ckeywords%2Cpromotional_text%2Cproduct_type%2Ccommission_group%2Cmerchant_product_category_path%2Cmerchant_product_second_category%2Cmerchant_product_third_category%2Crrp_price%2Csaving%2Csavings_percent%2Cbase_price%2Cbase_price_amount%2Cbase_price_text%2Cproduct_price_old%2Cdelivery_restrictions%2Cdelivery_weight%2Cwarranty%2Cterms_of_contract%2Cdelivery_time%2Cin_stock%2Cstock_quantity%2Cvalid_from%2Cvalid_to%2Cis_for_sale%2Cweb_offer%2Cpre_order%2Cstock_status%2Csize_stock_status%2Csize_stock_amount%2Cmerchant_thumb_url%2Clarge_image%2Calternate_image%2Caw_thumb_url%2Calternate_image_two%2Calternate_image_three%2Calternate_image_four%2Creviews%2Caverage_rating%2Crating%2Cnumber_available%2Ccustom_1%2Ccustom_2%2Ccustom_3%2Ccustom_4%2Ccustom_5%2Ccustom_6%2Ccustom_7%2Ccustom_8%2Ccustom_9%2Cean%2Cisbn%2Cupc%2Cmpn%2Cparent_product_id%2Cproduct_GTIN%2Cbasket_link/"
"72059","Just Pleasure","NL","Not Joined","Awin","90906","Standaard NL","Dutch","","2026-08-21 20:01:28","2026-08-22 12:08:34","2743","https://productdata.awin.com/datafeed/download/apikey/fe83c200b3de1c6c14a8a28f5f7162cd/fid/90906/format/csv/language/nl/delimiter/%2C/compression/gzip/columns/data_feed_id%2Cmerchant_id%2Cmerchant_name%2Caw_product_id%2Caw_deep_link%2Caw_image_url%2Caw_thumb_url%2Ccategory_id%2Ccategory_name%2Cbrand_id%2Cbrand_name%2Cmerchant_product_id%2Cmerchant_category%2Cean%2Cmpn%2Cmodel_number%2Cproduct_name%2Cdescription%2Cspecifications%2Clanguage%2Cmerchant_deep_link%2Cmerchant_image_url%2Cdelivery_time%2Ccurrency%2Csearch_price%2Cstore_price%2Cdelivery_cost%2Cin_stock%2Cstock_quantity%2Ccondition%2Cparent_product_id%2Ccolour%2Ckeywords%2Calternate_image%2Cproduct_short_description%2Cmerchant_product_category_path%2Cmerchant_product_second_category%2Cproduct_price_old%2Calternate_image_two/"
"72763","Apex S1 affiliates","US","Not Joined","Awin","91009","RDR Sports AWIN  Data Feed","English","","2026-05-15 15:19:58","2024-01-31 05:01:04","8","https://productdata.awin.com/datafeed/download/apikey/fe83c200b3de1c6c14a8a28f5f7162cd/fid/91009/format/csv/language/en/delimiter/%2C/compression/gzip/adultcontent/1/columns/data_feed_id%2Cmerchant_id%2Cmerchant_name%2Caw_product_id%2Caw_deep_link%2Caw_image_url%2Caw_thumb_url%2Ccategory_id%2Ccategory_name%2Cbrand_id%2Cbrand_name%2Cmerchant_product_id%2Cmerchant_category%2Cean%2Cmpn%2Cproduct_name%2Cdescription%2Cmerchant_deep_link%2Cmerchant_image_url%2Cdelivery_time%2Csearch_price%2Cdelivery_cost%2Cproduct_type%2Ccolour%2Ccustom_1%2Csize_stock_amount/"
"73265","Gains Nutrition","GB","Not Joined","Awin","91012","Default","English","","2026-08-22 14:01:40","2026-08-22 14:01:36","186","https://productdata.awin.com/datafeed/download/apikey/fe83c200b3de1c6c14a8a28f5f7162cd/fid/91012/format/csv/language/en/delimiter/%2C/compression/gzip/adultcontent/1/columns/data_feed_id%2Cmerchant_id%2Cmerchant_name%2Caw_product_id%2Caw_deep_link%2Caw_image_url%2Caw_thumb_url%2Ccategory_id%2Ccategory_name%2Cbrand_id%2Cbrand_name%2Cmerchant_product_id%2Cmerchant_category%2Cproduct_name%2Cdescription%2Cmerchant_deep_link%2Cmerchant_image_url%2Ccurrency%2Csearch_price/"
"18456","babista.ch","CH","Not Joined","Awin","91081","Babista Channable CH DE","German","Fashion","2026-08-22 07:03:49","2026-08-22 14:30:38","17395","https://productdata.awin.com/datafeed/download/apikey/fe83c200b3de1c6c14a8a28f5f7162cd/fid/91081/format/csv/language/de/delimiter/%2C/compression/gzip/columns/data_feed_id%2Cmerchant_id%2Cmerchant_name%2Caw_product_id%2Caw_deep_link%2Caw_image_url%2Caw_thumb_url%2Ccategory_id%2Ccategory_name%2Cbrand_id%2Cbrand_name%2Cmerchant_product_id%2Cmerchant_category%2Cean%2Cmpn%2Cisbn%2Cmodel_number%2Cproduct_name%2Cdescription%2Cspecifications%2Clanguage%2Cmerchant_deep_link%2Cmerchant_thumb_url%2Cmerchant_image_url%2Cdelivery_time%2Cvalid_from%2Cvalid_to%2Ccurrency%2Csearch_price%2Cstore_price%2Cdelivery_cost%2Cweb_offer%2Cpre_order%2Cin_stock%2Cstock_quantity%2Cwarranty%2Ccondition%2Cparent_product_id%2Ccommission_group%2Clast_updated%2Cdimensions%2Ccolour%2Ckeywords%2Ccustom_1%2Ccustom_2%2Csaving%2CFashion%3Asuitable_for%2CFashion%3Asize%2CFashion%3Amaterial%2CFashion%3Apattern%2CFashion%3Aswatch%2Crating%2Calternate_image%2Clarge_image%2Cbasket_link%2Cproduct_short_description%2Cmerchant_product_category_path%2Cmerchant_product_second_category%2Cmerchant_product_third_category%2Csavings_percent%2Cproduct_price_old%2Calternate_image_two%2Calternate_image_three%2Calternate_image_four/"
"72395","Kadax PL","PL","Not Joined","Awin","91244","Kadax_AWIN","English","","2026-08-22 01:02:02","2026-08-22 01:01:44","19231","https://productdata.awin.com/datafeed/download/apikey/fe83c200b3de1c6c14a8a28f5f7162cd/fid/91244/format/csv/language/en/delimiter/%2C/compression/gzip/columns/data_feed_id%2Cmerchant_id%2Cmerchant_name%2Caw_product_id%2Caw_deep_link%2Caw_image_url%2Caw_thumb_url%2Ccategory_id%2Ccategory_name%2Cbrand_id%2Cbrand_name%2Cmerchant_product_id%2Cmerchant_category%2Cproduct_name%2Cdescription%2Cmerchant_deep_link%2Cmerchant_image_url%2Csearch_price/"
"47173","Natures Way DE","DE","Not Joined","Awin","91377","Default","German","Group Buying","2026-08-21 14:01:15","2026-08-22 14:01:36","29","https://productdata.awin.com/datafeed/download/apikey/fe83c200b3de1c6c14a8a28f5f7162cd/fid/91377/format/csv/language/de/delimiter/%2C/compression/gzip/columns/data_feed_id%2Cmerchant_id%2Cmerchant_name%2Caw_product_id%2Caw_deep_link%2Caw_image_url%2Caw_thumb_url%2Ccategory_id%2Ccategory_name%2Cbrand_id%2Cbrand_name%2Cmerchant_product_id%2Cmerchant_category%2Cean%2Cmpn%2Cproduct_name%2Cdescription%2Cmerchant_deep_link%2Cmerchant_image_url%2Cdelivery_time%2Csearch_price%2Cdelivery_cost%2Cproduct_type%2Cproduct_price_old/"
"75108","New Marine IT","IT","Not Joined","Awin","91555","Feed Awin IT","Italian","Fashion","2026-08-22 00:01:30","2026-08-22 00:01:25","817","https://productdata.awin.com/datafeed/download/apikey/fe83c200b3de1c6c14a8a28f5f7162cd/fid/91555/format/csv/language/it/delimiter/%2C/compression/gzip/columns/aw_deep_link%2Cproduct_name%2Caw_product_id%2Cmerchant_product_id%2Cmerchant_image_url%2Cdescription%2Cmerchant_category%2Csearch_price%2Cmerchant_name%2Cmerchant_id%2Ccategory_name%2Ccategory_id%2Caw_image_url%2Ccurrency%2Cstore_price%2Cdelivery_cost%2Cmerchant_deep_link%2Clanguage%2Clast_updated%2Cbrand_name%2Cbrand_id%2Ccolour%2Cproduct_short_description%2Cspecifications%2Ccondition%2Cproduct_model%2Cmodel_number%2Cdimensions%2Ckeywords%2Cpromotional_text%2Cproduct_type%2Ccommission_group%2Cmerchant_product_category_path%2Cmerchant_product_second_category%2Cmerchant_product_third_category%2Crrp_price%2Csaving%2Csavings_percent%2Cbase_price%2Cbase_price_amount%2Cbase_price_text%2Cproduct_price_old%2Cdelivery_restrictions%2Cdelivery_weight%2Cwarranty%2Cterms_of_contract%2Cdelivery_time%2Cin_stock%2Cstock_quantity%2Cvalid_from%2Cvalid_to%2Cis_for_sale%2Cweb_offer%2Cpre_order%2Cstock_status%2Csize_stock_status%2Csize_stock_amount%2Cmerchant_thumb_url%2Clarge_image%2Calternate_image%2Caw_thumb_url%2Calternate_image_two%2Calternate_image_three%2Calternate_image_four%2Creviews%2Caverage_rating%2Crating%2Cnumber_available%2Ccustom_1%2Ccustom_2%2Ccustom_3%2Ccustom_4%2Ccustom_5%2Ccustom_6%2Ccustom_7%2Ccustom_8%2Ccustom_9%2Cean%2Cisbn%2Cupc%2Cmpn%2Cparent_product_id%2Cproduct_GTIN%2Cbasket_link%2CFashion%3Acategory%2CFashion%3Amaterial%2CFashion%3Apattern%2CFashion%3Asize%2CFashion%3Asuitable_for%2CFashion%3Aswatch/"
"72391","Dream Interiors","GB","Not Joined","Awin","91577","Mulwi feed","English","","2026-08-21 18:47:29","2026-08-22 15:02:30","570","https://productdata.awin.com/datafeed/download/apikey/fe83c200b3de1c6c14a8a28f5f7162cd/fid/91577/format/csv/language/en/delimiter/%2C/compression/gzip/adultcontent/1/columns/data_feed_id%2Cmerchant_id%2Cmerchant_name%2Caw_product_id%2Caw_deep_link%2Caw_image_url%2Caw_thumb_url%2Ccategory_id%2Ccategory_name%2Cbrand_id%2Cbrand_name%2Cmerchant_product_id%2Cmerchant_category%2Cean%2Cmpn%2Cproduct_name%2Cdescription%2Cmerchant_deep_link%2Cmerchant_image_url%2Cdelivery_time%2Csearch_price%2Cdelivery_cost%2Cproduct_type%2Ccolour/"
"73924","AlphaBiolabs US","US","Not Joined","Awin","91701","Default","English","","2026-05-15 15:21:06","","16","https://productdata.awin.com/datafeed/download/apikey/fe83c200b3de1c6c14a8a28f5f7162cd/fid/91701/format/csv/language/en/delimiter/%2C/compression/gzip/adultcontent/1/columns/data_feed_id%2Cmerchant_id%2Cmerchant_name%2Caw_product_id%2Caw_deep_link%2Caw_image_url%2Caw_thumb_url%2Ccategory_id%2Ccategory_name%2Cbrand_id%2Cbrand_name%2Cmerchant_product_id%2Cmerchant_category%2Cproduct_name%2Cmerchant_deep_link%2Cmerchant_image_url%2Csearch_price/"
"37292","Gardenista","GB","Not Joined","Awin","91771","GARDENISTA Product Feed","English","","2026-05-15 15:21:40","","1741","https://productdata.awin.com/datafeed/download/apikey/fe83c200b3de1c6c14a8a28f5f7162cd/fid/91771/format/csv/language/en/delimiter/%2C/compression/gzip/adultcontent/1/columns/data_feed_id%2Cmerchant_id%2Cmerchant_name%2Caw_product_id%2Caw_deep_link%2Caw_image_url%2Caw_thumb_url%2Ccategory_id%2Ccategory_name%2Cbrand_id%2Cbrand_name%2Cmerchant_product_id%2Cmerchant_category%2Cupc%2Cean%2Cmpn%2Cisbn%2Cmodel_number%2Cproduct_name%2Cdescription%2Cspecifications%2Cpromotional_text%2Clanguage%2Cmerchant_deep_link%2Cmerchant_image_url%2Cdelivery_time%2Cvalid_from%2Cvalid_to%2Ccurrency%2Csearch_price%2Cstore_price%2Crrp_price%2Cdelivery_cost%2Cweb_offer%2Cpre_order%2Cin_stock%2Cstock_quantity%2Cis_for_sale%2Cwarranty%2Ccondition%2Cproduct_type%2Cparent_product_id%2Ccommission_group%2Clast_updated%2Cdimensions%2Ccolour%2Ckeywords%2Csaving%2Cdelivery_weight%2Cdelivery_restrictions%2Creviews%2Caverage_rating%2Cnumber_available%2Crating%2Calternate_image%2Clarge_image%2Cbasket_link%2Cproduct_short_description%2Cproduct_model%2Cmerchant_product_category_path%2Cmerchant_product_second_category%2Cmerchant_product_third_category%2Csavings_percent%2Cbase_price%2Cbase_price_amount%2Cbase_price_text%2Cproduct_price_old%2Cterms_of_contract%2Cstock_status%2Csize_stock_status%2Csize_stock_amount%2Calternate_image_two%2Calternate_image_three%2Cproduct_GTIN%2Calternate_image_four/"
"71217","Cottsbury","GB","Not Joined","Awin","91947","Awin Feed","English","","2026-08-22 08:05:10","2026-08-22 12:32:37","460","https://productdata.awin.com/datafeed/download/apikey/fe83c200b3de1c6c14a8a28f5f7162cd/fid/91947/format/csv/language/en/delimiter/%2C/compression/gzip/adultcontent/1/columns/data_feed_id%2Cmerchant_id%2Cmerchant_name%2Caw_product_id%2Caw_deep_link%2Caw_image_url%2Caw_thumb_url%2Ccategory_id%2Ccategory_name%2Cbrand_id%2Cbrand_name%2Cmerchant_product_id%2Cmerchant_category%2Cean%2Cmpn%2Cproduct_name%2Cdescription%2Cmerchant_deep_link%2Cmerchant_image_url%2Cdelivery_time%2Csearch_price%2Cdelivery_cost%2Cproduct_type%2Ccolour%2Csize_stock_amount/"
"74768","T.LUXY","GB","Not Joined","Awin","91998","Predefinito","English","Fashion","2026-05-15 15:22:24","2025-02-23 05:01:24","2498","https://productdata.awin.com/datafeed/download/apikey/fe83c200b3de1c6c14a8a28f5f7162cd/fid/91998/format/csv/language/en/delimiter/%2C/compression/gzip/adultcontent/1/columns/data_feed_id%2Cmerchant_id%2Cmerchant_name%2Caw_product_id%2Caw_deep_link%2Caw_image_url%2Caw_thumb_url%2Ccategory_id%2Ccategory_name%2Cbrand_id%2Cbrand_name%2Cmerchant_product_id%2Cmerchant_category%2Cean%2Cmpn%2Cproduct_name%2Cdescription%2Cmerchant_deep_link%2Cmerchant_image_url%2Ccurrency%2Csearch_price%2Cstock_quantity%2Ccolour%2Ccustom_1%2Ccustom_2%2Ccustom_3%2CFashion%3Asize%2Cmerchant_product_second_category/"
"23468","Fußmatten-Welt DE","DE","Not Joined","Awin","92190","Default","English","","2026-08-09 22:02:35","2026-08-22 16:02:02","72974","https://productdata.awin.com/datafeed/download/apikey/fe83c200b3de1c6c14a8a28f5f7162cd/fid/92190/format/csv/language/en/delimiter/%2C/compression/gzip/columns/data_feed_id%2Cmerchant_id%2Cmerchant_name%2Caw_product_id%2Caw_deep_link%2Caw_image_url%2Caw_thumb_url%2Ccategory_id%2Ccategory_name%2Cbrand_id%2Cbrand_name%2Cmerchant_product_id%2Cmerchant_category%2Cean%2Cmpn%2Cproduct_name%2Cdescription%2Cmerchant_deep_link%2Cmerchant_image_url%2Cdelivery_time%2Csearch_price%2Cdelivery_cost%2Cproduct_type%2Ccolour/"
"77278","SOLO-Kleinmotoren DE","DE","Not Joined","Awin","92202","awin Produktfeed","German","","2026-08-22 10:02:10","2026-08-22 14:40:34","108","https://productdata.awin.com/datafeed/download/apikey/fe83c200b3de1c6c14a8a28f5f7162cd/fid/92202/format/csv/language/de/delimiter/%2C/compression/gzip/columns/data_feed_id%2Cmerchant_id%2Cmerchant_name%2Caw_product_id%2Caw_deep_link%2Caw_image_url%2Caw_thumb_url%2Ccategory_id%2Ccategory_name%2Cbrand_id%2Cbrand_name%2Cmerchant_product_id%2Cmerchant_category%2Cean%2Cmodel_number%2Cproduct_name%2Cdescription%2Cmerchant_deep_link%2Cmerchant_image_url%2Cdelivery_time%2Csearch_price%2Cin_stock%2Cproduct_price_old/"
"22158","Matten Welt DE","DE","Not Joined","Awin","92237","Default","English","","2026-08-09 06:21:54","2026-08-22 10:03:30","90111","https://productdata.awin.com/datafeed/download/apikey/fe83c200b3de1c6c14a8a28f5f7162cd/fid/92237/format/csv/language/en/delimiter/%2C/compression/gzip/columns/data_feed_id%2Cmerchant_id%2Cmerchant_name%2Caw_product_id%2Caw_deep_link%2Caw_image_url%2Caw_thumb_url%2Ccategory_id%2Ccategory_name%2Cbrand_id%2Cbrand_name%2Cmerchant_product_id%2Cmerchant_category%2Cean%2Cmpn%2Cproduct_name%2Cdescription%2Cmerchant_deep_link%2Cmerchant_image_url%2Cdelivery_time%2Csearch_price%2Cdelivery_cost%2Cproduct_type%2Ccolour/"
"23275","Ecosusi Fashion (US)","US","Not Joined","Awin","92270","2025 ECOSUSI All Product","English","","2026-05-15 15:23:26","","68","https://productdata.awin.com/datafeed/download/apikey/fe83c200b3de1c6c14a8a28f5f7162cd/fid/92270/format/csv/language/en/delimiter/%2C/compression/gzip/adultcontent/1/columns/data_feed_id%2Cmerchant_id%2Cmerchant_name%2Caw_product_id%2Caw_deep_link%2Caw_image_url%2Caw_thumb_url%2Ccategory_id%2Ccategory_name%2Cbrand_id%2Cbrand_name%2Cmerchant_product_id%2Cmpn%2Cproduct_name%2Cdescription%2Cmerchant_deep_link%2Cmerchant_image_url%2Csearch_price%2Cstock_quantity%2Ccolour/"
"46851","Geepas Partner Program","GB","Not Joined","Awin","92363","AwinTest","English","","2026-08-22 15:18:21","2026-08-22 15:18:14","661","https://productdata.awin.com/datafeed/download/apikey/fe83c200b3de1c6c14a8a28f5f7162cd/fid/92363/format/csv/language/en/delimiter/%2C/compression/gzip/adultcontent/1/columns/data_feed_id%2Cmerchant_id%2Cmerchant_name%2Caw_product_id%2Caw_deep_link%2Caw_image_url%2Caw_thumb_url%2Ccategory_id%2Ccategory_name%2Cbrand_id%2Cbrand_name%2Cmerchant_product_id%2Cmerchant_category%2Cean%2Cproduct_name%2Cdescription%2Cmerchant_deep_link%2Cmerchant_image_url%2Cdelivery_time%2Csearch_price%2Cdelivery_cost%2Cproduct_type%2Ccolour%2Csize_stock_amount%2Cproduct_GTIN/"
"77356","Svensson","NL","Not Joined","Awin","92423","Svensson NL","Dutch","","2026-05-15 15:23:34","","181","https://productdata.awin.com/datafeed/download/apikey/fe83c200b3de1c6c14a8a28f5f7162cd/fid/92423/format/csv/language/nl/delimiter/%2C/compression/gzip/columns/data_feed_id%2Cmerchant_id%2Cmerchant_name%2Caw_product_id%2Caw_deep_link%2Caw_image_url%2Caw_thumb_url%2Ccategory_id%2Ccategory_name%2Cbrand_id%2Cbrand_name%2Cmerchant_product_id%2Cmerchant_category%2Cproduct_name%2Cdescription%2Cmerchant_deep_link%2Cmerchant_image_url%2Csearch_price%2Cmerchant_product_category_path/"
"24617","Raw Beauty Lab","GB","Not Joined","Awin","92464","Awin feed","English","","2026-08-19 07:05:33","2026-08-22 14:01:38","2","https://productdata.awin.com/datafeed/download/apikey/fe83c200b3de1c6c14a8a28f5f7162cd/fid/92464/format/csv/language/en/delimiter/%2C/compression/gzip/adultcontent/1/columns/data_feed_id%2Cmerchant_id%2Cmerchant_name%2Caw_product_id%2Caw_deep_link%2Caw_image_url%2Caw_thumb_url%2Ccategory_id%2Ccategory_name%2Cbrand_id%2Cbrand_name%2Cmerchant_product_id%2Cmerchant_category%2Cmpn%2Cproduct_name%2Cdescription%2Cmerchant_deep_link%2Cmerchant_image_url%2Cdelivery_time%2Csearch_price%2Cdelivery_cost%2Cproduct_type%2Ccolour/"
"78380","WATCH & WATCH","GB","Not Joined","Awin","92744","AWIN WW","English","","2026-08-22 14:37:32","2026-08-22 14:37:27","1148","https://productdata.awin.com/datafeed/download/apikey/fe83c200b3de1c6c14a8a28f5f7162cd/fid/92744/format/csv/language/en/delimiter/%2C/compression/gzip/adultcontent/1/columns/aw_deep_link%2Cproduct_name%2Caw_product_id%2Cmerchant_product_id%2Cmerchant_image_url%2Cdescription%2Cmerchant_category%2Csearch_price%2Cmerchant_name%2Cmerchant_id%2Ccategory_name%2Ccategory_id%2Caw_image_url%2Ccurrency%2Cstore_price%2Cdelivery_cost%2Cmerchant_deep_link%2Clanguage%2Clast_updated%2Cbrand_name%2Cbrand_id%2Ccolour%2Cproduct_short_description%2Cspecifications%2Ccondition%2Cproduct_model%2Cmodel_number%2Cdimensions%2Ckeywords%2Cpromotional_text%2Cproduct_type%2Ccommission_group%2Cmerchant_product_category_path%2Cmerchant_product_second_category%2Cmerchant_product_third_category%2Crrp_price%2Csaving%2Csavings_percent%2Cbase_price%2Cbase_price_amount%2Cbase_price_text%2Cproduct_price_old%2Cdelivery_restrictions%2Cdelivery_weight%2Cwarranty%2Cterms_of_contract%2Cdelivery_time%2Cin_stock%2Cstock_quantity%2Cvalid_from%2Cvalid_to%2Cis_for_sale%2Cweb_offer%2Cpre_order%2Cstock_status%2Csize_stock_status%2Csize_stock_amount%2Cmerchant_thumb_url%2Clarge_image%2Calternate_image%2Caw_thumb_url%2Calternate_image_two%2Calternate_image_three%2Calternate_image_four%2Creviews%2Caverage_rating%2Crating%2Cnumber_available%2Ccustom_1%2Ccustom_2%2Ccustom_3%2Ccustom_4%2Ccustom_5%2Ccustom_6%2Ccustom_7%2Ccustom_8%2Ccustom_9%2Cean%2Cisbn%2Cupc%2Cmpn%2Cparent_product_id%2Cproduct_GTIN%2Cbasket_link/"
"62729","Glamory","DE","Not Joined","Awin","92768","Awin Feed","German","Fashion","2026-07-27 12:02:55","2026-08-22 16:01:49","563","https://productdata.awin.com/datafeed/download/apikey/fe83c200b3de1c6c14a8a28f5f7162cd/fid/92768/format/csv/language/de/delimiter/%2C/compression/gzip/columns/data_feed_id%2Cmerchant_id%2Cmerchant_name%2Caw_product_id%2Caw_deep_link%2Caw_image_url%2Caw_thumb_url%2Ccategory_id%2Ccategory_name%2Cbrand_id%2Cbrand_name%2Cmerchant_product_id%2Cmerchant_category%2Cean%2Cmpn%2Cproduct_name%2Cdescription%2Cmerchant_deep_link%2Cmerchant_image_url%2Cdelivery_time%2Csearch_price%2Crrp_price%2Cdelivery_cost%2Cproduct_type%2Ccolour%2CFashion%3Asize/"
"73047","Aperturee","US","Not Joined","Awin","92775","Aperturee","English","","2026-05-19 15:03:17","2026-08-22 15:02:03","39795","https://productdata.awin.com/datafeed/download/apikey/fe83c200b3de1c6c14a8a28f5f7162cd/fid/92775/format/csv/language/en/delimiter/%2C/compression/gzip/adultcontent/1/columns/data_feed_id%2Cmerchant_id%2Cmerchant_name%2Caw_product_id%2Caw_deep_link%2Caw_image_url%2Caw_thumb_url%2Ccategory_id%2Ccategory_name%2Cbrand_id%2Cbrand_name%2Cmerchant_product_id%2Cmerchant_category%2Cmpn%2Cproduct_name%2Cdescription%2Cmerchant_deep_link%2Cmerchant_image_url%2Csearch_price%2Cin_stock%2Ccondition%2Csize_stock_status%2Cproduct_GTIN/"
"72059","Just Pleasure","NL","Not Joined","Awin","92882","Standaard DE","German","","2026-08-21 20:03:15","2026-08-22 12:08:36","4368","https://productdata.awin.com/datafeed/download/apikey/fe83c200b3de1c6c14a8a28f5f7162cd/fid/92882/format/csv/language/de/delimiter/%2C/compression/gzip/columns/data_feed_id%2Cmerchant_id%2Cmerchant_name%2Caw_product_id%2Caw_deep_link%2Caw_image_url%2Caw_thumb_url%2Ccategory_id%2Ccategory_name%2Cbrand_id%2Cbrand_name%2Cmerchant_product_id%2Cmerchant_category%2Cean%2Cproduct_name%2Cdescription%2Cspecifications%2Clanguage%2Cmerchant_deep_link%2Cmerchant_image_url%2Cdelivery_time%2Ccurrency%2Csearch_price%2Cdelivery_cost%2Cin_stock%2Cstock_quantity%2Cparent_product_id%2Ccolour%2Calternate_image%2Cproduct_short_description%2Cmerchant_product_category_path%2Cproduct_price_old%2Calternate_image_two/"
"72059","Just Pleasure","NL","Not Joined","Awin","93083","Standaard JP.COM","English","","2026-08-21 23:02:19","2026-08-22 14:19:12","4368","https://productdata.awin.com/datafeed/download/apikey/fe83c200b3de1c6c14a8a28f5f7162cd/fid/93083/format/csv/language/en/delimiter/%2C/compression/gzip/columns/data_feed_id%2Cmerchant_id%2Cmerchant_name%2Caw_product_id%2Caw_deep_link%2Caw_image_url%2Caw_thumb_url%2Ccategory_id%2Ccategory_name%2Cbrand_id%2Cbrand_name%2Cmerchant_product_id%2Cmerchant_category%2Cean%2Cproduct_name%2Cdescription%2Cspecifications%2Clanguage%2Cmerchant_deep_link%2Cmerchant_image_url%2Ccurrency%2Csearch_price%2Cin_stock%2Cstock_quantity%2Cparent_product_id%2Ccolour%2Calternate_image%2Cproduct_short_description%2Cmerchant_product_category_path%2Cproduct_price_old%2Calternate_image_two/"
"78850","TantalyDE","DE","Not Joined","Awin","93220","TantalyDE 20250108","German","","2026-05-15 15:25:54","","72","https://productdata.awin.com/datafeed/download/apikey/fe83c200b3de1c6c14a8a28f5f7162cd/fid/93220/format/csv/language/de/delimiter/%2C/compression/gzip/columns/data_feed_id%2Cmerchant_id%2Cmerchant_name%2Caw_product_id%2Caw_deep_link%2Caw_image_url%2Caw_thumb_url%2Ccategory_id%2Ccategory_name%2Cbrand_id%2Cbrand_name%2Cmerchant_product_id%2Cproduct_name%2Cdescription%2Cmerchant_deep_link%2Cmerchant_image_url%2Ccurrency%2Csearch_price%2Ccolour%2Cmerchant_product_category_path%2Cproduct_price_old/"
"80242","SA Aligners","US","Not Joined","Awin","93241","Manual Data Feed","English","","2026-05-15 15:25:58","","11","https://productdata.awin.com/datafeed/download/apikey/fe83c200b3de1c6c14a8a28f5f7162cd/fid/93241/format/csv/language/en/delimiter/%2C/compression/gzip/adultcontent/1/columns/data_feed_id%2Cmerchant_id%2Cmerchant_name%2Caw_product_id%2Caw_deep_link%2Caw_image_url%2Caw_thumb_url%2Ccategory_id%2Ccategory_name%2Cbrand_id%2Cbrand_name%2Cmerchant_product_id%2Cmerchant_category%2Cproduct_name%2Cdescription%2Cmerchant_deep_link%2Cmerchant_image_url%2Csearch_price%2Cproduct_type/"
"20856","Flowers & Plants Co.","GB","Not Joined","Awin","93311","Main Product Feed","English","","2026-05-18 09:01:54","2026-08-22 09:01:28","160","https://productdata.awin.com/datafeed/download/apikey/fe83c200b3de1c6c14a8a28f5f7162cd/fid/93311/format/csv/language/en/delimiter/%2C/compression/gzip/adultcontent/1/columns/data_feed_id%2Cmerchant_id%2Cmerchant_name%2Caw_product_id%2Caw_deep_link%2Caw_image_url%2Caw_thumb_url%2Ccategory_id%2Ccategory_name%2Cbrand_id%2Cbrand_name%2Cmerchant_product_id%2Cmerchant_category%2Cproduct_name%2Cdescription%2Cmerchant_deep_link%2Cdelivery_time%2Csearch_price%2Cdelivery_cost%2Clarge_image/"
"77658","Mvolo","NL","Not Joined","Awin","93680","feediyo","Dutch","ShoppingNL","2026-08-22 16:02:47","2026-08-22 16:02:44","110","https://productdata.awin.com/datafeed/download/apikey/fe83c200b3de1c6c14a8a28f5f7162cd/fid/93680/format/csv/language/nl/delimiter/%2C/compression/gzip/columns/aw_deep_link%2Cproduct_name%2Caw_product_id%2Cmerchant_product_id%2Cmerchant_image_url%2Cdescription%2Cmerchant_category%2Csearch_price%2Cmerchant_name%2Cmerchant_id%2Ccategory_name%2Ccategory_id%2Caw_image_url%2Ccurrency%2Cstore_price%2Cdelivery_cost%2Cmerchant_deep_link%2Clanguage%2Clast_updated%2Cbrand_name%2Cbrand_id%2Ccolour%2Cproduct_short_description%2Cspecifications%2Ccondition%2Cproduct_model%2Cmodel_number%2Cdimensions%2Ckeywords%2Cpromotional_text%2Cproduct_type%2Ccommission_group%2Cmerchant_product_category_path%2Cmerchant_product_second_category%2Cmerchant_product_third_category%2Crrp_price%2Csaving%2Csavings_percent%2Cbase_price%2Cbase_price_amount%2Cbase_price_text%2Cproduct_price_old%2Cdelivery_restrictions%2Cdelivery_weight%2Cwarranty%2Cterms_of_contract%2Cdelivery_time%2Cin_stock%2Cstock_quantity%2Cvalid_from%2Cvalid_to%2Cis_for_sale%2Cweb_offer%2Cpre_order%2Cstock_status%2Csize_stock_status%2Csize_stock_amount%2Cmerchant_thumb_url%2Clarge_image%2Calternate_image%2Caw_thumb_url%2Calternate_image_two%2Calternate_image_three%2Calternate_image_four%2Creviews%2Caverage_rating%2Crating%2Cnumber_available%2Ccustom_1%2Ccustom_2%2Ccustom_3%2Ccustom_4%2Ccustom_5%2Ccustom_6%2Ccustom_7%2Ccustom_8%2Ccustom_9%2Cean%2Cisbn%2Cupc%2Cmpn%2Cparent_product_id%2Cproduct_GTIN%2Cbasket_link%2CShoppingNL%3Aenergy_label%2CShoppingNL%3Aenergy_label_link%2CShoppingNL%3Aenergy_label_logo%2CShoppingNL%3Agoogle_taxonomy%2CShoppingNL%3Amaterial%2CShoppingNL%3Apattern%2CShoppingNL%3Asize/"
"43615","Medicross-Labs DE","DE","Not Joined","Awin","93900","Produkte","English","","2026-05-15 15:57:02","2025-05-18 00:01:12","7","https://productdata.awin.com/datafeed/download/apikey/fe83c200b3de1c6c14a8a28f5f7162cd/fid/93900/format/csv/language/en/delimiter/%2C/compression/gzip/columns/data_feed_id%2Cmerchant_id%2Cmerchant_name%2Caw_product_id%2Caw_deep_link%2Caw_image_url%2Caw_thumb_url%2Ccategory_id%2Ccategory_name%2Cbrand_id%2Cbrand_name%2Cmerchant_product_id%2Cproduct_name%2Cdescription%2Cmerchant_deep_link%2Cmerchant_image_url%2Csearch_price%2Cin_stock%2Ccondition%2Cproduct_type%2Cparent_product_id%2Ccustom_1%2Cmerchant_product_category_path%2Cbase_price%2Cstock_status%2Cproduct_GTIN/"
"83439","Star Wurst Grillschürzen DE","DE","Not Joined","Awin","93970","Feediyo Shopify","German","","2026-06-02 06:01:25","2026-08-18 06:01:23","17","https://productdata.awin.com/datafeed/download/apikey/fe83c200b3de1c6c14a8a28f5f7162cd/fid/93970/format/csv/language/de/delimiter/%2C/compression/gzip/columns/aw_deep_link%2Cproduct_name%2Caw_product_id%2Cmerchant_product_id%2Cmerchant_image_url%2Cdescription%2Cmerchant_category%2Csearch_price%2Cmerchant_name%2Cmerchant_id%2Ccategory_name%2Ccategory_id%2Caw_image_url%2Ccurrency%2Cstore_price%2Cdelivery_cost%2Cmerchant_deep_link%2Clanguage%2Clast_updated%2Cbrand_name%2Cbrand_id%2Ccolour%2Cproduct_short_description%2Cspecifications%2Ccondition%2Cproduct_model%2Cmodel_number%2Cdimensions%2Ckeywords%2Cpromotional_text%2Cproduct_type%2Ccommission_group%2Cmerchant_product_category_path%2Cmerchant_product_second_category%2Cmerchant_product_third_category%2Crrp_price%2Csaving%2Csavings_percent%2Cbase_price%2Cbase_price_amount%2Cbase_price_text%2Cproduct_price_old%2Cdelivery_restrictions%2Cdelivery_weight%2Cwarranty%2Cterms_of_contract%2Cdelivery_time%2Cin_stock%2Cstock_quantity%2Cvalid_from%2Cvalid_to%2Cis_for_sale%2Cweb_offer%2Cpre_order%2Cstock_status%2Csize_stock_status%2Csize_stock_amount%2Cmerchant_thumb_url%2Clarge_image%2Calternate_image%2Caw_thumb_url%2Calternate_image_two%2Calternate_image_three%2Calternate_image_four%2Creviews%2Caverage_rating%2Crating%2Cnumber_available%2Ccustom_1%2Ccustom_2%2Ccustom_3%2Ccustom_4%2Ccustom_5%2Ccustom_6%2Ccustom_7%2Ccustom_8%2Ccustom_9%2Cean%2Cisbn%2Cupc%2Cmpn%2Cparent_product_id%2Cproduct_GTIN%2Cbasket_link/"
"83599","4kidsonly","NL","Not Joined","Awin","94107","Standaard","Dutch","","2026-08-22 07:03:03","2026-08-22 07:02:54","6980","https://productdata.awin.com/datafeed/download/apikey/fe83c200b3de1c6c14a8a28f5f7162cd/fid/94107/format/csv/language/nl/delimiter/%2C/compression/gzip/columns/data_feed_id%2Cmerchant_id%2Cmerchant_name%2Caw_product_id%2Caw_deep_link%2Caw_image_url%2Caw_thumb_url%2Ccategory_id%2Ccategory_name%2Cbrand_id%2Cbrand_name%2Cmerchant_product_id%2Cmerchant_category%2Cean%2Cmpn%2Cisbn%2Cmodel_number%2Cproduct_name%2Cdescription%2Cspecifications%2Clanguage%2Cmerchant_deep_link%2Cmerchant_thumb_url%2Cmerchant_image_url%2Cdelivery_time%2Cvalid_from%2Cvalid_to%2Ccurrency%2Csearch_price%2Cstore_price%2Cdelivery_cost%2Cweb_offer%2Cpre_order%2Cin_stock%2Cstock_quantity%2Cwarranty%2Ccondition%2Cparent_product_id%2Ccommission_group%2Clast_updated%2Cdimensions%2Ccolour%2Ckeywords%2Ccustom_1%2Ccustom_2%2Csaving%2Crating%2Calternate_image%2Clarge_image%2Cbasket_link%2Cproduct_short_description%2Cmerchant_product_category_path%2Cmerchant_product_second_category%2Cmerchant_product_third_category%2Csavings_percent%2Cproduct_price_old%2Calternate_image_two%2Calternate_image_three%2Calternate_image_four/"
"79526","DAME","GB","Not Joined","Awin","94228","All products","English","","2026-08-19 12:04:14","2026-08-22 16:02:08","47","https://productdata.awin.com/datafeed/download/apikey/fe83c200b3de1c6c14a8a28f5f7162cd/fid/94228/format/csv/language/en/delimiter/%2C/compression/gzip/adultcontent/1/columns/data_feed_id%2Cmerchant_id%2Cmerchant_name%2Caw_product_id%2Caw_deep_link%2Caw_image_url%2Caw_thumb_url%2Ccategory_id%2Ccategory_name%2Cbrand_id%2Cbrand_name%2Cmerchant_product_id%2Cmerchant_category%2Cean%2Cmpn%2Cproduct_name%2Cdescription%2Cmerchant_deep_link%2Cmerchant_image_url%2Cdelivery_time%2Csearch_price%2Cdelivery_cost%2Cproduct_type%2Ccolour%2Ccustom_1/"
"69050","AKKO FR","FR","Not Joined","Awin","94349","Default","English","","2026-08-22 12:23:33","2026-08-22 12:23:27","904","https://productdata.awin.com/datafeed/download/apikey/fe83c200b3de1c6c14a8a28f5f7162cd/fid/94349/format/csv/language/en/delimiter/%2C/compression/gzip/columns/data_feed_id%2Cmerchant_id%2Cmerchant_name%2Caw_product_id%2Caw_deep_link%2Caw_image_url%2Caw_thumb_url%2Ccategory_id%2Ccategory_name%2Cbrand_id%2Cbrand_name%2Cmerchant_product_id%2Cmerchant_category%2Cmpn%2Cproduct_name%2Cdescription%2Cmerchant_deep_link%2Cmerchant_image_url%2Cdelivery_time%2Csearch_price%2Cdelivery_cost%2Ccolour%2Cproduct_short_description%2Csize_stock_amount%2Cproduct_GTIN/"
"83279","Happy Days Factory Flowers","GB","Not Joined","Awin","94366","shopify 12june","English","","2026-05-15 15:59:28","2024-06-23 04:01:19","497","https://productdata.awin.com/datafeed/download/apikey/fe83c200b3de1c6c14a8a28f5f7162cd/fid/94366/format/csv/language/en/delimiter/%2C/compression/gzip/adultcontent/1/columns/data_feed_id%2Cmerchant_id%2Cmerchant_name%2Caw_product_id%2Caw_deep_link%2Caw_image_url%2Caw_thumb_url%2Ccategory_id%2Ccategory_name%2Cbrand_id%2Cbrand_name%2Cmerchant_product_id%2Cmerchant_category%2Cmpn%2Cproduct_name%2Cdescription%2Cmerchant_deep_link%2Cmerchant_image_url%2Csearch_price/"
"69178","AKKO UK","GB","Not Joined","Awin","94438","Default","English","","2026-08-22 12:23:49","2026-08-22 12:23:43","904","https://productdata.awin.com/datafeed/download/apikey/fe83c200b3de1c6c14a8a28f5f7162cd/fid/94438/format/csv/language/en/delimiter/%2C/compression/gzip/adultcontent/1/columns/data_feed_id%2Cmerchant_id%2Cmerchant_name%2Caw_product_id%2Caw_deep_link%2Caw_image_url%2Caw_thumb_url%2Ccategory_id%2Ccategory_name%2Cbrand_id%2Cbrand_name%2Cmerchant_product_id%2Cmerchant_category%2Cmpn%2Cmodel_number%2Cproduct_name%2Cdescription%2Cmerchant_deep_link%2Cmerchant_image_url%2Cdelivery_time%2Csearch_price%2Cdelivery_cost%2Ccolour%2Cproduct_short_description%2Csize_stock_status%2Cproduct_GTIN/"
"83423","BioGaia","GB","Not Joined","Awin","94551","Default","English","","2026-05-15 16:00:32","","8","https://productdata.awin.com/datafeed/download/apikey/fe83c200b3de1c6c14a8a28f5f7162cd/fid/94551/format/csv/language/en/delimiter/%2C/compression/gzip/adultcontent/1/columns/data_feed_id%2Cmerchant_id%2Cmerchant_name%2Caw_product_id%2Caw_deep_link%2Caw_image_url%2Caw_thumb_url%2Ccategory_id%2Ccategory_name%2Cbrand_id%2Cbrand_name%2Cmerchant_product_id%2Cmerchant_category%2Cproduct_name%2Cdescription%2Cmerchant_deep_link%2Cmerchant_image_url%2Csearch_price/"
"69032","AKKO IT","IT","Not Joined","Awin","94599","Default","English","","2026-08-22 14:30:51","2026-08-22 14:30:45","904","https://productdata.awin.com/datafeed/download/apikey/fe83c200b3de1c6c14a8a28f5f7162cd/fid/94599/format/csv/language/en/delimiter/%2C/compression/gzip/columns/data_feed_id%2Cmerchant_id%2Cmerchant_name%2Caw_product_id%2Caw_deep_link%2Caw_image_url%2Caw_thumb_url%2Ccategory_id%2Ccategory_name%2Cbrand_id%2Cbrand_name%2Cmerchant_product_id%2Cmerchant_category%2Cean%2Cmpn%2Cproduct_name%2Cdescription%2Cmerchant_deep_link%2Cmerchant_image_url%2Cdelivery_time%2Csearch_price%2Cdelivery_cost%2Cproduct_type%2Ccolour/"
"86283","Sanitair Online NL","NL","Not Joined","Awin","94972","Channable","Dutch","","2026-05-15 16:10:09","2025-09-30 02:01:18","78","https://productdata.awin.com/datafeed/download/apikey/fe83c200b3de1c6c14a8a28f5f7162cd/fid/94972/format/csv/language/nl/delimiter/%2C/compression/gzip/columns/data_feed_id%2Cmerchant_id%2Cmerchant_name%2Caw_product_id%2Caw_deep_link%2Caw_image_url%2Caw_thumb_url%2Ccategory_id%2Ccategory_name%2Cbrand_id%2Cbrand_name%2Cmerchant_product_id%2Cmerchant_category%2Cean%2Cmpn%2Cisbn%2Cmodel_number%2Cproduct_name%2Cdescription%2Cspecifications%2Clanguage%2Cmerchant_deep_link%2Cmerchant_thumb_url%2Cmerchant_image_url%2Cdelivery_time%2Cvalid_from%2Cvalid_to%2Ccurrency%2Csearch_price%2Cstore_price%2Cdelivery_cost%2Cweb_offer%2Cpre_order%2Cin_stock%2Cstock_quantity%2Cwarranty%2Ccondition%2Cparent_product_id%2Ccommission_group%2Clast_updated%2Cdimensions%2Ccolour%2Ckeywords%2Ccustom_1%2Ccustom_2%2Csaving%2Crating%2Calternate_image%2Clarge_image%2Cbasket_link%2Cproduct_short_description%2Cmerchant_product_category_path%2Cmerchant_product_second_category%2Cmerchant_product_third_category%2Csavings_percent%2Cproduct_price_old%2Calternate_image_two%2Calternate_image_three%2Calternate_image_four/"
"86283","Sanitair Online NL","NL","Not Joined","Awin","94973","Channable xml","Dutch","","2026-05-15 16:10:11","2025-09-30 02:01:34","78","https://productdata.awin.com/datafeed/download/apikey/fe83c200b3de1c6c14a8a28f5f7162cd/fid/94973/format/csv/language/nl/delimiter/%2C/compression/gzip/columns/aw_deep_link%2Cproduct_name%2Caw_product_id%2Cmerchant_product_id%2Cmerchant_image_url%2Cdescription%2Cmerchant_category%2Csearch_price%2Cmerchant_name%2Cmerchant_id%2Ccategory_name%2Ccategory_id%2Caw_image_url%2Ccurrency%2Cstore_price%2Cdelivery_cost%2Cmerchant_deep_link%2Clanguage%2Clast_updated%2Cbrand_name%2Cbrand_id%2Ccolour%2Cproduct_short_description%2Cspecifications%2Ccondition%2Cproduct_model%2Cmodel_number%2Cdimensions%2Ckeywords%2Cpromotional_text%2Cproduct_type%2Ccommission_group%2Cmerchant_product_category_path%2Cmerchant_product_second_category%2Cmerchant_product_third_category%2Crrp_price%2Csaving%2Csavings_percent%2Cbase_price%2Cbase_price_amount%2Cbase_price_text%2Cproduct_price_old%2Cdelivery_restrictions%2Cdelivery_weight%2Cwarranty%2Cterms_of_contract%2Cdelivery_time%2Cin_stock%2Cstock_quantity%2Cvalid_from%2Cvalid_to%2Cis_for_sale%2Cweb_offer%2Cpre_order%2Cstock_status%2Csize_stock_status%2Csize_stock_amount%2Cmerchant_thumb_url%2Clarge_image%2Calternate_image%2Caw_thumb_url%2Calternate_image_two%2Calternate_image_three%2Calternate_image_four%2Creviews%2Caverage_rating%2Crating%2Cnumber_available%2Ccustom_1%2Ccustom_2%2Ccustom_3%2Ccustom_4%2Ccustom_5%2Ccustom_6%2Ccustom_7%2Ccustom_8%2Ccustom_9%2Cean%2Cisbn%2Cupc%2Cmpn%2Cparent_product_id%2Cproduct_GTIN%2Cbasket_link/"
"84647","Little Women Lingerie","GB","Not Joined","Awin","95150","LW FP AWIN","English","","2026-08-19 10:01:52","2026-08-19 10:01:47","895","https://productdata.awin.com/datafeed/download/apikey/fe83c200b3de1c6c14a8a28f5f7162cd/fid/95150/format/csv/language/en/delimiter/%2C/compression/gzip/adultcontent/1/columns/data_feed_id%2Cmerchant_id%2Cmerchant_name%2Caw_product_id%2Caw_deep_link%2Caw_image_url%2Caw_thumb_url%2Ccategory_id%2Ccategory_name%2Cbrand_id%2Cbrand_name%2Cmerchant_product_id%2Cmerchant_category%2Cean%2Cmpn%2Cproduct_name%2Cdescription%2Cmerchant_deep_link%2Cmerchant_image_url%2Cdelivery_time%2Csearch_price%2Cdelivery_cost%2Cproduct_type%2Ccolour%2Csize_stock_status/"
"86541","THE MAGPIE DE","DE","Not Joined","Awin","95154","Default","German","","2026-08-22 10:02:17","2026-08-22 10:02:14","299","https://productdata.awin.com/datafeed/download/apikey/fe83c200b3de1c6c14a8a28f5f7162cd/fid/95154/format/csv/language/de/delimiter/%2C/compression/gzip/columns/data_feed_id%2Cmerchant_id%2Cmerchant_name%2Caw_product_id%2Caw_deep_link%2Caw_image_url%2Caw_thumb_url%2Ccategory_id%2Ccategory_name%2Cbrand_id%2Cbrand_name%2Cmerchant_product_id%2Cmerchant_category%2Cean%2Cmpn%2Cproduct_name%2Cdescription%2Cmerchant_deep_link%2Cmerchant_image_url%2Csearch_price%2Cproduct_type/"
"87091","ISOQAR Academy","GB","Not Joined","Awin","95245","Default","English","EducationNL","2026-05-15 16:12:46","2024-07-11 11:33:12","332","https://productdata.awin.com/datafeed/download/apikey/fe83c200b3de1c6c14a8a28f5f7162cd/fid/95245/format/csv/language/en/delimiter/%2C/compression/gzip/adultcontent/1/columns/data_feed_id%2Cmerchant_id%2Cmerchant_name%2Caw_product_id%2Caw_deep_link%2Caw_image_url%2Caw_thumb_url%2Ccategory_id%2Ccategory_name%2Cbrand_id%2Cbrand_name%2Cmerchant_product_id%2Cproduct_name%2Cmerchant_deep_link%2Cmerchant_image_url%2Csearch_price/"
"86775","Brian James","IE","Not Joined","Awin","95318","Product Feed - EUR","English","","2026-08-22 07:03:02","2026-08-22 14:30:18","4351","https://productdata.awin.com/datafeed/download/apikey/fe83c200b3de1c6c14a8a28f5f7162cd/fid/95318/format/csv/language/en/delimiter/%2C/compression/gzip/adultcontent/1/columns/data_feed_id%2Cmerchant_id%2Cmerchant_name%2Caw_product_id%2Caw_deep_link%2Caw_image_url%2Caw_thumb_url%2Ccategory_id%2Ccategory_name%2Cbrand_id%2Cbrand_name%2Cmerchant_product_id%2Cmerchant_category%2Cupc%2Cean%2Cmpn%2Cisbn%2Cmodel_number%2Cproduct_name%2Cdescription%2Cpromotional_text%2Cmerchant_deep_link%2Cmerchant_image_url%2Cdelivery_time%2Ccurrency%2Csearch_price%2Crrp_price%2Cdelivery_cost%2Cin_stock%2Cstock_quantity%2Ccondition%2Ccolour%2Csaving%2Calternate_image%2Cbasket_link%2Cproduct_short_description%2Csavings_percent%2Calternate_image_two%2Calternate_image_three%2Cproduct_GTIN%2Calternate_image_four/"
"86775","Brian James","IE","Not Joined","Awin","95347","Brain James Product Feed - GBP","English","","2026-08-22 01:02:23","2026-08-22 14:20:33","4351","https://productdata.awin.com/datafeed/download/apikey/fe83c200b3de1c6c14a8a28f5f7162cd/fid/95347/format/csv/language/en/delimiter/%2C/compression/gzip/adultcontent/1/columns/data_feed_id%2Cmerchant_id%2Cmerchant_name%2Caw_product_id%2Caw_deep_link%2Caw_image_url%2Caw_thumb_url%2Ccategory_id%2Ccategory_name%2Cbrand_id%2Cbrand_name%2Cmerchant_product_id%2Cmerchant_category%2Cupc%2Cean%2Cmpn%2Cisbn%2Cmodel_number%2Cproduct_name%2Cdescription%2Cpromotional_text%2Cmerchant_deep_link%2Cmerchant_image_url%2Cdelivery_time%2Ccurrency%2Csearch_price%2Crrp_price%2Cdelivery_cost%2Cweb_offer%2Cin_stock%2Cstock_quantity%2Ccommission_group%2Ccolour%2Csaving%2Calternate_image%2Clarge_image%2Cbasket_link%2Cproduct_short_description%2Csavings_percent%2Calternate_image_two%2Calternate_image_three%2Cproduct_GTIN%2Calternate_image_four/"
"87253","Schnelltest-Check DE","DE","Not Joined","Awin","95395","awin1","German","","2026-05-15 16:14:37","2026-08-22 16:01:29","11","https://productdata.awin.com/datafeed/download/apikey/fe83c200b3de1c6c14a8a28f5f7162cd/fid/95395/format/csv/language/de/delimiter/%2C/compression/gzip/columns/data_feed_id%2Cmerchant_id%2Cmerchant_name%2Caw_product_id%2Caw_deep_link%2Caw_image_url%2Caw_thumb_url%2Ccategory_id%2Ccategory_name%2Cbrand_id%2Cbrand_name%2Cmerchant_product_id%2Cmerchant_category%2Cean%2Cmpn%2Cproduct_name%2Cdescription%2Cmerchant_deep_link%2Cmerchant_image_url%2Cdelivery_time%2Csearch_price%2Cdelivery_cost%2Cproduct_type%2Ccolour/"
"86627","GreatBeanBags.com","GB","Not Joined","Awin","95417","Default","English","","2026-05-15 16:14:38","2026-08-22 14:01:16","266","https://productdata.awin.com/datafeed/download/apikey/fe83c200b3de1c6c14a8a28f5f7162cd/fid/95417/format/csv/language/en/delimiter/%2C/compression/gzip/adultcontent/1/columns/data_feed_id%2Cmerchant_id%2Cmerchant_name%2Caw_product_id%2Caw_deep_link%2Caw_image_url%2Caw_thumb_url%2Ccategory_id%2Ccategory_name%2Cbrand_id%2Cbrand_name%2Cmerchant_product_id%2Cmerchant_category%2Cproduct_name%2Cdescription%2Cmerchant_deep_link%2Cmerchant_image_url%2Csearch_price%2Ccondition/"
"87569","Amazgifts DE","DE","Not Joined","Awin","95470","DE0720","German","","2026-05-15 16:14:47","","2958","https://productdata.awin.com/datafeed/download/apikey/fe83c200b3de1c6c14a8a28f5f7162cd/fid/95470/format/csv/language/de/delimiter/%2C/compression/gzip/columns/data_feed_id%2Cmerchant_id%2Cmerchant_name%2Caw_product_id%2Caw_deep_link%2Caw_image_url%2Caw_thumb_url%2Ccategory_id%2Ccategory_name%2Cbrand_id%2Cbrand_name%2Cmerchant_product_id%2Cmerchant_category%2Cean%2Cmpn%2Cproduct_name%2Cdescription%2Cmerchant_deep_link%2Cmerchant_image_url%2Cdelivery_time%2Csearch_price%2Cdelivery_cost%2Cproduct_type%2Ccolour/"
"87569","Amazgifts DE","DE","Not Joined","Awin","95497","amazgiftsDE0723","German","","2026-05-15 16:14:48","","2964","https://productdata.awin.com/datafeed/download/apikey/fe83c200b3de1c6c14a8a28f5f7162cd/fid/95497/format/csv/language/de/delimiter/%2C/compression/gzip/columns/data_feed_id%2Cmerchant_id%2Cmerchant_name%2Caw_product_id%2Caw_deep_link%2Caw_image_url%2Caw_thumb_url%2Ccategory_id%2Ccategory_name%2Cbrand_id%2Cbrand_name%2Cmerchant_product_id%2Cmerchant_category%2Cean%2Cmpn%2Cproduct_name%2Cdescription%2Cmerchant_deep_link%2Cmerchant_image_url%2Cdelivery_time%2Csearch_price%2Cdelivery_cost%2Cproduct_type%2Ccolour/"
"34883","MF Traders Limited","GB","Not Joined","Awin","95660","Default","English","","2026-08-22 14:43:19","2026-08-22 14:43:13","570","https://productdata.awin.com/datafeed/download/apikey/fe83c200b3de1c6c14a8a28f5f7162cd/fid/95660/format/csv/language/en/delimiter/%2C/compression/gzip/adultcontent/1/columns/data_feed_id%2Cmerchant_id%2Cmerchant_name%2Caw_product_id%2Caw_deep_link%2Caw_image_url%2Caw_thumb_url%2Ccategory_id%2Ccategory_name%2Cbrand_id%2Cbrand_name%2Cmerchant_product_id%2Cmerchant_category%2Cmpn%2Cmodel_number%2Cproduct_name%2Cdescription%2Cmerchant_deep_link%2Cmerchant_image_url%2Cdelivery_time%2Csearch_price%2Cdelivery_cost%2Ccondition%2Cproduct_type%2Ccolour%2Ccustom_1%2Ccustom_2%2Cstock_status%2Cproduct_GTIN/"
"78850","TantalyDE","DE","Not Joined","Awin","95774","TantalyDE 20240805","English","","2026-05-15 16:16:10","","67","https://productdata.awin.com/datafeed/download/apikey/fe83c200b3de1c6c14a8a28f5f7162cd/fid/95774/format/csv/language/en/delimiter/%2C/compression/gzip/columns/data_feed_id%2Cmerchant_id%2Cmerchant_name%2Caw_product_id%2Caw_deep_link%2Caw_image_url%2Caw_thumb_url%2Ccategory_id%2Ccategory_name%2Cbrand_id%2Cbrand_name%2Cmerchant_product_id%2Cproduct_name%2Cdescription%2Cmerchant_deep_link%2Cmerchant_image_url%2Ccurrency%2Csearch_price%2Ccolour%2Cmerchant_product_category_path%2Cproduct_price_old/"
"100541","Lucasgift - US","US","Not Joined","Awin","96099","from mulwi","English","","2026-05-15 16:18:34","2024-08-16 18:40:15","15596","https://productdata.awin.com/datafeed/download/apikey/fe83c200b3de1c6c14a8a28f5f7162cd/fid/96099/format/csv/language/en/delimiter/%2C/compression/gzip/adultcontent/1/columns/data_feed_id%2Cmerchant_id%2Cmerchant_name%2Caw_product_id%2Caw_deep_link%2Caw_image_url%2Caw_thumb_url%2Ccategory_id%2Ccategory_name%2Cbrand_id%2Cbrand_name%2Cmerchant_product_id%2Cmerchant_category%2Cproduct_name%2Cdescription%2Cmerchant_deep_link%2Cmerchant_image_url%2Csearch_price%2Cproduct_type/"
"100113","Tantaly UK","GB","Not Joined","Awin","96182","Tantaly UK 20240821","English","","2026-05-15 16:26:17","","68","https://productdata.awin.com/datafeed/download/apikey/fe83c200b3de1c6c14a8a28f5f7162cd/fid/96182/format/csv/language/en/delimiter/%2C/compression/gzip/adultcontent/1/columns/data_feed_id%2Cmerchant_id%2Cmerchant_name%2Caw_product_id%2Caw_deep_link%2Caw_image_url%2Caw_thumb_url%2Ccategory_id%2Ccategory_name%2Cbrand_id%2Cbrand_name%2Cmerchant_product_id%2Cmerchant_category%2Cproduct_name%2Cdescription%2Cmerchant_deep_link%2Cmerchant_image_url%2Ccurrency%2Csearch_price%2Ccolour%2Cproduct_price_old/"
"18456","babista.ch","CH","Not Joined","Awin","96260","Babista CH fr","French","Fashion","2026-08-22 06:09:37","2026-08-22 14:28:00","17395","https://productdata.awin.com/datafeed/download/apikey/fe83c200b3de1c6c14a8a28f5f7162cd/fid/96260/format/csv/language/fr/delimiter/%2C/compression/gzip/columns/data_feed_id%2Cmerchant_id%2Cmerchant_name%2Caw_product_id%2Caw_deep_link%2Caw_image_url%2Caw_thumb_url%2Ccategory_id%2Ccategory_name%2Cbrand_id%2Cbrand_name%2Cmerchant_product_id%2Cmerchant_category%2Cean%2Cmpn%2Cisbn%2Cmodel_number%2Cproduct_name%2Cdescription%2Cspecifications%2Clanguage%2Cmerchant_deep_link%2Cmerchant_thumb_url%2Cmerchant_image_url%2Cdelivery_time%2Cvalid_from%2Cvalid_to%2Ccurrency%2Csearch_price%2Cstore_price%2Cdelivery_cost%2Cweb_offer%2Cpre_order%2Cin_stock%2Cstock_quantity%2Cwarranty%2Ccondition%2Cparent_product_id%2Ccommission_group%2Clast_updated%2Cdimensions%2Ccolour%2Ckeywords%2Ccustom_1%2Ccustom_2%2Csaving%2CFashion%3Asuitable_for%2CFashion%3Asize%2CFashion%3Amaterial%2CFashion%3Apattern%2CFashion%3Aswatch%2Crating%2Calternate_image%2Clarge_image%2Cbasket_link%2Cproduct_short_description%2Cmerchant_product_category_path%2Cmerchant_product_second_category%2Cmerchant_product_third_category%2Csavings_percent%2Cproduct_price_old%2Calternate_image_two%2Calternate_image_three%2Calternate_image_four/"
"101325","ShinningU - US","US","Not Joined","Awin","96342","ShinningU","English","","2026-05-15 16:28:02","","41","https://productdata.awin.com/datafeed/download/apikey/fe83c200b3de1c6c14a8a28f5f7162cd/fid/96342/format/csv/language/en/delimiter/%2C/compression/gzip/adultcontent/1/columns/data_feed_id%2Cmerchant_id%2Cmerchant_name%2Caw_product_id%2Caw_deep_link%2Caw_image_url%2Caw_thumb_url%2Ccategory_id%2Ccategory_name%2Cbrand_id%2Cbrand_name%2Cmerchant_product_id%2Cmerchant_category%2Cproduct_name%2Cdescription%2Cmerchant_deep_link%2Csearch_price/"
"99855","Young Soles","GB","Not Joined","Awin","96369","Awin Feed","English","","2026-05-15 16:28:56","2024-09-10 04:01:58","981","https://productdata.awin.com/datafeed/download/apikey/fe83c200b3de1c6c14a8a28f5f7162cd/fid/96369/format/csv/language/en/delimiter/%2C/compression/gzip/adultcontent/1/columns/data_feed_id%2Cmerchant_id%2Cmerchant_name%2Caw_product_id%2Caw_deep_link%2Caw_image_url%2Caw_thumb_url%2Ccategory_id%2Ccategory_name%2Cbrand_id%2Cbrand_name%2Cmerchant_product_id%2Cmerchant_category%2Cean%2Cmpn%2Cproduct_name%2Cdescription%2Cmerchant_deep_link%2Cmerchant_image_url%2Cdelivery_time%2Csearch_price%2Cdelivery_cost%2Cproduct_type%2Cdimensions%2Ccolour/"
"101325","ShinningU - US","US","Not Joined","Awin","96517","ShinningU0909","English","","2026-05-15 16:29:41","","26","https://productdata.awin.com/datafeed/download/apikey/fe83c200b3de1c6c14a8a28f5f7162cd/fid/96517/format/csv/language/en/delimiter/%2C/compression/gzip/adultcontent/1/columns/data_feed_id%2Cmerchant_id%2Cmerchant_name%2Caw_product_id%2Caw_deep_link%2Caw_image_url%2Caw_thumb_url%2Ccategory_id%2Ccategory_name%2Cbrand_id%2Cbrand_name%2Cmerchant_product_id%2Cmerchant_category%2Cproduct_name%2Cdescription%2Cmerchant_deep_link%2Csearch_price/"
"101325","ShinningU - US","US","Not Joined","Awin","96549","ShinningU0910","English","","2026-05-15 16:29:41","","9","https://productdata.awin.com/datafeed/download/apikey/fe83c200b3de1c6c14a8a28f5f7162cd/fid/96549/format/csv/language/en/delimiter/%2C/compression/gzip/adultcontent/1/columns/data_feed_id%2Cmerchant_id%2Cmerchant_name%2Caw_product_id%2Caw_deep_link%2Caw_image_url%2Caw_thumb_url%2Ccategory_id%2Ccategory_name%2Cbrand_id%2Cbrand_name%2Cmerchant_product_id%2Cmerchant_category%2Cproduct_name%2Cdescription%2Cmerchant_deep_link%2Csearch_price/"
"102233","Goedkoopste-Kantoorartikelen NL","NL","Not Joined","Awin","96564","Standaard","Dutch","","2026-08-22 10:03:51","2026-08-22 15:10:09","22489","https://productdata.awin.com/datafeed/download/apikey/fe83c200b3de1c6c14a8a28f5f7162cd/fid/96564/format/csv/language/nl/delimiter/%2C/compression/gzip/columns/data_feed_id%2Cmerchant_id%2Cmerchant_name%2Caw_product_id%2Caw_deep_link%2Caw_image_url%2Caw_thumb_url%2Ccategory_id%2Ccategory_name%2Cbrand_id%2Cbrand_name%2Cmerchant_product_id%2Cmerchant_category%2Cean%2Cmpn%2Cisbn%2Cmodel_number%2Cproduct_name%2Cdescription%2Cspecifications%2Clanguage%2Cmerchant_deep_link%2Cmerchant_thumb_url%2Cmerchant_image_url%2Cdelivery_time%2Cvalid_from%2Cvalid_to%2Ccurrency%2Csearch_price%2Cstore_price%2Cdelivery_cost%2Cweb_offer%2Cpre_order%2Cin_stock%2Cstock_quantity%2Cwarranty%2Ccondition%2Cparent_product_id%2Ccommission_group%2Clast_updated%2Cdimensions%2Ccolour%2Ckeywords%2Ccustom_1%2Ccustom_2%2Csaving%2Crating%2Calternate_image%2Clarge_image%2Cbasket_link%2Cproduct_short_description%2Cmerchant_product_category_path%2Cmerchant_product_second_category%2Cmerchant_product_third_category%2Csavings_percent%2Cproduct_price_old%2Calternate_image_two%2Calternate_image_three%2Calternate_image_four/"
"102231","PartyPro NL","NL","Not Joined","Awin","96567","Default","Dutch","","2026-08-22 12:18:22","2026-08-22 12:18:19","92","https://productdata.awin.com/datafeed/download/apikey/fe83c200b3de1c6c14a8a28f5f7162cd/fid/96567/format/csv/language/nl/delimiter/%2C/compression/gzip/columns/data_feed_id%2Cmerchant_id%2Cmerchant_name%2Caw_product_id%2Caw_deep_link%2Caw_image_url%2Caw_thumb_url%2Ccategory_id%2Ccategory_name%2Cbrand_id%2Cbrand_name%2Cmerchant_product_id%2Cmerchant_category%2Cproduct_name%2Cdescription%2Cmerchant_deep_link%2Cmerchant_image_url%2Cdelivery_time%2Csearch_price%2Cdelivery_cost%2Cstock_quantity%2Ccondition%2Cdimensions%2Ccolour%2Ccustom_1%2Ccustom_2%2Calternate_image/"
"101543","Skirting King UK","GB","Not Joined","Awin","96587","Skirting King - Product Feed","English","","2026-05-15 16:29:50","","197","https://productdata.awin.com/datafeed/download/apikey/fe83c200b3de1c6c14a8a28f5f7162cd/fid/96587/format/csv/language/en/delimiter/%2C/compression/gzip/adultcontent/1/columns/data_feed_id%2Cmerchant_id%2Cmerchant_name%2Caw_product_id%2Caw_deep_link%2Caw_image_url%2Caw_thumb_url%2Ccategory_id%2Ccategory_name%2Cbrand_id%2Cbrand_name%2Cmerchant_product_id%2Cmerchant_category%2Cproduct_name%2Cdescription%2Cmerchant_deep_link%2Cmerchant_image_url%2Ccurrency%2Csearch_price/"
"102431","Emensuits Affiliate Program US","US","Not Joined","Awin","96721","Emensuits Feed","English","","2026-05-15 16:31:15","2024-09-28 01:02:26","48537","https://productdata.awin.com/datafeed/download/apikey/fe83c200b3de1c6c14a8a28f5f7162cd/fid/96721/format/csv/language/en/delimiter/%2C/compression/gzip/adultcontent/1/columns/data_feed_id%2Cmerchant_id%2Cmerchant_name%2Caw_product_id%2Caw_deep_link%2Caw_image_url%2Caw_thumb_url%2Ccategory_id%2Ccategory_name%2Cbrand_id%2Cbrand_name%2Cmerchant_product_id%2Cmerchant_category%2Cmpn%2Cproduct_name%2Cdescription%2Cmerchant_deep_link%2Cmerchant_image_url%2Cdelivery_time%2Csearch_price%2Cdelivery_cost%2Cproduct_type%2Ccolour/"
"102429","Alberto Nardoni Affiliate Program US","US","Not Joined","Awin","96767","Alberto Nardoni","English","Fashion","2026-05-15 16:39:56","2024-09-19 15:19:05","250001","https://productdata.awin.com/datafeed/download/apikey/fe83c200b3de1c6c14a8a28f5f7162cd/fid/96767/format/csv/language/en/delimiter/%2C/compression/gzip/adultcontent/1/columns/data_feed_id%2Cmerchant_id%2Cmerchant_name%2Caw_product_id%2Caw_deep_link%2Caw_image_url%2Caw_thumb_url%2Ccategory_id%2Ccategory_name%2Cbrand_id%2Cbrand_name%2Cmerchant_product_id%2Cmerchant_category%2Cean%2Cmpn%2Cproduct_name%2Cdescription%2Cmerchant_deep_link%2Cmerchant_image_url%2Cdelivery_time%2Csearch_price%2Cdelivery_cost%2Cproduct_type%2Ccolour%2CFashion%3Asize/"
"101665","SKINWORK","GB","Not Joined","Awin","96803","Awin","English","Fashion","2026-08-14 17:01:55","2026-08-22 09:01:23","9","https://productdata.awin.com/datafeed/download/apikey/fe83c200b3de1c6c14a8a28f5f7162cd/fid/96803/format/csv/language/en/delimiter/%2C/compression/gzip/adultcontent/1/columns/data_feed_id%2Cmerchant_id%2Cmerchant_name%2Caw_product_id%2Caw_deep_link%2Caw_image_url%2Caw_thumb_url%2Ccategory_id%2Ccategory_name%2Cbrand_id%2Cbrand_name%2Cmerchant_product_id%2Cmerchant_category%2Cean%2Cmpn%2Cproduct_name%2Cdescription%2Cmerchant_deep_link%2Cmerchant_image_url%2Cdelivery_time%2Csearch_price%2Cdelivery_cost%2Cproduct_type%2Ccolour%2CFashion%3Asize/"
"101763","Mirlux Spiegels Affiliate","NL","Not Joined","Awin","96942","Productfeed","Dutch","","2026-05-15 16:31:43","2024-09-25 07:42:05","40","https://productdata.awin.com/datafeed/download/apikey/fe83c200b3de1c6c14a8a28f5f7162cd/fid/96942/format/csv/language/nl/delimiter/%2C/compression/gzip/columns/data_feed_id%2Cmerchant_id%2Cmerchant_name%2Caw_product_id%2Caw_deep_link%2Caw_image_url%2Caw_thumb_url%2Ccategory_id%2Ccategory_name%2Cbrand_id%2Cbrand_name%2Cmerchant_product_id%2Cmerchant_category%2Cean%2Cmpn%2Cisbn%2Cmodel_number%2Cproduct_name%2Cdescription%2Cspecifications%2Clanguage%2Cmerchant_deep_link%2Cmerchant_thumb_url%2Cmerchant_image_url%2Cdelivery_time%2Cvalid_from%2Cvalid_to%2Ccurrency%2Csearch_price%2Cstore_price%2Cdelivery_cost%2Cweb_offer%2Cpre_order%2Cin_stock%2Cstock_quantity%2Cwarranty%2Ccondition%2Cparent_product_id%2Ccommission_group%2Clast_updated%2Cdimensions%2Ccolour%2Ckeywords%2Ccustom_1%2Ccustom_2%2Csaving%2Crating%2Calternate_image%2Clarge_image%2Cbasket_link%2Cproduct_short_description%2Cmerchant_product_category_path%2Cmerchant_product_second_category%2Cmerchant_product_third_category%2Csavings_percent%2Cproduct_price_old%2Calternate_image_two%2Calternate_image_three%2Calternate_image_four/"
"102989","Netzwerkartikel.de","DE","Not Joined","Awin","97006","Netzwerkartikel","German","","2026-08-21 11:17:56","2026-08-22 15:02:05","120763","https://productdata.awin.com/datafeed/download/apikey/fe83c200b3de1c6c14a8a28f5f7162cd/fid/97006/format/csv/language/de/delimiter/%2C/compression/gzip/columns/data_feed_id%2Cmerchant_id%2Cmerchant_name%2Caw_product_id%2Caw_deep_link%2Caw_image_url%2Caw_thumb_url%2Ccategory_id%2Ccategory_name%2Cbrand_id%2Cbrand_name%2Cmerchant_product_id%2Cmerchant_category%2Cean%2Cproduct_name%2Cdescription%2Cmerchant_deep_link%2Cmerchant_image_url%2Cdelivery_time%2Cvalid_from%2Cvalid_to%2Ccurrency%2Csearch_price%2Cin_stock%2Ccolour%2Cproduct_short_description%2Cmerchant_product_category_path%2Csavings_percent%2Cstock_status/"
"59763","isinwheel.ES","ES","Not Joined","Awin","97023","Default","Spanish","","2026-08-22 00:01:58","2026-08-22 13:03:16","99","https://productdata.awin.com/datafeed/download/apikey/fe83c200b3de1c6c14a8a28f5f7162cd/fid/97023/format/csv/language/es/delimiter/%2C/compression/gzip/columns/data_feed_id%2Cmerchant_id%2Cmerchant_name%2Caw_product_id%2Caw_deep_link%2Caw_image_url%2Caw_thumb_url%2Ccategory_id%2Ccategory_name%2Cbrand_id%2Cbrand_name%2Cmerchant_product_id%2Cmerchant_category%2Cean%2Cmpn%2Cproduct_name%2Cdescription%2Cmerchant_deep_link%2Cmerchant_image_url%2Cdelivery_time%2Csearch_price%2Cdelivery_cost%2Cproduct_type%2Cdimensions%2Ccolour/"
"102901","Silver Cloud Beauty","GB","Not Joined","Awin","97041","Silver Beauty - Automatic","English","","2026-08-22 12:04:07","2026-08-22 12:04:02","48","https://productdata.awin.com/datafeed/download/apikey/fe83c200b3de1c6c14a8a28f5f7162cd/fid/97041/format/csv/language/en/delimiter/%2C/compression/gzip/adultcontent/1/columns/data_feed_id%2Cmerchant_id%2Cmerchant_name%2Caw_product_id%2Caw_deep_link%2Caw_image_url%2Caw_thumb_url%2Ccategory_id%2Ccategory_name%2Cbrand_id%2Cbrand_name%2Cmerchant_product_id%2Cmerchant_category%2Cean%2Cmpn%2Cproduct_name%2Cdescription%2Cmerchant_deep_link%2Cmerchant_image_url%2Cdelivery_time%2Csearch_price%2Cdelivery_cost%2Cproduct_type%2Ccolour/"
"102901","Silver Cloud Beauty","GB","Not Joined","Awin","97074","Silver Cloud - Hair Care","English","","2026-08-22 12:03:55","2026-08-22 12:03:52","48","https://productdata.awin.com/datafeed/download/apikey/fe83c200b3de1c6c14a8a28f5f7162cd/fid/97074/format/csv/language/en/delimiter/%2C/compression/gzip/adultcontent/1/columns/data_feed_id%2Cmerchant_id%2Cmerchant_name%2Caw_product_id%2Caw_deep_link%2Caw_image_url%2Caw_thumb_url%2Ccategory_id%2Ccategory_name%2Cbrand_id%2Cbrand_name%2Cmerchant_product_id%2Cmerchant_category%2Cean%2Cmpn%2Cproduct_name%2Cdescription%2Cmerchant_deep_link%2Cmerchant_image_url%2Cdelivery_time%2Csearch_price%2Cdelivery_cost%2Cproduct_type%2Ccolour/"
"103211","Binocular Base","GB","Not Joined","Awin","97114","Default Feed","English","","2026-07-20 21:02:33","2026-08-22 16:01:12","269","https://productdata.awin.com/datafeed/download/apikey/fe83c200b3de1c6c14a8a28f5f7162cd/fid/97114/format/csv/language/en/delimiter/%2C/compression/gzip/adultcontent/1/columns/data_feed_id%2Cmerchant_id%2Cmerchant_name%2Caw_product_id%2Caw_deep_link%2Caw_image_url%2Caw_thumb_url%2Ccategory_id%2Ccategory_name%2Cbrand_id%2Cbrand_name%2Cmerchant_product_id%2Cmerchant_category%2Cean%2Cproduct_name%2Cdescription%2Cmerchant_deep_link%2Cmerchant_image_url%2Ccurrency%2Csearch_price/"
"69970","Venustein DE","DE","Not Joined","Awin","97279","Default","German","","2026-05-15 16:36:02","","1725","https://productdata.awin.com/datafeed/download/apikey/fe83c200b3de1c6c14a8a28f5f7162cd/fid/97279/format/csv/language/de/delimiter/%2C/compression/gzip/columns/data_feed_id%2Cmerchant_id%2Cmerchant_name%2Caw_product_id%2Caw_deep_link%2Caw_image_url%2Caw_thumb_url%2Ccategory_id%2Ccategory_name%2Cbrand_id%2Cbrand_name%2Cmerchant_product_id%2Cproduct_name%2Cdescription%2Cmerchant_deep_link%2Cmerchant_image_url%2Ccurrency%2Csearch_price/"
"105475","Perfumeria Comas FR","FR","Not Joined","Awin","97867","Perfumerias Comas FR PDF","French","","2026-08-22 15:03:13","2026-08-22 15:03:00","6892","https://productdata.awin.com/datafeed/download/apikey/fe83c200b3de1c6c14a8a28f5f7162cd/fid/97867/format/csv/language/fr/delimiter/%2C/compression/gzip/columns/data_feed_id%2Cmerchant_id%2Cmerchant_name%2Caw_product_id%2Caw_deep_link%2Caw_image_url%2Caw_thumb_url%2Ccategory_id%2Ccategory_name%2Cbrand_id%2Cbrand_name%2Cmerchant_product_id%2Cmerchant_category%2Cean%2Cmpn%2Cproduct_name%2Cdescription%2Cspecifications%2Cmerchant_deep_link%2Cmerchant_image_url%2Cdelivery_time%2Csearch_price%2Cdelivery_cost%2Cweb_offer%2Ccustom_1/"
"105615","Leveros BR","BR","Not Joined","Awin","97939","Leveros BR - Product Feed","Portuguese","","2026-08-20 12:11:16","2026-08-22 12:01:35","230","https://productdata.awin.com/datafeed/download/apikey/fe83c200b3de1c6c14a8a28f5f7162cd/fid/97939/format/csv/language/pt/delimiter/%2C/compression/gzip/columns/data_feed_id%2Cmerchant_id%2Cmerchant_name%2Caw_product_id%2Caw_deep_link%2Caw_image_url%2Caw_thumb_url%2Ccategory_id%2Ccategory_name%2Cbrand_id%2Cbrand_name%2Cmerchant_product_id%2Cmerchant_category%2Cproduct_name%2Cdescription%2Cmerchant_deep_link%2Cmerchant_image_url%2Csearch_price%2Cin_stock%2Ccondition%2Cproduct_type%2Cparent_product_id%2Ccolour%2Ccustom_1%2Ccustom_2%2Ccustom_3%2Cbase_price%2Cbase_price_amount/"
"106747","Alianças Imperiais BR","BR","Not Joined","Awin","97992","Alianças Imperiais BR - Feed de Produtos","Portuguese","","2026-08-18 00:07:36","2026-08-22 12:02:09","460","https://productdata.awin.com/datafeed/download/apikey/fe83c200b3de1c6c14a8a28f5f7162cd/fid/97992/format/csv/language/pt/delimiter/%2C/compression/gzip/columns/data_feed_id%2Cmerchant_id%2Cmerchant_name%2Caw_product_id%2Caw_deep_link%2Caw_image_url%2Caw_thumb_url%2Ccategory_id%2Ccategory_name%2Cbrand_id%2Cbrand_name%2Cmerchant_product_id%2Cmerchant_category%2Cmpn%2Cproduct_name%2Cdescription%2Cmerchant_deep_link%2Cmerchant_image_url%2Csearch_price%2Cin_stock%2Ccondition%2Cproduct_type%2Ccustom_1%2Ccustom_2%2Ccustom_3%2Ccustom_4%2Ccustom_5%2Cbase_price_amount/"
"104547","io Gut Health","GB","Not Joined","Awin","98011","Awin Feed","English","","2026-08-13 12:16:21","2026-08-22 12:00:44","3","https://productdata.awin.com/datafeed/download/apikey/fe83c200b3de1c6c14a8a28f5f7162cd/fid/98011/format/csv/language/en/delimiter/%2C/compression/gzip/adultcontent/1/columns/data_feed_id%2Cmerchant_id%2Cmerchant_name%2Caw_product_id%2Caw_deep_link%2Caw_image_url%2Caw_thumb_url%2Ccategory_id%2Ccategory_name%2Cbrand_id%2Cbrand_name%2Cmerchant_product_id%2Cmerchant_category%2Cmpn%2Cproduct_name%2Cdescription%2Cmerchant_deep_link%2Cmerchant_image_url%2Cdelivery_time%2Csearch_price%2Cdelivery_cost%2Ccolour/"
"106979","Lightsin UK","GB","Not Joined","Awin","98013","Awin feed","English","","2026-08-22 14:16:24","2026-08-22 14:16:19","1304","https://productdata.awin.com/datafeed/download/apikey/fe83c200b3de1c6c14a8a28f5f7162cd/fid/98013/format/csv/language/en/delimiter/%2C/compression/gzip/adultcontent/1/columns/data_feed_id%2Cmerchant_id%2Cmerchant_name%2Caw_product_id%2Caw_deep_link%2Caw_image_url%2Caw_thumb_url%2Ccategory_id%2Ccategory_name%2Cbrand_id%2Cbrand_name%2Cmerchant_product_id%2Cmerchant_category%2Cean%2Cmpn%2Cproduct_name%2Cdescription%2Cmerchant_deep_link%2Cmerchant_image_url%2Cdelivery_time%2Csearch_price%2Cdelivery_cost%2Cproduct_type%2Ccolour/"
"106925","MyBeauty.Boutique","GB","Not Joined","Awin","98142","Default","English","","2026-08-22 10:06:03","2026-08-22 14:42:09","8908","https://productdata.awin.com/datafeed/download/apikey/fe83c200b3de1c6c14a8a28f5f7162cd/fid/98142/format/csv/language/en/delimiter/%2C/compression/gzip/adultcontent/1/columns/data_feed_id%2Cmerchant_id%2Cmerchant_name%2Caw_product_id%2Caw_deep_link%2Caw_image_url%2Caw_thumb_url%2Ccategory_id%2Ccategory_name%2Cbrand_id%2Cbrand_name%2Cmerchant_product_id%2Cmerchant_category%2Cmpn%2Cproduct_name%2Cdescription%2Cmerchant_deep_link%2Cmerchant_image_url%2Csearch_price%2Cin_stock%2Ccondition%2Ccustom_1%2Ccustom_2%2Ccustom_3%2Cproduct_model/"
"106791","Unipolar DE","DE","Not Joined","Awin","98216","Product Feed CSV","German","Fashion","2026-08-22 15:09:36","2026-08-22 15:09:29","4924","https://productdata.awin.com/datafeed/download/apikey/fe83c200b3de1c6c14a8a28f5f7162cd/fid/98216/format/csv/language/de/delimiter/%2C/compression/gzip/columns/data_feed_id%2Cmerchant_id%2Cmerchant_name%2Caw_product_id%2Caw_deep_link%2Caw_image_url%2Caw_thumb_url%2Ccategory_id%2Ccategory_name%2Cbrand_id%2Cbrand_name%2Cmerchant_product_id%2Cproduct_name%2Cdescription%2Cmerchant_deep_link%2Cmerchant_image_url%2Cdelivery_time%2Ccurrency%2Csearch_price%2Crrp_price%2Cdelivery_cost%2Cin_stock%2Ccolour%2Ccustom_1%2Ccustom_2%2Ccustom_3%2CFashion%3Asize%2CFashion%3Amaterial%2Cmerchant_product_category_path%2Cproduct_GTIN/"
"66912","Beyond Shakers","GB","Not Joined","Awin","98325","Protein Shakers","English","","2026-05-15 16:40:40","2026-08-22 12:01:08","11","https://productdata.awin.com/datafeed/download/apikey/fe83c200b3de1c6c14a8a28f5f7162cd/fid/98325/format/csv/language/en/delimiter/%2C/compression/gzip/adultcontent/1/columns/data_feed_id%2Cmerchant_id%2Cmerchant_name%2Caw_product_id%2Caw_deep_link%2Caw_image_url%2Caw_thumb_url%2Ccategory_id%2Ccategory_name%2Cbrand_id%2Cbrand_name%2Cmerchant_product_id%2Cmerchant_category%2Cean%2Cmpn%2Cproduct_name%2Cdescription%2Cmerchant_deep_link%2Cmerchant_image_url%2Cdelivery_time%2Csearch_price%2Cdelivery_cost%2Cproduct_type%2Ccolour/"
"66912","Beyond Shakers","GB","Not Joined","Awin","98389","Water Bottles","English","","2026-05-15 16:40:51","2026-08-22 12:01:09","7","https://productdata.awin.com/datafeed/download/apikey/fe83c200b3de1c6c14a8a28f5f7162cd/fid/98389/format/csv/language/en/delimiter/%2C/compression/gzip/adultcontent/1/columns/data_feed_id%2Cmerchant_id%2Cmerchant_name%2Caw_product_id%2Caw_deep_link%2Caw_image_url%2Caw_thumb_url%2Ccategory_id%2Ccategory_name%2Cbrand_id%2Cbrand_name%2Cmerchant_product_id%2Cmerchant_category%2Cean%2Cmpn%2Cproduct_name%2Cdescription%2Cmerchant_deep_link%2Cmerchant_image_url%2Cdelivery_time%2Csearch_price%2Cdelivery_cost%2Cproduct_type%2Ccolour/"
"108000","Love Tech Hate Waste","GB","Not Joined","Awin","98466","Default","English","","2026-05-15 16:43:47","2026-05-17 00:03:36","18049","https://productdata.awin.com/datafeed/download/apikey/fe83c200b3de1c6c14a8a28f5f7162cd/fid/98466/format/csv/language/en/delimiter/%2C/compression/gzip/adultcontent/1/columns/data_feed_id%2Cmerchant_id%2Cmerchant_name%2Caw_product_id%2Caw_deep_link%2Caw_image_url%2Caw_thumb_url%2Ccategory_id%2Ccategory_name%2Cbrand_id%2Cbrand_name%2Cmerchant_product_id%2Cmerchant_category%2Cmpn%2Cproduct_name%2Cdescription%2Cmerchant_deep_link%2Cmerchant_image_url%2Csearch_price%2Cin_stock%2Ccondition%2Ccustom_1%2Ccustom_2%2Ccustom_3%2Ccustom_4%2Ccustom_5/"
"29511","Plusshop IE","IE","Not Joined","Awin","98493","Awin Data Feed - Plusshop IE","English","","2026-05-15 16:43:24","","5983","https://productdata.awin.com/datafeed/download/apikey/fe83c200b3de1c6c14a8a28f5f7162cd/fid/98493/format/csv/language/en/delimiter/%2C/compression/gzip/adultcontent/1/columns/data_feed_id%2Cmerchant_id%2Cmerchant_name%2Caw_product_id%2Caw_deep_link%2Caw_image_url%2Caw_thumb_url%2Ccategory_id%2Ccategory_name%2Cbrand_id%2Cbrand_name%2Cmerchant_product_id%2Cproduct_name%2Cdescription%2Cmerchant_deep_link%2Cmerchant_image_url%2Csearch_price/"
"16274","Plusshop SE","SE","Not Joined","Awin","98498","Awin Data Feed - Plusshop SE","Swedish","","2026-05-15 16:43:31","","6653","https://productdata.awin.com/datafeed/download/apikey/fe83c200b3de1c6c14a8a28f5f7162cd/fid/98498/format/csv/language/sv/delimiter/%2C/compression/gzip/columns/data_feed_id%2Cmerchant_id%2Cmerchant_name%2Caw_product_id%2Caw_deep_link%2Caw_image_url%2Caw_thumb_url%2Ccategory_id%2Ccategory_name%2Cbrand_id%2Cbrand_name%2Cmerchant_product_id%2Cproduct_name%2Cdescription%2Cmerchant_deep_link%2Cmerchant_image_url%2Csearch_price/"
"108408","VETEXPERT Tiergesundheit AT","AT","Not Joined","Awin","98610","VETEXPERT AT","English","","2026-08-22 11:01:56","2026-08-22 11:01:51","398","https://productdata.awin.com/datafeed/download/apikey/fe83c200b3de1c6c14a8a28f5f7162cd/fid/98610/format/csv/language/en/delimiter/%2C/compression/gzip/columns/data_feed_id%2Cmerchant_id%2Cmerchant_name%2Caw_product_id%2Caw_deep_link%2Caw_image_url%2Caw_thumb_url%2Ccategory_id%2Ccategory_name%2Cbrand_id%2Cbrand_name%2Cmerchant_product_id%2Cproduct_name%2Cdescription%2Cmerchant_deep_link%2Cmerchant_image_url%2Csearch_price%2Cin_stock%2Ccondition%2Cproduct_type%2Cdelivery_weight%2Calternate_image/"
"107702","Clovis Calçados BR","BR","Not Joined","Awin","98680","Clovis Calçados BR - Feed de Produtos","Portuguese","Fashion","2026-05-15 16:45:25","2025-12-24 00:04:58","8198","https://productdata.awin.com/datafeed/download/apikey/fe83c200b3de1c6c14a8a28f5f7162cd/fid/98680/format/csv/language/pt/delimiter/%2C/compression/gzip/columns/data_feed_id%2Cmerchant_id%2Cmerchant_name%2Caw_product_id%2Caw_deep_link%2Caw_image_url%2Caw_thumb_url%2Ccategory_id%2Ccategory_name%2Cbrand_id%2Cbrand_name%2Cmerchant_product_id%2Cmpn%2Cproduct_name%2Cdescription%2Cmerchant_deep_link%2Cmerchant_image_url%2Csearch_price%2Cin_stock%2Ccondition%2Cproduct_type%2CFashion%3Asize/"
"108386","LENA Nail Polish","GB","Not Joined","Awin","98788","Default","English","","2026-08-16 00:01:14","2026-08-16 00:01:09","481","https://productdata.awin.com/datafeed/download/apikey/fe83c200b3de1c6c14a8a28f5f7162cd/fid/98788/format/csv/language/en/delimiter/%2C/compression/gzip/adultcontent/1/columns/data_feed_id%2Cmerchant_id%2Cmerchant_name%2Caw_product_id%2Caw_deep_link%2Caw_image_url%2Caw_thumb_url%2Ccategory_id%2Ccategory_name%2Cbrand_id%2Cbrand_name%2Cmerchant_product_id%2Cmerchant_category%2Cmpn%2Cproduct_name%2Cdescription%2Cspecifications%2Cmerchant_deep_link%2Cmerchant_image_url%2Cdelivery_time%2Csearch_price%2Cdelivery_cost%2Ccolour%2Csize_stock_amount/"
"108408","VETEXPERT Tiergesundheit AT","AT","Not Joined","Awin","98799","VETEXPERT  AT","German","","2026-08-22 11:01:26","2026-08-22 11:01:22","398","https://productdata.awin.com/datafeed/download/apikey/fe83c200b3de1c6c14a8a28f5f7162cd/fid/98799/format/csv/language/de/delimiter/%2C/compression/gzip/columns/data_feed_id%2Cmerchant_id%2Cmerchant_name%2Caw_product_id%2Caw_deep_link%2Caw_image_url%2Caw_thumb_url%2Ccategory_id%2Ccategory_name%2Cbrand_id%2Cbrand_name%2Cmerchant_product_id%2Cproduct_name%2Cdescription%2Cmerchant_deep_link%2Cmerchant_image_url%2Csearch_price%2Cin_stock%2Ccondition%2Cproduct_type%2Cdelivery_weight%2Cdelivery_restrictions%2Calternate_image/"
"102233","Goedkoopste-Kantoorartikelen NL","NL","Not Joined","Awin","99064","België","Dutch","","2026-08-22 09:03:37","2026-08-22 14:37:32","20725","https://productdata.awin.com/datafeed/download/apikey/fe83c200b3de1c6c14a8a28f5f7162cd/fid/99064/format/csv/language/nl/delimiter/%2C/compression/gzip/columns/data_feed_id%2Cmerchant_id%2Cmerchant_name%2Caw_product_id%2Caw_deep_link%2Caw_image_url%2Caw_thumb_url%2Ccategory_id%2Ccategory_name%2Cbrand_id%2Cbrand_name%2Cmerchant_product_id%2Cmerchant_category%2Cean%2Cisbn%2Cproduct_name%2Cdescription%2Clanguage%2Cmerchant_deep_link%2Cmerchant_thumb_url%2Cmerchant_image_url%2Cdelivery_time%2Cvalid_from%2Cvalid_to%2Ccurrency%2Csearch_price%2Cdelivery_cost%2Cin_stock%2Cstock_quantity%2Ccondition%2Cparent_product_id%2Ccommission_group%2Clast_updated%2Cdimensions%2Ccolour%2Ckeywords%2Ccustom_2%2Calternate_image%2Cbasket_link%2Cproduct_short_description%2Cmerchant_product_category_path%2Cmerchant_product_second_category%2Cmerchant_product_third_category%2Calternate_image_two%2Calternate_image_three%2Calternate_image_four/"
"109364","Printerval","US","Not Joined","Awin","99188","US_Sold","English","","2026-05-15 16:56:28","2026-08-22 00:04:17","542455","https://productdata.awin.com/datafeed/download/apikey/fe83c200b3de1c6c14a8a28f5f7162cd/fid/99188/format/csv/language/en/delimiter/%2C/compression/gzip/adultcontent/1/columns/data_feed_id%2Cmerchant_id%2Cmerchant_name%2Caw_product_id%2Caw_deep_link%2Caw_image_url%2Caw_thumb_url%2Ccategory_id%2Ccategory_name%2Cbrand_id%2Cbrand_name%2Cmerchant_product_id%2Cmerchant_category%2Cproduct_name%2Cdescription%2Clanguage%2Cmerchant_deep_link%2Cmerchant_image_url%2Ccurrency%2Csearch_price%2Cdelivery_cost%2Ccondition%2Ccustom_1%2Ccustom_2%2Ccustom_3%2Cmerchant_product_category_path/"
"109020","Nixodor","GB","Not Joined","Awin","99196","awin","English","","2026-05-15 16:46:55","2024-12-27 13:10:48","16","https://productdata.awin.com/datafeed/download/apikey/fe83c200b3de1c6c14a8a28f5f7162cd/fid/99196/format/csv/language/en/delimiter/%2C/compression/gzip/adultcontent/1/columns/data_feed_id%2Cmerchant_id%2Cmerchant_name%2Caw_product_id%2Caw_deep_link%2Caw_image_url%2Caw_thumb_url%2Ccategory_id%2Ccategory_name%2Cbrand_id%2Cbrand_name%2Cmerchant_product_id%2Cmerchant_category%2Cproduct_name%2Cdescription%2Cmerchant_deep_link%2Cmerchant_image_url%2Ccurrency%2Csearch_price/"
"109838","Crownie","US","Not Joined","Awin","99203","Crownie.co Feed","English","","2026-05-15 16:47:01","2025-08-07 01:02:14","2058","https://productdata.awin.com/datafeed/download/apikey/fe83c200b3de1c6c14a8a28f5f7162cd/fid/99203/format/csv/language/en/delimiter/%2C/compression/gzip/adultcontent/1/columns/data_feed_id%2Cmerchant_id%2Cmerchant_name%2Caw_product_id%2Caw_deep_link%2Caw_image_url%2Caw_thumb_url%2Ccategory_id%2Ccategory_name%2Cbrand_id%2Cbrand_name%2Cmerchant_product_id%2Cmerchant_category%2Cean%2Cmpn%2Cproduct_name%2Cdescription%2Cmerchant_deep_link%2Cmerchant_image_url%2Cdelivery_time%2Csearch_price%2Cdelivery_cost%2Cproduct_type%2Ccolour/"
"32471","Eonon (US)","US","Not Joined","Awin","99237","Product_Feed_250106","English","","2026-05-15 16:47:16","","42","https://productdata.awin.com/datafeed/download/apikey/fe83c200b3de1c6c14a8a28f5f7162cd/fid/99237/format/csv/language/en/delimiter/%2C/compression/gzip/adultcontent/1/columns/data_feed_id%2Cmerchant_id%2Cmerchant_name%2Caw_product_id%2Caw_deep_link%2Caw_image_url%2Caw_thumb_url%2Ccategory_id%2Ccategory_name%2Cbrand_id%2Cbrand_name%2Cmerchant_product_id%2Cmerchant_category%2Cproduct_name%2Cdescription%2Cmerchant_deep_link%2Cmerchant_image_url%2Csearch_price/"
"110790","Byvoks","NO","Not Joined","Awin","99323","Default","Norwegian","","2026-08-02 14:01:20","2026-08-22 14:01:19","165","https://productdata.awin.com/datafeed/download/apikey/fe83c200b3de1c6c14a8a28f5f7162cd/fid/99323/format/csv/language/no/delimiter/%2C/compression/gzip/columns/data_feed_id%2Cmerchant_id%2Cmerchant_name%2Caw_product_id%2Caw_deep_link%2Caw_image_url%2Caw_thumb_url%2Ccategory_id%2Ccategory_name%2Cbrand_id%2Cbrand_name%2Cmerchant_product_id%2Cmerchant_category%2Cproduct_name%2Cdescription%2Cmerchant_deep_link%2Cmerchant_image_url%2Csearch_price/"
"26560","Nature's Skin And Body Food (US)","US","Not Joined","Awin","99340","product feed","English","","2026-08-21 18:01:54","2026-08-22 12:05:34","32","https://productdata.awin.com/datafeed/download/apikey/fe83c200b3de1c6c14a8a28f5f7162cd/fid/99340/format/csv/language/en/delimiter/%2C/compression/gzip/adultcontent/1/columns/aw_deep_link%2Cproduct_name%2Caw_product_id%2Cmerchant_product_id%2Cmerchant_image_url%2Cdescription%2Cmerchant_category%2Csearch_price%2Cmerchant_name%2Cmerchant_id%2Ccategory_name%2Ccategory_id%2Caw_image_url%2Ccurrency%2Cstore_price%2Cdelivery_cost%2Cmerchant_deep_link%2Clanguage%2Clast_updated%2Cbrand_name%2Cbrand_id%2Ccolour%2Cproduct_short_description%2Cspecifications%2Ccondition%2Cproduct_model%2Cmodel_number%2Cdimensions%2Ckeywords%2Cpromotional_text%2Cproduct_type%2Ccommission_group%2Cmerchant_product_category_path%2Cmerchant_product_second_category%2Cmerchant_product_third_category%2Crrp_price%2Csaving%2Csavings_percent%2Cbase_price%2Cbase_price_amount%2Cbase_price_text%2Cproduct_price_old%2Cdelivery_restrictions%2Cdelivery_weight%2Cwarranty%2Cterms_of_contract%2Cdelivery_time%2Cin_stock%2Cstock_quantity%2Cvalid_from%2Cvalid_to%2Cis_for_sale%2Cweb_offer%2Cpre_order%2Cstock_status%2Csize_stock_status%2Csize_stock_amount%2Cmerchant_thumb_url%2Clarge_image%2Calternate_image%2Caw_thumb_url%2Calternate_image_two%2Calternate_image_three%2Calternate_image_four%2Creviews%2Caverage_rating%2Crating%2Cnumber_available%2Ccustom_1%2Ccustom_2%2Ccustom_3%2Ccustom_4%2Ccustom_5%2Ccustom_6%2Ccustom_7%2Ccustom_8%2Ccustom_9%2Cean%2Cisbn%2Cupc%2Cmpn%2Cparent_product_id%2Cproduct_GTIN%2Cbasket_link/"
"111020","Kuishi","GB","Not Joined","Awin","99400","UK _GBP","English","","2026-08-21 22:03:21","2026-08-22 12:09:18","1191","https://productdata.awin.com/datafeed/download/apikey/fe83c200b3de1c6c14a8a28f5f7162cd/fid/99400/format/csv/language/en/delimiter/%2C/compression/gzip/adultcontent/1/columns/aw_deep_link%2Cproduct_name%2Caw_product_id%2Cmerchant_product_id%2Cmerchant_image_url%2Cdescription%2Cmerchant_category%2Csearch_price%2Cmerchant_name%2Cmerchant_id%2Ccategory_name%2Ccategory_id%2Caw_image_url%2Ccurrency%2Cstore_price%2Cdelivery_cost%2Cmerchant_deep_link%2Clanguage%2Clast_updated%2Cbrand_name%2Cbrand_id%2Ccolour%2Cproduct_short_description%2Cspecifications%2Ccondition%2Cproduct_model%2Cmodel_number%2Cdimensions%2Ckeywords%2Cpromotional_text%2Cproduct_type%2Ccommission_group%2Cmerchant_product_category_path%2Cmerchant_product_second_category%2Cmerchant_product_third_category%2Crrp_price%2Csaving%2Csavings_percent%2Cbase_price%2Cbase_price_amount%2Cbase_price_text%2Cproduct_price_old%2Cdelivery_restrictions%2Cdelivery_weight%2Cwarranty%2Cterms_of_contract%2Cdelivery_time%2Cin_stock%2Cstock_quantity%2Cvalid_from%2Cvalid_to%2Cis_for_sale%2Cweb_offer%2Cpre_order%2Cstock_status%2Csize_stock_status%2Csize_stock_amount%2Cmerchant_thumb_url%2Clarge_image%2Calternate_image%2Caw_thumb_url%2Calternate_image_two%2Calternate_image_three%2Calternate_image_four%2Creviews%2Caverage_rating%2Crating%2Cnumber_available%2Ccustom_1%2Ccustom_2%2Ccustom_3%2Ccustom_4%2Ccustom_5%2Ccustom_6%2Ccustom_7%2Ccustom_8%2Ccustom_9%2Cean%2Cisbn%2Cupc%2Cmpn%2Cparent_product_id%2Cproduct_GTIN%2Cbasket_link/"
"111020","Kuishi","GB","Not Joined","Awin","99430","FR-EUR","French","","2026-08-21 19:03:47","2026-08-22 11:03:13","1191","https://productdata.awin.com/datafeed/download/apikey/fe83c200b3de1c6c14a8a28f5f7162cd/fid/99430/format/csv/language/fr/delimiter/%2C/compression/gzip/adultcontent/1/columns/aw_deep_link%2Cproduct_name%2Caw_product_id%2Cmerchant_product_id%2Cmerchant_image_url%2Cdescription%2Cmerchant_category%2Csearch_price%2Cmerchant_name%2Cmerchant_id%2Ccategory_name%2Ccategory_id%2Caw_image_url%2Ccurrency%2Cstore_price%2Cdelivery_cost%2Cmerchant_deep_link%2Clanguage%2Clast_updated%2Cbrand_name%2Cbrand_id%2Ccolour%2Cproduct_short_description%2Cspecifications%2Ccondition%2Cproduct_model%2Cmodel_number%2Cdimensions%2Ckeywords%2Cpromotional_text%2Cproduct_type%2Ccommission_group%2Cmerchant_product_category_path%2Cmerchant_product_second_category%2Cmerchant_product_third_category%2Crrp_price%2Csaving%2Csavings_percent%2Cbase_price%2Cbase_price_amount%2Cbase_price_text%2Cproduct_price_old%2Cdelivery_restrictions%2Cdelivery_weight%2Cwarranty%2Cterms_of_contract%2Cdelivery_time%2Cin_stock%2Cstock_quantity%2Cvalid_from%2Cvalid_to%2Cis_for_sale%2Cweb_offer%2Cpre_order%2Cstock_status%2Csize_stock_status%2Csize_stock_amount%2Cmerchant_thumb_url%2Clarge_image%2Calternate_image%2Caw_thumb_url%2Calternate_image_two%2Calternate_image_three%2Calternate_image_four%2Creviews%2Caverage_rating%2Crating%2Cnumber_available%2Ccustom_1%2Ccustom_2%2Ccustom_3%2Ccustom_4%2Ccustom_5%2Ccustom_6%2Ccustom_7%2Ccustom_8%2Ccustom_9%2Cean%2Cisbn%2Cupc%2Cmpn%2Cparent_product_id%2Cproduct_GTIN%2Cbasket_link/"
"111020","Kuishi","GB","Not Joined","Awin","99464","USA_USD","English","","2026-08-21 18:59:10","2026-08-22 11:03:12","1191","https://productdata.awin.com/datafeed/download/apikey/fe83c200b3de1c6c14a8a28f5f7162cd/fid/99464/format/csv/language/en/delimiter/%2C/compression/gzip/adultcontent/1/columns/aw_deep_link%2Cproduct_name%2Caw_product_id%2Cmerchant_product_id%2Cmerchant_image_url%2Cdescription%2Cmerchant_category%2Csearch_price%2Cmerchant_name%2Cmerchant_id%2Ccategory_name%2Ccategory_id%2Caw_image_url%2Ccurrency%2Cstore_price%2Cdelivery_cost%2Cmerchant_deep_link%2Clanguage%2Clast_updated%2Cbrand_name%2Cbrand_id%2Ccolour%2Cproduct_short_description%2Cspecifications%2Ccondition%2Cproduct_model%2Cmodel_number%2Cdimensions%2Ckeywords%2Cpromotional_text%2Cproduct_type%2Ccommission_group%2Cmerchant_product_category_path%2Cmerchant_product_second_category%2Cmerchant_product_third_category%2Crrp_price%2Csaving%2Csavings_percent%2Cbase_price%2Cbase_price_amount%2Cbase_price_text%2Cproduct_price_old%2Cdelivery_restrictions%2Cdelivery_weight%2Cwarranty%2Cterms_of_contract%2Cdelivery_time%2Cin_stock%2Cstock_quantity%2Cvalid_from%2Cvalid_to%2Cis_for_sale%2Cweb_offer%2Cpre_order%2Cstock_status%2Csize_stock_status%2Csize_stock_amount%2Cmerchant_thumb_url%2Clarge_image%2Calternate_image%2Caw_thumb_url%2Calternate_image_two%2Calternate_image_three%2Calternate_image_four%2Creviews%2Caverage_rating%2Crating%2Cnumber_available%2Ccustom_1%2Ccustom_2%2Ccustom_3%2Ccustom_4%2Ccustom_5%2Ccustom_6%2Ccustom_7%2Ccustom_8%2Ccustom_9%2Cean%2Cisbn%2Cupc%2Cmpn%2Cparent_product_id%2Cproduct_GTIN%2Cbasket_link/"
"111020","Kuishi","GB","Not Joined","Awin","99465","DE_EUR","German","","2026-08-21 18:58:51","2026-08-22 11:03:12","1191","https://productdata.awin.com/datafeed/download/apikey/fe83c200b3de1c6c14a8a28f5f7162cd/fid/99465/format/csv/language/de/delimiter/%2C/compression/gzip/adultcontent/1/columns/aw_deep_link%2Cproduct_name%2Caw_product_id%2Cmerchant_product_id%2Cmerchant_image_url%2Cdescription%2Cmerchant_category%2Csearch_price%2Cmerchant_name%2Cmerchant_id%2Ccategory_name%2Ccategory_id%2Caw_image_url%2Ccurrency%2Cstore_price%2Cdelivery_cost%2Cmerchant_deep_link%2Clanguage%2Clast_updated%2Cbrand_name%2Cbrand_id%2Ccolour%2Cproduct_short_description%2Cspecifications%2Ccondition%2Cproduct_model%2Cmodel_number%2Cdimensions%2Ckeywords%2Cpromotional_text%2Cproduct_type%2Ccommission_group%2Cmerchant_product_category_path%2Cmerchant_product_second_category%2Cmerchant_product_third_category%2Crrp_price%2Csaving%2Csavings_percent%2Cbase_price%2Cbase_price_amount%2Cbase_price_text%2Cproduct_price_old%2Cdelivery_restrictions%2Cdelivery_weight%2Cwarranty%2Cterms_of_contract%2Cdelivery_time%2Cin_stock%2Cstock_quantity%2Cvalid_from%2Cvalid_to%2Cis_for_sale%2Cweb_offer%2Cpre_order%2Cstock_status%2Csize_stock_status%2Csize_stock_amount%2Cmerchant_thumb_url%2Clarge_image%2Calternate_image%2Caw_thumb_url%2Calternate_image_two%2Calternate_image_three%2Calternate_image_four%2Creviews%2Caverage_rating%2Crating%2Cnumber_available%2Ccustom_1%2Ccustom_2%2Ccustom_3%2Ccustom_4%2Ccustom_5%2Ccustom_6%2Ccustom_7%2Ccustom_8%2Ccustom_9%2Cean%2Cisbn%2Cupc%2Cmpn%2Cparent_product_id%2Cproduct_GTIN%2Cbasket_link/"
"111342","Milk Bar Babystore","BE","Not Joined","Awin","99568","Product feed Milk Bar","Dutch","","2026-08-22 01:04:14","2026-08-22 13:03:36","10282","https://productdata.awin.com/datafeed/download/apikey/fe83c200b3de1c6c14a8a28f5f7162cd/fid/99568/format/csv/language/nl/delimiter/%2C/compression/gzip/columns/data_feed_id%2Cmerchant_id%2Cmerchant_name%2Caw_product_id%2Caw_deep_link%2Caw_image_url%2Caw_thumb_url%2Ccategory_id%2Ccategory_name%2Cbrand_id%2Cbrand_name%2Cmerchant_product_id%2Cean%2Cproduct_name%2Cdescription%2Cmerchant_deep_link%2Cmerchant_image_url%2Csearch_price%2Cdelivery_cost%2Ccustom_1%2Cstock_status/"
"109298","Legale Lover BR","BR","Not Joined","Awin","99634","Padrão","Portuguese","","2026-05-15 16:48:59","2025-10-14 17:50:33","361","https://productdata.awin.com/datafeed/download/apikey/fe83c200b3de1c6c14a8a28f5f7162cd/fid/99634/format/csv/language/pt/delimiter/%2C/compression/gzip/columns/data_feed_id%2Cmerchant_id%2Cmerchant_name%2Caw_product_id%2Caw_deep_link%2Caw_image_url%2Caw_thumb_url%2Ccategory_id%2Ccategory_name%2Cbrand_id%2Cbrand_name%2Cmerchant_product_id%2Cmpn%2Cproduct_name%2Cdescription%2Cmerchant_deep_link%2Cmerchant_image_url%2Csearch_price%2Cin_stock%2Ccondition/"
"108282","Sol Labs","US","Not Joined","Awin","99929","Default","English","","2026-05-15 17:04:38","2025-02-06 20:43:30","8","https://productdata.awin.com/datafeed/download/apikey/fe83c200b3de1c6c14a8a28f5f7162cd/fid/99929/format/csv/language/en/delimiter/%2C/compression/gzip/adultcontent/1/columns/data_feed_id%2Cmerchant_id%2Cmerchant_name%2Caw_product_id%2Caw_deep_link%2Caw_image_url%2Caw_thumb_url%2Ccategory_id%2Ccategory_name%2Cbrand_id%2Cbrand_name%2Cmerchant_product_id%2Cupc%2Cproduct_name%2Cdescription%2Cmerchant_deep_link%2Cmerchant_image_url%2Csearch_price/"
"107998","Cheap Furniture Warehouse","GB","Not Joined","Awin","99953","Orichi_feed","English","ShoppingNL","2026-05-15 17:04:58","2026-03-22 18:34:49","2000","https://productdata.awin.com/datafeed/download/apikey/fe83c200b3de1c6c14a8a28f5f7162cd/fid/99953/format/csv/language/en/delimiter/%2C/compression/gzip/adultcontent/1/columns/data_feed_id%2Cmerchant_id%2Cmerchant_name%2Caw_product_id%2Caw_deep_link%2Caw_image_url%2Caw_thumb_url%2Ccategory_id%2Ccategory_name%2Cbrand_id%2Cbrand_name%2Cmerchant_product_id%2Cmerchant_category%2Cproduct_name%2Cdescription%2Cmerchant_deep_link%2Cmerchant_image_url%2Csearch_price%2Cin_stock%2Ccondition%2Ccolour%2Ccustom_1%2Ccustom_2%2CShoppingNL%3Asize%2Calternate_image%2Calternate_image_two%2Calternate_image_three%2Calternate_image_four/"
"58127","logo-matten DE","DE","Not Joined","Awin","100009","Austria","English","","2026-08-09 10:05:02","2026-08-22 13:02:15","71538","https://productdata.awin.com/datafeed/download/apikey/fe83c200b3de1c6c14a8a28f5f7162cd/fid/100009/format/csv/language/en/delimiter/%2C/compression/gzip/columns/data_feed_id%2Cmerchant_id%2Cmerchant_name%2Caw_product_id%2Caw_deep_link%2Caw_image_url%2Caw_thumb_url%2Ccategory_id%2Ccategory_name%2Cbrand_id%2Cbrand_name%2Cmerchant_product_id%2Cmerchant_category%2Cean%2Cmpn%2Cproduct_name%2Cdescription%2Cmerchant_deep_link%2Cmerchant_image_url%2Cdelivery_time%2Csearch_price%2Cdelivery_cost%2Cproduct_type%2Ccolour/"
"108282","Sol Labs","US","Not Joined","Awin","100198","Default","English","","2026-05-15 17:11:51","","8","https://productdata.awin.com/datafeed/download/apikey/fe83c200b3de1c6c14a8a28f5f7162cd/fid/100198/format/csv/language/en/delimiter/%2C/compression/gzip/adultcontent/1/columns/data_feed_id%2Cmerchant_id%2Cmerchant_name%2Caw_product_id%2Caw_deep_link%2Caw_image_url%2Caw_thumb_url%2Ccategory_id%2Ccategory_name%2Cbrand_id%2Cbrand_name%2Cmerchant_product_id%2Cmerchant_category%2Cupc%2Cproduct_name%2Cdescription%2Cmerchant_deep_link%2Cmerchant_image_url%2Csearch_price/"
"25243","Sportdirect.ca (Canada)","CA","Not Joined","Awin","100199","SportdirectCanadaFrench","French","ShoppingNL","2026-08-18 15:02:19","2026-08-18 15:02:05","11614","https://productdata.awin.com/datafeed/download/apikey/fe83c200b3de1c6c14a8a28f5f7162cd/fid/100199/format/csv/language/fr/delimiter/%2C/compression/gzip/adultcontent/1/columns/data_feed_id%2Cmerchant_id%2Cmerchant_name%2Caw_product_id%2Caw_deep_link%2Caw_image_url%2Caw_thumb_url%2Ccategory_id%2Ccategory_name%2Cbrand_id%2Cbrand_name%2Cmerchant_product_id%2Cmpn%2Cproduct_name%2Cdescription%2Cmerchant_deep_link%2Cmerchant_image_url%2Csearch_price%2Crrp_price%2Cin_stock%2Ccondition%2Cproduct_type%2Cparent_product_id%2Ccolour%2CShoppingNL%3Asize%2CShoppingNL%3Amaterial%2CShoppingNL%3Apattern%2Calternate_image%2Cproduct_short_description%2Cproduct_GTIN%2CShoppingNL%3Agoogle_taxonomy/"
"18285","Botanycl","GB","Not Joined","Awin","100248","Default","English","","2026-05-15 17:12:40","","5","https://productdata.awin.com/datafeed/download/apikey/fe83c200b3de1c6c14a8a28f5f7162cd/fid/100248/format/csv/language/en/delimiter/%2C/compression/gzip/adultcontent/1/columns/data_feed_id%2Cmerchant_id%2Cmerchant_name%2Caw_product_id%2Caw_deep_link%2Caw_image_url%2Caw_thumb_url%2Ccategory_id%2Ccategory_name%2Cbrand_id%2Cbrand_name%2Cmerchant_product_id%2Cmerchant_category%2Cproduct_name%2Cdescription%2Cmerchant_deep_link%2Cmerchant_image_url%2Csearch_price%2Cproduct_GTIN/"
"49229","GS Equestrian","GB","Not Joined","Awin","100252","Default","English","","2026-05-15 17:15:05","2026-08-22 01:01:58","99613","https://productdata.awin.com/datafeed/download/apikey/fe83c200b3de1c6c14a8a28f5f7162cd/fid/100252/format/csv/language/en/delimiter/%2C/compression/gzip/adultcontent/1/columns/data_feed_id%2Cmerchant_id%2Cmerchant_name%2Caw_product_id%2Caw_deep_link%2Caw_image_url%2Caw_thumb_url%2Ccategory_id%2Ccategory_name%2Cbrand_id%2Cbrand_name%2Cmerchant_product_id%2Cean%2Cmpn%2Cproduct_name%2Cdescription%2Cmerchant_deep_link%2Cmerchant_image_url%2Csearch_price%2Ccondition%2Cstock_status/"
"108194","Kaliedy Baby & Nursery Store","IE","Not Joined","Awin","100291","Shopify Data Feed","English","","2026-08-22 12:13:57","2026-08-22 12:13:50","2427","https://productdata.awin.com/datafeed/download/apikey/fe83c200b3de1c6c14a8a28f5f7162cd/fid/100291/format/csv/language/en/delimiter/%2C/compression/gzip/adultcontent/1/columns/data_feed_id%2Cmerchant_id%2Cmerchant_name%2Caw_product_id%2Caw_deep_link%2Caw_image_url%2Caw_thumb_url%2Ccategory_id%2Ccategory_name%2Cbrand_id%2Cbrand_name%2Cmerchant_product_id%2Cmerchant_category%2Cean%2Cmpn%2Cproduct_name%2Cdescription%2Cmerchant_deep_link%2Cmerchant_image_url%2Cdelivery_time%2Csearch_price%2Cdelivery_cost%2Cproduct_type%2Ccolour/"
"113104","Lumy Health","US","Not Joined","Awin","100392","Default","English","","2026-05-15 17:17:51","","43","https://productdata.awin.com/datafeed/download/apikey/fe83c200b3de1c6c14a8a28f5f7162cd/fid/100392/format/csv/language/en/delimiter/%2C/compression/gzip/adultcontent/1/columns/data_feed_id%2Cmerchant_id%2Cmerchant_name%2Caw_product_id%2Caw_deep_link%2Caw_image_url%2Caw_thumb_url%2Ccategory_id%2Ccategory_name%2Cbrand_id%2Cbrand_name%2Cmerchant_product_id%2Cmerchant_category%2Cproduct_name%2Cdescription%2Cmerchant_deep_link%2Cmerchant_image_url%2Csearch_price%2Cproduct_type%2Calternate_image%2Cproduct_model/"
"30693","8wines DACH","DE","Not Joined","Awin","100594","Awin DE XML feed","German","","2026-08-22 13:02:16","2026-08-22 13:02:09","2276","https://productdata.awin.com/datafeed/download/apikey/fe83c200b3de1c6c14a8a28f5f7162cd/fid/100594/format/csv/language/de/delimiter/%2C/compression/gzip/columns/aw_deep_link%2Cproduct_name%2Caw_product_id%2Cmerchant_product_id%2Cmerchant_image_url%2Cdescription%2Cmerchant_category%2Csearch_price%2Cmerchant_name%2Cmerchant_id%2Ccategory_name%2Ccategory_id%2Caw_image_url%2Ccurrency%2Cstore_price%2Cdelivery_cost%2Cmerchant_deep_link%2Clanguage%2Clast_updated%2Cbrand_name%2Cbrand_id%2Ccolour%2Cproduct_short_description%2Cspecifications%2Ccondition%2Cproduct_model%2Cmodel_number%2Cdimensions%2Ckeywords%2Cpromotional_text%2Cproduct_type%2Ccommission_group%2Cmerchant_product_category_path%2Cmerchant_product_second_category%2Cmerchant_product_third_category%2Crrp_price%2Csaving%2Csavings_percent%2Cbase_price%2Cbase_price_amount%2Cbase_price_text%2Cproduct_price_old%2Cdelivery_restrictions%2Cdelivery_weight%2Cwarranty%2Cterms_of_contract%2Cdelivery_time%2Cin_stock%2Cstock_quantity%2Cvalid_from%2Cvalid_to%2Cis_for_sale%2Cweb_offer%2Cpre_order%2Cstock_status%2Csize_stock_status%2Csize_stock_amount%2Cmerchant_thumb_url%2Clarge_image%2Calternate_image%2Caw_thumb_url%2Calternate_image_two%2Calternate_image_three%2Calternate_image_four%2Creviews%2Caverage_rating%2Crating%2Cnumber_available%2Ccustom_1%2Ccustom_2%2Ccustom_3%2Ccustom_4%2Ccustom_5%2Ccustom_6%2Ccustom_7%2Ccustom_8%2Ccustom_9%2Cean%2Cisbn%2Cupc%2Cmpn%2Cparent_product_id%2Cproduct_GTIN%2Cbasket_link/"
"107822","Besselink Licht","NL","Not Joined","Awin","100608","Channable","Dutch","ShoppingNL","2026-08-22 14:33:49","2026-08-22 14:33:44","1304","https://productdata.awin.com/datafeed/download/apikey/fe83c200b3de1c6c14a8a28f5f7162cd/fid/100608/format/csv/language/nl/delimiter/%2C/compression/gzip/columns/data_feed_id%2Cmerchant_id%2Cmerchant_name%2Caw_product_id%2Caw_deep_link%2Caw_image_url%2Caw_thumb_url%2Ccategory_id%2Ccategory_name%2Cbrand_id%2Cbrand_name%2Cmerchant_product_id%2Cmerchant_category%2Cean%2Cmpn%2Cmodel_number%2Cproduct_name%2Cdescription%2Cspecifications%2Clanguage%2Cmerchant_deep_link%2Cmerchant_thumb_url%2Cmerchant_image_url%2Cdelivery_time%2Cvalid_from%2Cvalid_to%2Ccurrency%2Csearch_price%2Cstore_price%2Cdelivery_cost%2Cweb_offer%2Cpre_order%2Cin_stock%2Cstock_quantity%2Cwarranty%2Ccondition%2Cparent_product_id%2Ccommission_group%2Clast_updated%2Cdimensions%2Ccolour%2Ckeywords%2Ccustom_1%2Ccustom_2%2Csaving%2Crating%2Calternate_image%2Clarge_image%2Cbasket_link%2Cproduct_short_description%2Cmerchant_product_category_path%2Cmerchant_product_second_category%2Cmerchant_product_third_category%2Csavings_percent%2Cproduct_price_old%2Calternate_image_two%2Calternate_image_three%2Calternate_image_four%2CShoppingNL%3Aenergy_label%2CShoppingNL%3Aenergy_label_link%2CShoppingNL%3Aenergy_label_logo%2CShoppingNL%3Agoogle_taxonomy/"
"106707","8wines UK","GB","Not Joined","Awin","100644","UK xml feed","English","","2026-08-22 01:01:34","2026-08-22 01:01:25","2282","https://productdata.awin.com/datafeed/download/apikey/fe83c200b3de1c6c14a8a28f5f7162cd/fid/100644/format/csv/language/en/delimiter/%2C/compression/gzip/adultcontent/1/columns/aw_deep_link%2Cproduct_name%2Caw_product_id%2Cmerchant_product_id%2Cmerchant_image_url%2Cdescription%2Cmerchant_category%2Csearch_price%2Cmerchant_name%2Cmerchant_id%2Ccategory_name%2Ccategory_id%2Caw_image_url%2Ccurrency%2Cstore_price%2Cdelivery_cost%2Cmerchant_deep_link%2Clanguage%2Clast_updated%2Cbrand_name%2Cbrand_id%2Ccolour%2Cproduct_short_description%2Cspecifications%2Ccondition%2Cproduct_model%2Cmodel_number%2Cdimensions%2Ckeywords%2Cpromotional_text%2Cproduct_type%2Ccommission_group%2Cmerchant_product_category_path%2Cmerchant_product_second_category%2Cmerchant_product_third_category%2Crrp_price%2Csaving%2Csavings_percent%2Cbase_price%2Cbase_price_amount%2Cbase_price_text%2Cproduct_price_old%2Cdelivery_restrictions%2Cdelivery_weight%2Cwarranty%2Cterms_of_contract%2Cdelivery_time%2Cin_stock%2Cstock_quantity%2Cvalid_from%2Cvalid_to%2Cis_for_sale%2Cweb_offer%2Cpre_order%2Cstock_status%2Csize_stock_status%2Csize_stock_amount%2Cmerchant_thumb_url%2Clarge_image%2Calternate_image%2Caw_thumb_url%2Calternate_image_two%2Calternate_image_three%2Calternate_image_four%2Creviews%2Caverage_rating%2Crating%2Cnumber_available%2Ccustom_1%2Ccustom_2%2Ccustom_3%2Ccustom_4%2Ccustom_5%2Ccustom_6%2Ccustom_7%2Ccustom_8%2Ccustom_9%2Cean%2Cisbn%2Cupc%2Cmpn%2Cparent_product_id%2Cproduct_GTIN%2Cbasket_link/"
"113754","Monsgeek EU","GB","Not Joined","Awin","100736","Default","English","","2026-08-22 14:33:55","2026-08-22 14:33:49","1069","https://productdata.awin.com/datafeed/download/apikey/fe83c200b3de1c6c14a8a28f5f7162cd/fid/100736/format/csv/language/en/delimiter/%2C/compression/gzip/adultcontent/1/columns/data_feed_id%2Cmerchant_id%2Cmerchant_name%2Caw_product_id%2Caw_deep_link%2Caw_image_url%2Caw_thumb_url%2Ccategory_id%2Ccategory_name%2Cbrand_id%2Cbrand_name%2Cmerchant_product_id%2Cmerchant_category%2Cean%2Cmpn%2Cproduct_name%2Cdescription%2Cmerchant_deep_link%2Cmerchant_image_url%2Cdelivery_time%2Ccurrency%2Csearch_price%2Cdelivery_cost%2Cin_stock%2Cstock_quantity%2Ccondition%2Cproduct_type%2Ccolour%2Calternate_image%2Cproduct_price_old%2Calternate_image_two%2Calternate_image_three%2Calternate_image_four/"
"113792","Clubfarma IT","IT","Not Joined","Awin","100756","Clubfarma","Italian","","2026-06-05 05:02:57","2026-06-05 05:02:23","48378","https://productdata.awin.com/datafeed/download/apikey/fe83c200b3de1c6c14a8a28f5f7162cd/fid/100756/format/csv/language/it/delimiter/%2C/compression/gzip/columns/aw_deep_link%2Cproduct_name%2Caw_product_id%2Cmerchant_product_id%2Cmerchant_image_url%2Cdescription%2Cmerchant_category%2Csearch_price%2Cmerchant_name%2Cmerchant_id%2Ccategory_name%2Ccategory_id%2Caw_image_url%2Ccurrency%2Cstore_price%2Cdelivery_cost%2Cmerchant_deep_link%2Clanguage%2Clast_updated%2Cbrand_name%2Cbrand_id%2Ccolour%2Cproduct_short_description%2Cspecifications%2Ccondition%2Cproduct_model%2Cmodel_number%2Cdimensions%2Ckeywords%2Cpromotional_text%2Cproduct_type%2Ccommission_group%2Cmerchant_product_category_path%2Cmerchant_product_second_category%2Cmerchant_product_third_category%2Crrp_price%2Csaving%2Csavings_percent%2Cbase_price%2Cbase_price_amount%2Cbase_price_text%2Cproduct_price_old%2Cdelivery_restrictions%2Cdelivery_weight%2Cwarranty%2Cterms_of_contract%2Cdelivery_time%2Cin_stock%2Cstock_quantity%2Cvalid_from%2Cvalid_to%2Cis_for_sale%2Cweb_offer%2Cpre_order%2Cstock_status%2Csize_stock_status%2Csize_stock_amount%2Cmerchant_thumb_url%2Clarge_image%2Calternate_image%2Caw_thumb_url%2Calternate_image_two%2Calternate_image_three%2Calternate_image_four%2Creviews%2Caverage_rating%2Crating%2Cnumber_available%2Ccustom_1%2Ccustom_2%2Ccustom_3%2Ccustom_4%2Ccustom_5%2Ccustom_6%2Ccustom_7%2Ccustom_8%2Ccustom_9%2Cean%2Cisbn%2Cupc%2Cmpn%2Cparent_product_id%2Cproduct_GTIN%2Cbasket_link/"
"114046","Cerqular","US","Not Joined","Awin","100794","Cerqular USA","English","Fashion","2026-05-15 17:36:48","2025-12-22 04:02:50","217765","https://productdata.awin.com/datafeed/download/apikey/fe83c200b3de1c6c14a8a28f5f7162cd/fid/100794/format/csv/language/en/delimiter/%2C/compression/gzip/adultcontent/1/columns/data_feed_id%2Cmerchant_id%2Cmerchant_name%2Caw_product_id%2Caw_deep_link%2Caw_image_url%2Caw_thumb_url%2Ccategory_id%2Ccategory_name%2Cbrand_id%2Cbrand_name%2Cmerchant_product_id%2Cmerchant_category%2Cean%2Cmpn%2Cproduct_name%2Cdescription%2Cmerchant_deep_link%2Cmerchant_image_url%2Cdelivery_time%2Csearch_price%2Cdelivery_cost%2Ccondition%2Cproduct_type%2Ccolour%2CFashion%3Asuitable_for%2CFashion%3Asize%2CFashion%3Amaterial%2CFashion%3Apattern%2Cproduct_price_old/"
"114094","Mint Outdoor","GB","Not Joined","Awin","100804","awin","English","","2026-08-22 09:16:35","2026-08-22 09:16:30","233","https://productdata.awin.com/datafeed/download/apikey/fe83c200b3de1c6c14a8a28f5f7162cd/fid/100804/format/csv/language/en/delimiter/%2C/compression/gzip/adultcontent/1/columns/data_feed_id%2Cmerchant_id%2Cmerchant_name%2Caw_product_id%2Caw_deep_link%2Caw_image_url%2Caw_thumb_url%2Ccategory_id%2Ccategory_name%2Cbrand_id%2Cbrand_name%2Cmerchant_product_id%2Cmerchant_category%2Cean%2Cmpn%2Cproduct_name%2Cdescription%2Cmerchant_deep_link%2Cmerchant_image_url%2Cdelivery_time%2Csearch_price%2Cdelivery_cost%2Cproduct_type%2Ccolour/"
"99293","DGW-NL","NL","Not Joined","Awin","100851","dgwnl total","Dutch","","2026-08-22 07:01:36","2026-08-22 07:01:32","423","https://productdata.awin.com/datafeed/download/apikey/fe83c200b3de1c6c14a8a28f5f7162cd/fid/100851/format/csv/language/nl/delimiter/%2C/compression/gzip/columns/data_feed_id%2Cmerchant_id%2Cmerchant_name%2Caw_product_id%2Caw_deep_link%2Caw_image_url%2Caw_thumb_url%2Ccategory_id%2Ccategory_name%2Cbrand_id%2Cbrand_name%2Cmerchant_product_id%2Cmerchant_category%2Cproduct_name%2Cdescription%2Cmerchant_deep_link%2Cmerchant_image_url%2Csearch_price/"
"72943","Shower Blocks","GB","Not Joined","Awin","100862","Shopify Feed","English","","2026-08-22 14:15:44","2026-08-22 14:15:38","107","https://productdata.awin.com/datafeed/download/apikey/fe83c200b3de1c6c14a8a28f5f7162cd/fid/100862/format/csv/language/en/delimiter/%2C/compression/gzip/adultcontent/1/columns/data_feed_id%2Cmerchant_id%2Cmerchant_name%2Caw_product_id%2Caw_deep_link%2Caw_image_url%2Caw_thumb_url%2Ccategory_id%2Ccategory_name%2Cbrand_id%2Cbrand_name%2Cmerchant_product_id%2Cmerchant_category%2Cean%2Cmpn%2Cproduct_name%2Cdescription%2Cmerchant_deep_link%2Cmerchant_image_url%2Cdelivery_time%2Csearch_price%2Cdelivery_cost%2Cproduct_type/"
"114020","Fun Fact Co.","US","Not Joined","Awin","100911","Shopify Feed - 3.20.25","English","","2026-05-15 17:27:05","","281","https://productdata.awin.com/datafeed/download/apikey/fe83c200b3de1c6c14a8a28f5f7162cd/fid/100911/format/csv/language/en/delimiter/%2C/compression/gzip/adultcontent/1/columns/data_feed_id%2Cmerchant_id%2Cmerchant_name%2Caw_product_id%2Caw_deep_link%2Caw_image_url%2Caw_thumb_url%2Ccategory_id%2Ccategory_name%2Cbrand_id%2Cbrand_name%2Cmerchant_product_id%2Cmerchant_category%2Cean%2Cmpn%2Cproduct_name%2Cdescription%2Cmerchant_deep_link%2Cmerchant_image_url%2Cdelivery_time%2Csearch_price%2Cdelivery_cost%2Cproduct_type%2Cdimensions/"
"114444","Earkings NL","NL","Not Joined","Awin","100968","Earkings + Swinkle + KitchenMonster feed","Dutch","","2026-08-21 19:19:47","2026-08-22 12:06:56","56","https://productdata.awin.com/datafeed/download/apikey/fe83c200b3de1c6c14a8a28f5f7162cd/fid/100968/format/csv/language/nl/delimiter/%2C/compression/gzip/columns/aw_deep_link%2Cproduct_name%2Caw_product_id%2Cmerchant_product_id%2Cmerchant_image_url%2Cdescription%2Cmerchant_category%2Csearch_price%2Cmerchant_name%2Cmerchant_id%2Ccategory_name%2Ccategory_id%2Caw_image_url%2Ccurrency%2Cstore_price%2Cdelivery_cost%2Cmerchant_deep_link%2Clanguage%2Clast_updated%2Cbrand_name%2Cbrand_id%2Ccolour%2Cproduct_short_description%2Cspecifications%2Ccondition%2Cproduct_model%2Cmodel_number%2Cdimensions%2Ckeywords%2Cpromotional_text%2Cproduct_type%2Ccommission_group%2Cmerchant_product_category_path%2Cmerchant_product_second_category%2Cmerchant_product_third_category%2Crrp_price%2Csaving%2Csavings_percent%2Cbase_price%2Cbase_price_amount%2Cbase_price_text%2Cproduct_price_old%2Cdelivery_restrictions%2Cdelivery_weight%2Cwarranty%2Cterms_of_contract%2Cdelivery_time%2Cin_stock%2Cstock_quantity%2Cvalid_from%2Cvalid_to%2Cis_for_sale%2Cweb_offer%2Cpre_order%2Cstock_status%2Csize_stock_status%2Csize_stock_amount%2Cmerchant_thumb_url%2Clarge_image%2Calternate_image%2Caw_thumb_url%2Calternate_image_two%2Calternate_image_three%2Calternate_image_four%2Creviews%2Caverage_rating%2Crating%2Cnumber_available%2Ccustom_1%2Ccustom_2%2Ccustom_3%2Ccustom_4%2Ccustom_5%2Ccustom_6%2Ccustom_7%2Ccustom_8%2Ccustom_9%2Cean%2Cisbn%2Cupc%2Cmpn%2Cparent_product_id%2Cproduct_GTIN%2Cbasket_link/"
"114180","Sinocare","ES","Not Joined","Awin","100983","Sinocare Spanish","Spanish","","2026-08-20 10:08:25","2026-08-22 15:02:24","86","https://productdata.awin.com/datafeed/download/apikey/fe83c200b3de1c6c14a8a28f5f7162cd/fid/100983/format/csv/language/es/delimiter/%2C/compression/gzip/columns/data_feed_id%2Cmerchant_id%2Cmerchant_name%2Caw_product_id%2Caw_deep_link%2Caw_image_url%2Caw_thumb_url%2Ccategory_id%2Ccategory_name%2Cbrand_id%2Cbrand_name%2Cmerchant_product_id%2Cmerchant_category%2Cean%2Cmpn%2Cproduct_name%2Cdescription%2Cmerchant_deep_link%2Cmerchant_image_url%2Cdelivery_time%2Ccurrency%2Csearch_price%2Cdelivery_cost%2Cproduct_type%2Crating%2Cproduct_model%2Cproduct_price_old%2Csize_stock_status/"
"24617","Raw Beauty Lab","GB","Not Joined","Awin","101081","Awin25","English","","2026-08-19 05:03:57","2026-08-22 12:02:52","2","https://productdata.awin.com/datafeed/download/apikey/fe83c200b3de1c6c14a8a28f5f7162cd/fid/101081/format/csv/language/en/delimiter/%2C/compression/gzip/adultcontent/1/columns/data_feed_id%2Cmerchant_id%2Cmerchant_name%2Caw_product_id%2Caw_deep_link%2Caw_image_url%2Caw_thumb_url%2Ccategory_id%2Ccategory_name%2Cbrand_id%2Cbrand_name%2Cmerchant_product_id%2Cmerchant_category%2Cean%2Cmpn%2Cproduct_name%2Cdescription%2Cmerchant_deep_link%2Cmerchant_image_url%2Cdelivery_time%2Csearch_price%2Cdelivery_cost%2Cproduct_type%2Ccolour/"
"78586","Needs No Label","GB","Not Joined","Awin","101189","Product Feed NNL","English","","2026-08-18 18:02:06","2026-08-18 18:02:00","459","https://productdata.awin.com/datafeed/download/apikey/fe83c200b3de1c6c14a8a28f5f7162cd/fid/101189/format/csv/language/en/delimiter/%2C/compression/gzip/adultcontent/1/columns/data_feed_id%2Cmerchant_id%2Cmerchant_name%2Caw_product_id%2Caw_deep_link%2Caw_image_url%2Caw_thumb_url%2Ccategory_id%2Ccategory_name%2Cbrand_id%2Cbrand_name%2Cmerchant_product_id%2Cmerchant_category%2Cean%2Cmpn%2Cproduct_name%2Cdescription%2Cspecifications%2Cmerchant_deep_link%2Cmerchant_image_url%2Cdelivery_time%2Csearch_price%2Cdelivery_cost%2Cproduct_type%2Ccolour%2Cproduct_price_old/"
"33889","Petcube (US)","US","Not Joined","Awin","101206","Default","English","","2026-08-22 00:02:29","2026-08-22 12:10:14","10","https://productdata.awin.com/datafeed/download/apikey/fe83c200b3de1c6c14a8a28f5f7162cd/fid/101206/format/csv/language/en/delimiter/%2C/compression/gzip/adultcontent/1/columns/data_feed_id%2Cmerchant_id%2Cmerchant_name%2Caw_product_id%2Caw_deep_link%2Caw_image_url%2Caw_thumb_url%2Ccategory_id%2Ccategory_name%2Cbrand_id%2Cbrand_name%2Cmerchant_product_id%2Cmerchant_category%2Cproduct_name%2Cdescription%2Cmerchant_deep_link%2Cmerchant_image_url%2Ccurrency%2Csearch_price/"
"114718","Ecotalk","GB","Not Joined","Awin","101247","Ecotalk products 04/04/25","English","Telcos","2026-08-13 13:15:15","","6","https://productdata.awin.com/datafeed/download/apikey/fe83c200b3de1c6c14a8a28f5f7162cd/fid/101247/format/csv/language/en/delimiter/%2C/compression/gzip/adultcontent/1/columns/data_feed_id%2Cmerchant_id%2Cmerchant_name%2Caw_product_id%2Caw_deep_link%2Caw_image_url%2Caw_thumb_url%2Ccategory_id%2Ccategory_name%2Cbrand_id%2Cbrand_name%2Cmerchant_product_id%2Cmerchant_category%2Cmpn%2Cproduct_name%2Cdescription%2Cmerchant_deep_link%2Ccurrency%2Csearch_price%2Cin_stock%2Ccondition%2CTelcos%3Acontract_type%2CTelcos%3Aterm%2CTelcos%3Amonth_cost%2CTelcos%3Ainc_minutes%2CTelcos%3Ainc_data%2CTelcos%3Aconnectivity%2CTelcos%3Ainc_texts%2CTelcos%3Atariff%2Calternate_image%2Clarge_image%2CTelcos%3Anetwork%2Calternate_image_two%2Ccustom_6/"
"111564","Modmo","GB","Not Joined","Awin","101260","Default","English","","2026-05-15 17:28:30","","7","https://productdata.awin.com/datafeed/download/apikey/fe83c200b3de1c6c14a8a28f5f7162cd/fid/101260/format/csv/language/en/delimiter/%2C/compression/gzip/adultcontent/1/columns/data_feed_id%2Cmerchant_id%2Cmerchant_name%2Caw_product_id%2Caw_deep_link%2Caw_image_url%2Caw_thumb_url%2Ccategory_id%2Ccategory_name%2Cbrand_id%2Cbrand_name%2Cmerchant_product_id%2Cmerchant_category%2Cean%2Cmpn%2Cproduct_name%2Cdescription%2Cmerchant_deep_link%2Cmerchant_image_url%2Cdelivery_time%2Csearch_price%2Cdelivery_cost%2Cproduct_type%2Ccolour/"
"111548","Bern Helmets (UK)","GB","Not Joined","Awin","101261","Default","English","","2026-05-15 17:28:31","","207","https://productdata.awin.com/datafeed/download/apikey/fe83c200b3de1c6c14a8a28f5f7162cd/fid/101261/format/csv/language/en/delimiter/%2C/compression/gzip/adultcontent/1/columns/data_feed_id%2Cmerchant_id%2Cmerchant_name%2Caw_product_id%2Caw_deep_link%2Caw_image_url%2Caw_thumb_url%2Ccategory_id%2Ccategory_name%2Cbrand_id%2Cbrand_name%2Cmerchant_product_id%2Cmerchant_category%2Cean%2Cmpn%2Cproduct_name%2Cdescription%2Cmerchant_deep_link%2Cmerchant_image_url%2Cdelivery_time%2Csearch_price%2Cdelivery_cost%2Cproduct_type%2Ccolour/"
"114732","9PHX RACING","US","Not Joined","Awin","101301","20250424","English","","2026-08-21 10:02:36","2026-08-22 15:01:19","105","https://productdata.awin.com/datafeed/download/apikey/fe83c200b3de1c6c14a8a28f5f7162cd/fid/101301/format/csv/language/en/delimiter/%2C/compression/gzip/adultcontent/1/columns/data_feed_id%2Cmerchant_id%2Cmerchant_name%2Caw_product_id%2Caw_deep_link%2Caw_image_url%2Caw_thumb_url%2Ccategory_id%2Ccategory_name%2Cbrand_id%2Cbrand_name%2Cmerchant_product_id%2Cmerchant_category%2Cean%2Cmpn%2Cproduct_name%2Cdescription%2Cmerchant_deep_link%2Cmerchant_image_url%2Cdelivery_time%2Csearch_price%2Cdelivery_cost%2Cproduct_type%2Ccolour/"
"114868","Marco Cerullo","IT","Not Joined","Awin","101330","Predefinito","Italian","","2026-08-22 12:03:21","2026-08-22 12:03:16","4208","https://productdata.awin.com/datafeed/download/apikey/fe83c200b3de1c6c14a8a28f5f7162cd/fid/101330/format/csv/language/it/delimiter/%2C/compression/gzip/columns/aw_deep_link%2Cproduct_name%2Caw_product_id%2Cmerchant_product_id%2Cmerchant_image_url%2Cdescription%2Cmerchant_category%2Csearch_price%2Cmerchant_name%2Cmerchant_id%2Ccategory_name%2Ccategory_id%2Caw_image_url%2Ccurrency%2Cstore_price%2Cdelivery_cost%2Cmerchant_deep_link%2Clanguage%2Clast_updated%2Cbrand_name%2Cbrand_id%2Ccolour%2Cproduct_short_description%2Cspecifications%2Ccondition%2Cproduct_model%2Cmodel_number%2Cdimensions%2Ckeywords%2Cpromotional_text%2Cproduct_type%2Ccommission_group%2Cmerchant_product_category_path%2Cmerchant_product_second_category%2Cmerchant_product_third_category%2Crrp_price%2Csaving%2Csavings_percent%2Cbase_price%2Cbase_price_amount%2Cbase_price_text%2Cproduct_price_old%2Cdelivery_restrictions%2Cdelivery_weight%2Cwarranty%2Cterms_of_contract%2Cdelivery_time%2Cin_stock%2Cstock_quantity%2Cvalid_from%2Cvalid_to%2Cis_for_sale%2Cweb_offer%2Cpre_order%2Cstock_status%2Csize_stock_status%2Csize_stock_amount%2Cmerchant_thumb_url%2Clarge_image%2Calternate_image%2Caw_thumb_url%2Calternate_image_two%2Calternate_image_three%2Calternate_image_four%2Creviews%2Caverage_rating%2Crating%2Cnumber_available%2Ccustom_1%2Ccustom_2%2Ccustom_3%2Ccustom_4%2Ccustom_5%2Ccustom_6%2Ccustom_7%2Ccustom_8%2Ccustom_9%2Cean%2Cisbn%2Cupc%2Cmpn%2Cparent_product_id%2Cproduct_GTIN%2Cbasket_link/"
"107822","Besselink Licht","NL","Not Joined","Awin","101336","Product Feed Besselink Licht","English","ShoppingNL","2026-08-22 14:34:03","2026-08-22 14:33:58","1304","https://productdata.awin.com/datafeed/download/apikey/fe83c200b3de1c6c14a8a28f5f7162cd/fid/101336/format/csv/language/en/delimiter/%2C/compression/gzip/columns/data_feed_id%2Cmerchant_id%2Cmerchant_name%2Caw_product_id%2Caw_deep_link%2Caw_image_url%2Caw_thumb_url%2Ccategory_id%2Ccategory_name%2Cbrand_id%2Cbrand_name%2Cmerchant_product_id%2Cmerchant_category%2Cean%2Cmpn%2Cisbn%2Cmodel_number%2Cproduct_name%2Cdescription%2Cspecifications%2Clanguage%2Cmerchant_deep_link%2Cmerchant_thumb_url%2Cmerchant_image_url%2Cdelivery_time%2Cvalid_from%2Cvalid_to%2Ccurrency%2Csearch_price%2Cstore_price%2Cdelivery_cost%2Cweb_offer%2Cpre_order%2Cin_stock%2Cstock_quantity%2Cwarranty%2Ccondition%2Cparent_product_id%2Ccommission_group%2Clast_updated%2Cdimensions%2Ccolour%2Ckeywords%2Ccustom_1%2Ccustom_2%2Csaving%2Crating%2Calternate_image%2Clarge_image%2Cbasket_link%2Cproduct_short_description%2Cmerchant_product_category_path%2Cmerchant_product_second_category%2Cmerchant_product_third_category%2Csavings_percent%2Cproduct_price_old%2Calternate_image_two%2Calternate_image_three%2Calternate_image_four%2CShoppingNL%3Aenergy_label%2CShoppingNL%3Aenergy_label_link%2CShoppingNL%3Aenergy_label_logo%2CShoppingNL%3Agoogle_taxonomy/"
"114442","MIMMTI","NL","Not Joined","Awin","101341","Standaard","Dutch","","2026-08-22 12:23:30","2026-08-22 12:23:27","103","https://productdata.awin.com/datafeed/download/apikey/fe83c200b3de1c6c14a8a28f5f7162cd/fid/101341/format/csv/language/nl/delimiter/%2C/compression/gzip/columns/data_feed_id%2Cmerchant_id%2Cmerchant_name%2Caw_product_id%2Caw_deep_link%2Caw_image_url%2Caw_thumb_url%2Ccategory_id%2Ccategory_name%2Cbrand_id%2Cbrand_name%2Cmerchant_product_id%2Cmerchant_category%2Cean%2Cmpn%2Cproduct_name%2Cdescription%2Cmerchant_deep_link%2Cmerchant_image_url%2Cdelivery_time%2Csearch_price%2Cdelivery_cost%2Cproduct_type%2Ccolour/"
"102233","Goedkoopste-Kantoorartikelen NL","NL","Not Joined","Awin","101440","GK DE","German","","2026-05-15 17:30:39","2025-10-15 11:03:08","21460","https://productdata.awin.com/datafeed/download/apikey/fe83c200b3de1c6c14a8a28f5f7162cd/fid/101440/format/csv/language/de/delimiter/%2C/compression/gzip/columns/aw_deep_link%2Cproduct_name%2Caw_product_id%2Cmerchant_product_id%2Cmerchant_image_url%2Cdescription%2Cmerchant_category%2Csearch_price%2Cmerchant_name%2Cmerchant_id%2Ccategory_name%2Ccategory_id%2Caw_image_url%2Ccurrency%2Cstore_price%2Cdelivery_cost%2Cmerchant_deep_link%2Clanguage%2Clast_updated%2Cbrand_name%2Cbrand_id%2Ccolour%2Cproduct_short_description%2Cspecifications%2Ccondition%2Cproduct_model%2Cmodel_number%2Cdimensions%2Ckeywords%2Cpromotional_text%2Cproduct_type%2Ccommission_group%2Cmerchant_product_category_path%2Cmerchant_product_second_category%2Cmerchant_product_third_category%2Crrp_price%2Csaving%2Csavings_percent%2Cbase_price%2Cbase_price_amount%2Cbase_price_text%2Cproduct_price_old%2Cdelivery_restrictions%2Cdelivery_weight%2Cwarranty%2Cterms_of_contract%2Cdelivery_time%2Cin_stock%2Cstock_quantity%2Cvalid_from%2Cvalid_to%2Cis_for_sale%2Cweb_offer%2Cpre_order%2Cstock_status%2Csize_stock_status%2Csize_stock_amount%2Cmerchant_thumb_url%2Clarge_image%2Calternate_image%2Caw_thumb_url%2Calternate_image_two%2Calternate_image_three%2Calternate_image_four%2Creviews%2Caverage_rating%2Crating%2Cnumber_available%2Ccustom_1%2Ccustom_2%2Ccustom_3%2Ccustom_4%2Ccustom_5%2Ccustom_6%2Ccustom_7%2Ccustom_8%2Ccustom_9%2Cean%2Cisbn%2Cupc%2Cmpn%2Cparent_product_id%2Cproduct_GTIN%2Cbasket_link/"
"12044","AliExpress PL","PL","Not Joined","Awin","101519","AliExpress Feed 2025 PL","Polish","","2026-08-22 07:10:08","2026-08-22 15:05:07","155941","https://productdata.awin.com/datafeed/download/apikey/fe83c200b3de1c6c14a8a28f5f7162cd/fid/101519/format/csv/language/pl/delimiter/%2C/compression/gzip/columns/data_feed_id%2Cmerchant_id%2Cmerchant_name%2Caw_product_id%2Caw_deep_link%2Caw_image_url%2Caw_thumb_url%2Ccategory_id%2Ccategory_name%2Cbrand_id%2Cbrand_name%2Cmerchant_product_id%2Cmerchant_category%2Cean%2Cproduct_name%2Cdescription%2Cmerchant_deep_link%2Cmerchant_image_url%2Cdelivery_time%2Csearch_price%2Cdelivery_cost%2Cin_stock%2Cparent_product_id%2Ccolour%2Ccustom_1%2Ccustom_2%2Ccustom_3%2Cdelivery_restrictions%2Calternate_image%2Cproduct_price_old/"
"101325","ShinningU - US","US","Not Joined","Awin","101531","ShinningU202504","English","","2026-05-15 17:30:30","","4","https://productdata.awin.com/datafeed/download/apikey/fe83c200b3de1c6c14a8a28f5f7162cd/fid/101531/format/csv/language/en/delimiter/%2C/compression/gzip/adultcontent/1/columns/data_feed_id%2Cmerchant_id%2Cmerchant_name%2Caw_product_id%2Caw_deep_link%2Caw_image_url%2Caw_thumb_url%2Ccategory_id%2Ccategory_name%2Cbrand_id%2Cbrand_name%2Cmerchant_product_id%2Cmerchant_category%2Cproduct_name%2Cdescription%2Cmerchant_deep_link%2Csearch_price/"
"101325","ShinningU - US","US","Not Joined","Awin","101586","Default","English","","2026-05-15 17:30:39","","15","https://productdata.awin.com/datafeed/download/apikey/fe83c200b3de1c6c14a8a28f5f7162cd/fid/101586/format/csv/language/en/delimiter/%2C/compression/gzip/adultcontent/1/columns/data_feed_id%2Cmerchant_id%2Cmerchant_name%2Caw_product_id%2Caw_deep_link%2Caw_image_url%2Caw_thumb_url%2Ccategory_id%2Ccategory_name%2Cbrand_id%2Cbrand_name%2Cmerchant_product_id%2Cmerchant_category%2Cproduct_name%2Cdescription%2Cmerchant_deep_link%2Csearch_price/"
"101325","ShinningU - US","US","Not Joined","Awin","101732","ShinningU20250425 update","English","","2026-05-15 17:31:17","","54","https://productdata.awin.com/datafeed/download/apikey/fe83c200b3de1c6c14a8a28f5f7162cd/fid/101732/format/csv/language/en/delimiter/%2C/compression/gzip/adultcontent/1/columns/data_feed_id%2Cmerchant_id%2Cmerchant_name%2Caw_product_id%2Caw_deep_link%2Caw_image_url%2Caw_thumb_url%2Ccategory_id%2Ccategory_name%2Cbrand_id%2Cbrand_name%2Cmerchant_product_id%2Cmerchant_category%2Cproduct_name%2Cdescription%2Cmerchant_deep_link%2Csearch_price/"
"113806","The Yoga Friends DE","DE","Not Joined","Awin","101759","Feed_2025","English","","2026-05-15 17:31:30","","5","https://productdata.awin.com/datafeed/download/apikey/fe83c200b3de1c6c14a8a28f5f7162cd/fid/101759/format/csv/language/en/delimiter/%2C/compression/gzip/columns/data_feed_id%2Cmerchant_id%2Cmerchant_name%2Caw_product_id%2Caw_deep_link%2Caw_image_url%2Caw_thumb_url%2Ccategory_id%2Ccategory_name%2Cbrand_id%2Cbrand_name%2Cmerchant_product_id%2Cmerchant_category%2Cean%2Cmpn%2Cproduct_name%2Cdescription%2Cmerchant_deep_link%2Cmerchant_image_url%2Cdelivery_time%2Csearch_price%2Cdelivery_cost%2Cproduct_type%2Ccolour/"
"114540","Moderne Raamdecoratie Groep","NL","Not Joined","Awin","101870","Standaard","Dutch","ShoppingNL","2026-08-11 02:01:29","2026-08-22 16:01:10","615","https://productdata.awin.com/datafeed/download/apikey/fe83c200b3de1c6c14a8a28f5f7162cd/fid/101870/format/csv/language/nl/delimiter/%2C/compression/gzip/columns/aw_deep_link%2Cproduct_name%2Caw_product_id%2Cmerchant_product_id%2Cmerchant_image_url%2Cdescription%2Cmerchant_category%2Csearch_price%2Cmerchant_name%2Cmerchant_id%2Ccategory_name%2Ccategory_id%2Caw_image_url%2Ccurrency%2Cstore_price%2Cdelivery_cost%2Cmerchant_deep_link%2Clanguage%2Clast_updated%2Cbrand_name%2Cbrand_id%2Ccolour%2Cproduct_short_description%2Cspecifications%2Ccondition%2Cproduct_model%2Cmodel_number%2Cdimensions%2Ckeywords%2Cpromotional_text%2Cproduct_type%2Ccommission_group%2Cmerchant_product_category_path%2Cmerchant_product_second_category%2Cmerchant_product_third_category%2Crrp_price%2Csaving%2Csavings_percent%2Cbase_price%2Cbase_price_amount%2Cbase_price_text%2Cproduct_price_old%2Cdelivery_restrictions%2Cdelivery_weight%2Cwarranty%2Cterms_of_contract%2Cdelivery_time%2Cin_stock%2Cstock_quantity%2Cvalid_from%2Cvalid_to%2Cis_for_sale%2Cweb_offer%2Cpre_order%2Cstock_status%2Csize_stock_status%2Csize_stock_amount%2Cmerchant_thumb_url%2Clarge_image%2Calternate_image%2Caw_thumb_url%2Calternate_image_two%2Calternate_image_three%2Calternate_image_four%2Creviews%2Caverage_rating%2Crating%2Cnumber_available%2Ccustom_1%2Ccustom_2%2Ccustom_3%2Ccustom_4%2Ccustom_5%2Ccustom_6%2Ccustom_7%2Ccustom_8%2Ccustom_9%2Cean%2Cisbn%2Cupc%2Cmpn%2Cparent_product_id%2Cproduct_GTIN%2Cbasket_link%2CShoppingNL%3Aenergy_label%2CShoppingNL%3Aenergy_label_link%2CShoppingNL%3Aenergy_label_logo%2CShoppingNL%3Agoogle_taxonomy%2CShoppingNL%3Amaterial%2CShoppingNL%3Apattern%2CShoppingNL%3Asize/"
"115789","Mustard Seed","US","Not Joined","Awin","101949","Mulwi Feed/Shopify","English","Fashion","2026-05-15 17:33:03","2025-05-15 08:02:22","1417","https://productdata.awin.com/datafeed/download/apikey/fe83c200b3de1c6c14a8a28f5f7162cd/fid/101949/format/csv/language/en/delimiter/%2C/compression/gzip/adultcontent/1/columns/data_feed_id%2Cmerchant_id%2Cmerchant_name%2Caw_product_id%2Caw_deep_link%2Caw_image_url%2Caw_thumb_url%2Ccategory_id%2Ccategory_name%2Cbrand_id%2Cbrand_name%2Cmerchant_product_id%2Cmerchant_category%2Cean%2Cmpn%2Cproduct_name%2Cdescription%2Cmerchant_deep_link%2Cmerchant_image_url%2Cdelivery_time%2Csearch_price%2Cdelivery_cost%2Cproduct_type%2Ccolour%2Ccustom_1%2CFashion%3Asize/"
"115911","Supp","GB","Not Joined","Awin","101959","Woo Website","English","","2026-05-15 17:33:20","","10","https://productdata.awin.com/datafeed/download/apikey/fe83c200b3de1c6c14a8a28f5f7162cd/fid/101959/format/csv/language/en/delimiter/%2C/compression/gzip/adultcontent/1/columns/data_feed_id%2Cmerchant_id%2Cmerchant_name%2Caw_product_id%2Caw_deep_link%2Caw_image_url%2Caw_thumb_url%2Ccategory_id%2Ccategory_name%2Cbrand_id%2Cbrand_name%2Cmerchant_product_id%2Cmerchant_category%2Cupc%2Cean%2Cisbn%2Cmodel_number%2Cproduct_name%2Cdescription%2Cspecifications%2Cpromotional_text%2Clanguage%2Cmerchant_deep_link%2Cmerchant_image_url%2Cdelivery_time%2Cvalid_from%2Cvalid_to%2Ccurrency%2Csearch_price%2Cstore_price%2Crrp_price%2Cdelivery_cost%2Cin_stock%2Cstock_quantity%2Cis_for_sale%2Cwarranty%2Ccondition%2Cproduct_type%2Cparent_product_id%2Ccommission_group%2Clast_updated%2Cdimensions%2Ccolour%2Ckeywords%2Csaving%2Cdelivery_weight%2Cdelivery_restrictions%2Creviews%2Caverage_rating%2Crating%2Calternate_image%2Clarge_image%2Cbasket_link%2Cproduct_short_description%2Cproduct_model%2Cmerchant_product_category_path%2Cmerchant_product_second_category%2Cmerchant_product_third_category%2Csavings_percent%2Cbase_price%2Cbase_price_amount%2Cbase_price_text%2Cproduct_price_old%2Cstock_status%2Csize_stock_status%2Csize_stock_amount%2Cproduct_GTIN/"
"38872","Bazta BE","BE","Not Joined","Awin","101976","Awin - Full (normal prices)","Dutch","","2026-08-22 16:12:38","2026-08-22 16:12:27","9048","https://productdata.awin.com/datafeed/download/apikey/fe83c200b3de1c6c14a8a28f5f7162cd/fid/101976/format/csv/language/nl/delimiter/%2C/compression/gzip/columns/data_feed_id%2Cmerchant_id%2Cmerchant_name%2Caw_product_id%2Caw_deep_link%2Caw_image_url%2Caw_thumb_url%2Ccategory_id%2Ccategory_name%2Cbrand_id%2Cbrand_name%2Cmerchant_product_id%2Cmerchant_category%2Cmpn%2Cproduct_name%2Cdescription%2Cmerchant_deep_link%2Cmerchant_image_url%2Csearch_price%2Cdelivery_cost%2Cweb_offer%2Cpre_order%2Cin_stock%2Cstock_quantity%2Cis_for_sale%2Ccondition%2Ccommission_group%2Ccolour%2Ccustom_1%2Calternate_image%2Cmerchant_product_category_path%2Cmerchant_product_second_category%2Cmerchant_product_third_category%2Cproduct_GTIN/"
"38110","Bazta SE","SE","Not Joined","Awin","101990","Awin - Full (normal prices)","Swedish","","2026-08-22 16:12:59","2026-08-22 16:12:47","9056","https://productdata.awin.com/datafeed/download/apikey/fe83c200b3de1c6c14a8a28f5f7162cd/fid/101990/format/csv/language/sv/delimiter/%2C/compression/gzip/columns/data_feed_id%2Cmerchant_id%2Cmerchant_name%2Caw_product_id%2Caw_deep_link%2Caw_image_url%2Caw_thumb_url%2Ccategory_id%2Ccategory_name%2Cbrand_id%2Cbrand_name%2Cmerchant_product_id%2Cmerchant_category%2Cmpn%2Cproduct_name%2Cdescription%2Cmerchant_deep_link%2Cmerchant_image_url%2Csearch_price%2Cdelivery_cost%2Cweb_offer%2Cpre_order%2Cstock_quantity%2Cis_for_sale%2Ccondition%2Ccommission_group%2Ccolour%2Ccustom_1%2Calternate_image%2Cmerchant_product_category_path%2Cmerchant_product_second_category%2Cmerchant_product_third_category%2Cstock_status%2Cproduct_GTIN/"
"38874","Bazta NL","NL","Not Joined","Awin","101992","Awin - Full (normal prices)","Dutch","","2026-08-22 16:13:00","2026-08-22 16:12:47","9052","https://productdata.awin.com/datafeed/download/apikey/fe83c200b3de1c6c14a8a28f5f7162cd/fid/101992/format/csv/language/nl/delimiter/%2C/compression/gzip/columns/data_feed_id%2Cmerchant_id%2Cmerchant_name%2Caw_product_id%2Caw_deep_link%2Caw_image_url%2Caw_thumb_url%2Ccategory_id%2Ccategory_name%2Cbrand_id%2Cbrand_name%2Cmerchant_product_id%2Cmerchant_category%2Cmpn%2Cproduct_name%2Cdescription%2Cmerchant_deep_link%2Cmerchant_image_url%2Csearch_price%2Cdelivery_cost%2Cweb_offer%2Cpre_order%2Cstock_quantity%2Cis_for_sale%2Ccondition%2Ccommission_group%2Ccolour%2Ccustom_1%2Ccustom_2%2Calternate_image%2Cmerchant_product_category_path%2Cmerchant_product_second_category%2Cmerchant_product_third_category%2Csize_stock_status%2Cproduct_GTIN/"
"114246","AirVantage","US","Not Joined","Awin","102016","Default","English","","2026-05-15 17:33:39","2026-08-22 09:01:17","22","https://productdata.awin.com/datafeed/download/apikey/fe83c200b3de1c6c14a8a28f5f7162cd/fid/102016/format/csv/language/en/delimiter/%2C/compression/gzip/adultcontent/1/columns/data_feed_id%2Cmerchant_id%2Cmerchant_name%2Caw_product_id%2Caw_deep_link%2Caw_image_url%2Caw_thumb_url%2Ccategory_id%2Ccategory_name%2Cbrand_id%2Cbrand_name%2Cmerchant_product_id%2Cmerchant_category%2Cproduct_name%2Cdescription%2Cmerchant_deep_link%2Cmerchant_image_url%2Csearch_price/"
"115433","AmberPromos - Custom Printed Products","US","Not Joined","Awin","102034","Default","English","","2026-08-21 18:02:54","2026-08-22 04:03:53","10998","https://productdata.awin.com/datafeed/download/apikey/fe83c200b3de1c6c14a8a28f5f7162cd/fid/102034/format/csv/language/en/delimiter/%2C/compression/gzip/adultcontent/1/columns/data_feed_id%2Cmerchant_id%2Cmerchant_name%2Caw_product_id%2Caw_deep_link%2Caw_image_url%2Caw_thumb_url%2Ccategory_id%2Ccategory_name%2Cbrand_id%2Cbrand_name%2Cmerchant_product_id%2Cmerchant_category%2Cproduct_name%2Cdescription%2Cmerchant_deep_link%2Cmerchant_image_url%2Csearch_price/"
"114998","Bouclème","FR","Not Joined","Awin","102042","Default","English","","2026-05-15 17:33:42","","209","https://productdata.awin.com/datafeed/download/apikey/fe83c200b3de1c6c14a8a28f5f7162cd/fid/102042/format/csv/language/en/delimiter/%2C/compression/gzip/columns/data_feed_id%2Cmerchant_id%2Cmerchant_name%2Caw_product_id%2Caw_deep_link%2Caw_image_url%2Caw_thumb_url%2Ccategory_id%2Ccategory_name%2Cbrand_id%2Cbrand_name%2Cmerchant_product_id%2Cmerchant_category%2Cean%2Cmpn%2Cproduct_name%2Cdescription%2Cmerchant_deep_link%2Cmerchant_image_url%2Cdelivery_time%2Csearch_price%2Cdelivery_cost%2Cproduct_type%2Ccolour/"
"115164","LUMIPIA","US","Not Joined","Awin","102100","Default","English","","2026-05-15 17:33:44","","13","https://productdata.awin.com/datafeed/download/apikey/fe83c200b3de1c6c14a8a28f5f7162cd/fid/102100/format/csv/language/en/delimiter/%2C/compression/gzip/adultcontent/1/columns/data_feed_id%2Cmerchant_id%2Cmerchant_name%2Caw_product_id%2Caw_deep_link%2Caw_image_url%2Caw_thumb_url%2Ccategory_id%2Ccategory_name%2Cbrand_id%2Cbrand_name%2Cmerchant_product_id%2Cmerchant_category%2Cproduct_name%2Cdescription%2Cmerchant_deep_link%2Cmerchant_image_url%2Csearch_price/"
"115164","LUMIPIA","US","Not Joined","Awin","102101","Default","English","","2026-05-15 17:33:44","","1","https://productdata.awin.com/datafeed/download/apikey/fe83c200b3de1c6c14a8a28f5f7162cd/fid/102101/format/csv/language/en/delimiter/%2C/compression/gzip/adultcontent/1/columns/data_feed_id%2Cmerchant_id%2Cmerchant_name%2Caw_product_id%2Caw_deep_link%2Caw_image_url%2Caw_thumb_url%2Ccategory_id%2Ccategory_name%2Cbrand_id%2Cbrand_name%2Cmerchant_product_id%2Cmerchant_category%2Cproduct_name%2Cdescription%2Cmerchant_deep_link%2Cmerchant_image_url%2Csearch_price/"
"115673","Kaytea","GB","Not Joined","Awin","102133","Default","English","","2026-05-15 17:33:46","","11","https://productdata.awin.com/datafeed/download/apikey/fe83c200b3de1c6c14a8a28f5f7162cd/fid/102133/format/csv/language/en/delimiter/%2C/compression/gzip/adultcontent/1/columns/data_feed_id%2Cmerchant_id%2Cmerchant_name%2Caw_product_id%2Caw_deep_link%2Caw_image_url%2Caw_thumb_url%2Ccategory_id%2Ccategory_name%2Cbrand_id%2Cbrand_name%2Cmerchant_product_id%2Cmerchant_category%2Cean%2Cmpn%2Cproduct_name%2Cdescription%2Cmerchant_deep_link%2Cmerchant_image_url%2Cdelivery_time%2Csearch_price%2Cdelivery_cost%2Cproduct_type%2Ccolour/"
"116021","Outdoor Queen DE","DE","Not Joined","Awin","102135","OQ DE","German","","2026-05-15 17:33:47","","3","https://productdata.awin.com/datafeed/download/apikey/fe83c200b3de1c6c14a8a28f5f7162cd/fid/102135/format/csv/language/de/delimiter/%2C/compression/gzip/columns/data_feed_id%2Cmerchant_id%2Cmerchant_name%2Caw_product_id%2Caw_deep_link%2Caw_image_url%2Caw_thumb_url%2Ccategory_id%2Ccategory_name%2Cbrand_id%2Cbrand_name%2Cmerchant_product_id%2Cmerchant_category%2Cupc%2Cean%2Cisbn%2Cmodel_number%2Cproduct_name%2Cdescription%2Cspecifications%2Cpromotional_text%2Clanguage%2Cmerchant_deep_link%2Cmerchant_image_url%2Cdelivery_time%2Cvalid_from%2Cvalid_to%2Ccurrency%2Csearch_price%2Cstore_price%2Crrp_price%2Cdelivery_cost%2Cin_stock%2Cstock_quantity%2Cis_for_sale%2Cwarranty%2Ccondition%2Cproduct_type%2Cparent_product_id%2Ccommission_group%2Clast_updated%2Cdimensions%2Ccolour%2Ckeywords%2Csaving%2Cdelivery_weight%2Cdelivery_restrictions%2Creviews%2Caverage_rating%2Crating%2Calternate_image%2Clarge_image%2Cbasket_link%2Cproduct_short_description%2Cproduct_model%2Cmerchant_product_category_path%2Cmerchant_product_second_category%2Cmerchant_product_third_category%2Csavings_percent%2Cbase_price%2Cbase_price_amount%2Cbase_price_text%2Cproduct_price_old%2Cstock_status%2Csize_stock_status%2Csize_stock_amount%2Cproduct_GTIN/"
"116021","Outdoor Queen DE","DE","Not Joined","Awin","102139","OQ NL","Dutch","","2026-05-15 17:33:49","","3","https://productdata.awin.com/datafeed/download/apikey/fe83c200b3de1c6c14a8a28f5f7162cd/fid/102139/format/csv/language/nl/delimiter/%2C/compression/gzip/columns/data_feed_id%2Cmerchant_id%2Cmerchant_name%2Caw_product_id%2Caw_deep_link%2Caw_image_url%2Caw_thumb_url%2Ccategory_id%2Ccategory_name%2Cbrand_id%2Cbrand_name%2Cmerchant_product_id%2Cmerchant_category%2Cupc%2Cean%2Cisbn%2Cmodel_number%2Cproduct_name%2Cdescription%2Cspecifications%2Cpromotional_text%2Clanguage%2Cmerchant_deep_link%2Cmerchant_image_url%2Cdelivery_time%2Cvalid_from%2Cvalid_to%2Ccurrency%2Csearch_price%2Cstore_price%2Crrp_price%2Cdelivery_cost%2Cin_stock%2Cstock_quantity%2Cis_for_sale%2Cwarranty%2Ccondition%2Cproduct_type%2Cparent_product_id%2Ccommission_group%2Clast_updated%2Cdimensions%2Ccolour%2Ckeywords%2Csaving%2Cdelivery_weight%2Cdelivery_restrictions%2Creviews%2Caverage_rating%2Crating%2Calternate_image%2Clarge_image%2Cbasket_link%2Cproduct_short_description%2Cproduct_model%2Cmerchant_product_category_path%2Cmerchant_product_second_category%2Cmerchant_product_third_category%2Csavings_percent%2Cbase_price%2Cbase_price_amount%2Cbase_price_text%2Cproduct_price_old%2Cstock_status%2Csize_stock_status%2Csize_stock_amount%2Cproduct_GTIN/"
"116033","Bazta IE","IE","Not Joined","Awin","102157","Awin - Full (memberprices)","English","","2026-08-22 16:13:04","2026-08-22 16:12:49","8956","https://productdata.awin.com/datafeed/download/apikey/fe83c200b3de1c6c14a8a28f5f7162cd/fid/102157/format/csv/language/en/delimiter/%2C/compression/gzip/adultcontent/1/columns/data_feed_id%2Cmerchant_id%2Cmerchant_name%2Caw_product_id%2Caw_deep_link%2Caw_image_url%2Caw_thumb_url%2Ccategory_id%2Ccategory_name%2Cbrand_id%2Cbrand_name%2Cmerchant_product_id%2Cmerchant_category%2Cmpn%2Cproduct_name%2Cdescription%2Cmerchant_deep_link%2Cmerchant_image_url%2Csearch_price%2Cdelivery_cost%2Cweb_offer%2Cpre_order%2Cstock_quantity%2Cis_for_sale%2Ccondition%2Ccommission_group%2Ccolour%2Ccustom_1%2Calternate_image%2Cmerchant_product_category_path%2Cmerchant_product_second_category%2Cmerchant_product_third_category%2Cstock_status%2Cproduct_GTIN/"
"101325","ShinningU - US","US","Not Joined","Awin","102162","Update-20250515","English","","2026-05-15 17:33:52","","74","https://productdata.awin.com/datafeed/download/apikey/fe83c200b3de1c6c14a8a28f5f7162cd/fid/102162/format/csv/language/en/delimiter/%2C/compression/gzip/adultcontent/1/columns/data_feed_id%2Cmerchant_id%2Cmerchant_name%2Caw_product_id%2Caw_deep_link%2Caw_image_url%2Caw_thumb_url%2Ccategory_id%2Ccategory_name%2Cbrand_id%2Cbrand_name%2Cmerchant_product_id%2Cmerchant_category%2Cproduct_name%2Cdescription%2Cmerchant_deep_link%2Csearch_price/"
"116033","Bazta IE","IE","Not Joined","Awin","102163","Awin - Full (normal prices)","English","","2026-08-22 12:22:13","2026-08-22 12:21:58","8956","https://productdata.awin.com/datafeed/download/apikey/fe83c200b3de1c6c14a8a28f5f7162cd/fid/102163/format/csv/language/en/delimiter/%2C/compression/gzip/adultcontent/1/columns/data_feed_id%2Cmerchant_id%2Cmerchant_name%2Caw_product_id%2Caw_deep_link%2Caw_image_url%2Caw_thumb_url%2Ccategory_id%2Ccategory_name%2Cbrand_id%2Cbrand_name%2Cmerchant_product_id%2Cmerchant_category%2Cmpn%2Cproduct_name%2Cdescription%2Cmerchant_deep_link%2Cmerchant_image_url%2Csearch_price%2Cdelivery_cost%2Cweb_offer%2Cpre_order%2Cstock_quantity%2Cis_for_sale%2Ccondition%2Ccommission_group%2Ccolour%2Ccustom_1%2Ccustom_2%2Calternate_image%2Cmerchant_product_category_path%2Cmerchant_product_second_category%2Cmerchant_product_third_category%2Cstock_status%2Cproduct_GTIN/"
"116097","Bazta UK","GB","Not Joined","Awin","102169","Awin - Full (memberprices)","English","","2026-08-22 16:16:22","2026-08-22 16:16:08","8827","https://productdata.awin.com/datafeed/download/apikey/fe83c200b3de1c6c14a8a28f5f7162cd/fid/102169/format/csv/language/en/delimiter/%2C/compression/gzip/adultcontent/1/columns/data_feed_id%2Cmerchant_id%2Cmerchant_name%2Caw_product_id%2Caw_deep_link%2Caw_image_url%2Caw_thumb_url%2Ccategory_id%2Ccategory_name%2Cbrand_id%2Cbrand_name%2Cmerchant_product_id%2Cmerchant_category%2Cmpn%2Cproduct_name%2Cdescription%2Cmerchant_deep_link%2Cmerchant_image_url%2Csearch_price%2Cdelivery_cost%2Cweb_offer%2Cpre_order%2Cin_stock%2Cstock_quantity%2Cis_for_sale%2Ccondition%2Ccommission_group%2Ccolour%2Ccustom_1%2Calternate_image%2Cmerchant_product_category_path%2Cmerchant_product_second_category%2Cmerchant_product_third_category%2Cproduct_GTIN/"
"116097","Bazta UK","GB","Not Joined","Awin","102170","Awin - Full (normal prices)","English","","2026-08-22 16:16:38","2026-08-22 16:16:27","8827","https://productdata.awin.com/datafeed/download/apikey/fe83c200b3de1c6c14a8a28f5f7162cd/fid/102170/format/csv/language/en/delimiter/%2C/compression/gzip/adultcontent/1/columns/data_feed_id%2Cmerchant_id%2Cmerchant_name%2Caw_product_id%2Caw_deep_link%2Caw_image_url%2Caw_thumb_url%2Ccategory_id%2Ccategory_name%2Cbrand_id%2Cbrand_name%2Cmerchant_product_id%2Cmerchant_category%2Cmpn%2Cproduct_name%2Cdescription%2Cmerchant_deep_link%2Cmerchant_image_url%2Csearch_price%2Cdelivery_cost%2Cweb_offer%2Cpre_order%2Cstock_quantity%2Cis_for_sale%2Ccondition%2Ccommission_group%2Ccolour%2Ccustom_1%2Ccustom_2%2Calternate_image%2Cmerchant_product_category_path%2Cmerchant_product_second_category%2Cmerchant_product_third_category%2Cstock_status%2Cproduct_GTIN/"
"115743","Plusshop FI","FI","Not Joined","Awin","102180","Awin - Full (memberprices)","Finnish","","2026-08-22 16:03:34","2026-08-22 16:03:21","9059","https://productdata.awin.com/datafeed/download/apikey/fe83c200b3de1c6c14a8a28f5f7162cd/fid/102180/format/csv/language/fi/delimiter/%2C/compression/gzip/columns/data_feed_id%2Cmerchant_id%2Cmerchant_name%2Caw_product_id%2Caw_deep_link%2Caw_image_url%2Caw_thumb_url%2Ccategory_id%2Ccategory_name%2Cbrand_id%2Cbrand_name%2Cmerchant_product_id%2Cmerchant_category%2Cmpn%2Cproduct_name%2Cdescription%2Cmerchant_deep_link%2Cmerchant_image_url%2Csearch_price%2Cdelivery_cost%2Cweb_offer%2Cpre_order%2Cin_stock%2Cstock_quantity%2Cis_for_sale%2Ccondition%2Ccommission_group%2Ccolour%2Ccustom_1%2Calternate_image%2Cmerchant_product_category_path%2Cmerchant_product_second_category%2Cmerchant_product_third_category%2Cproduct_GTIN/"
"115743","Plusshop FI","FI","Not Joined","Awin","102183","Awin - Full (normal prices)","Finnish","","2026-08-22 16:03:14","2026-08-22 16:03:02","9059","https://productdata.awin.com/datafeed/download/apikey/fe83c200b3de1c6c14a8a28f5f7162cd/fid/102183/format/csv/language/fi/delimiter/%2C/compression/gzip/columns/data_feed_id%2Cmerchant_id%2Cmerchant_name%2Caw_product_id%2Caw_deep_link%2Caw_image_url%2Caw_thumb_url%2Ccategory_id%2Ccategory_name%2Cbrand_id%2Cbrand_name%2Cmerchant_product_id%2Cmerchant_category%2Cmpn%2Cproduct_name%2Cdescription%2Cmerchant_deep_link%2Cmerchant_image_url%2Csearch_price%2Cdelivery_cost%2Cweb_offer%2Cpre_order%2Cin_stock%2Cstock_quantity%2Cis_for_sale%2Ccondition%2Ccommission_group%2Ccolour%2Ccustom_1%2Calternate_image%2Cmerchant_product_category_path%2Cmerchant_product_second_category%2Cmerchant_product_third_category%2Cproduct_GTIN/"
"115715","eSIMania.com - Buy eSIM for International Travel","US","Not Joined","Awin","102311","Default","English","","2026-08-17 04:01:45","2026-08-22 04:01:12","1494","https://productdata.awin.com/datafeed/download/apikey/fe83c200b3de1c6c14a8a28f5f7162cd/fid/102311/format/csv/language/en/delimiter/%2C/compression/gzip/adultcontent/1/columns/aw_deep_link%2Cproduct_name%2Caw_product_id%2Cmerchant_product_id%2Cmerchant_image_url%2Cdescription%2Cmerchant_category%2Csearch_price%2Cmerchant_name%2Cmerchant_id%2Ccategory_name%2Ccategory_id%2Caw_image_url%2Ccurrency%2Cstore_price%2Cdelivery_cost%2Cmerchant_deep_link%2Clanguage%2Clast_updated%2Cbrand_name%2Cbrand_id%2Ccolour%2Cproduct_short_description%2Cspecifications%2Ccondition%2Cproduct_model%2Cmodel_number%2Cdimensions%2Ckeywords%2Cpromotional_text%2Cproduct_type%2Ccommission_group%2Cmerchant_product_category_path%2Cmerchant_product_second_category%2Cmerchant_product_third_category%2Crrp_price%2Csaving%2Csavings_percent%2Cbase_price%2Cbase_price_amount%2Cbase_price_text%2Cproduct_price_old%2Cdelivery_restrictions%2Cdelivery_weight%2Cwarranty%2Cterms_of_contract%2Cdelivery_time%2Cin_stock%2Cstock_quantity%2Cvalid_from%2Cvalid_to%2Cis_for_sale%2Cweb_offer%2Cpre_order%2Cstock_status%2Csize_stock_status%2Csize_stock_amount%2Cmerchant_thumb_url%2Clarge_image%2Calternate_image%2Caw_thumb_url%2Calternate_image_two%2Calternate_image_three%2Calternate_image_four%2Creviews%2Caverage_rating%2Crating%2Cnumber_available%2Ccustom_1%2Ccustom_2%2Ccustom_3%2Ccustom_4%2Ccustom_5%2Ccustom_6%2Ccustom_7%2Ccustom_8%2Ccustom_9%2Cean%2Cisbn%2Cupc%2Cmpn%2Cparent_product_id%2Cproduct_GTIN%2Cbasket_link/"
"116479","Watches Of USA","US","Not Joined","Awin","102556","AWIN WOU","English","","2026-08-21 09:01:33","2026-08-22 14:01:18","899","https://productdata.awin.com/datafeed/download/apikey/fe83c200b3de1c6c14a8a28f5f7162cd/fid/102556/format/csv/language/en/delimiter/%2C/compression/gzip/adultcontent/1/columns/aw_deep_link%2Cproduct_name%2Caw_product_id%2Cmerchant_product_id%2Cmerchant_image_url%2Cdescription%2Cmerchant_category%2Csearch_price%2Cmerchant_name%2Cmerchant_id%2Ccategory_name%2Ccategory_id%2Caw_image_url%2Ccurrency%2Cstore_price%2Cdelivery_cost%2Cmerchant_deep_link%2Clanguage%2Clast_updated%2Cbrand_name%2Cbrand_id%2Ccolour%2Cproduct_short_description%2Cspecifications%2Ccondition%2Cproduct_model%2Cmodel_number%2Cdimensions%2Ckeywords%2Cpromotional_text%2Cproduct_type%2Ccommission_group%2Cmerchant_product_category_path%2Cmerchant_product_second_category%2Cmerchant_product_third_category%2Crrp_price%2Csaving%2Csavings_percent%2Cbase_price%2Cbase_price_amount%2Cbase_price_text%2Cproduct_price_old%2Cdelivery_restrictions%2Cdelivery_weight%2Cwarranty%2Cterms_of_contract%2Cdelivery_time%2Cin_stock%2Cstock_quantity%2Cvalid_from%2Cvalid_to%2Cis_for_sale%2Cweb_offer%2Cpre_order%2Cstock_status%2Csize_stock_status%2Csize_stock_amount%2Cmerchant_thumb_url%2Clarge_image%2Calternate_image%2Caw_thumb_url%2Calternate_image_two%2Calternate_image_three%2Calternate_image_four%2Creviews%2Caverage_rating%2Crating%2Cnumber_available%2Ccustom_1%2Ccustom_2%2Ccustom_3%2Ccustom_4%2Ccustom_5%2Ccustom_6%2Ccustom_7%2Ccustom_8%2Ccustom_9%2Cean%2Cisbn%2Cupc%2Cmpn%2Cparent_product_id%2Cproduct_GTIN%2Cbasket_link/"
"100113","Tantaly UK","GB","Not Joined","Awin","102592","TantalyUK 20250523","English","","2026-05-15 17:36:03","","57","https://productdata.awin.com/datafeed/download/apikey/fe83c200b3de1c6c14a8a28f5f7162cd/fid/102592/format/csv/language/en/delimiter/%2C/compression/gzip/adultcontent/1/columns/data_feed_id%2Cmerchant_id%2Cmerchant_name%2Caw_product_id%2Caw_deep_link%2Caw_image_url%2Caw_thumb_url%2Ccategory_id%2Ccategory_name%2Cbrand_id%2Cbrand_name%2Cmerchant_product_id%2Cmerchant_category%2Cproduct_name%2Cdescription%2Cmerchant_deep_link%2Cmerchant_image_url%2Ccurrency%2Csearch_price%2Ccolour%2Cproduct_price_old/"
"113806","The Yoga Friends DE","DE","Not Joined","Awin","102610","Feed_Deutsch","German","","2026-05-15 17:36:08","","5","https://productdata.awin.com/datafeed/download/apikey/fe83c200b3de1c6c14a8a28f5f7162cd/fid/102610/format/csv/language/de/delimiter/%2C/compression/gzip/columns/data_feed_id%2Cmerchant_id%2Cmerchant_name%2Caw_product_id%2Caw_deep_link%2Caw_image_url%2Caw_thumb_url%2Ccategory_id%2Ccategory_name%2Cbrand_id%2Cbrand_name%2Cmerchant_product_id%2Cmerchant_category%2Cean%2Cmpn%2Cproduct_name%2Cdescription%2Cmerchant_deep_link%2Cmerchant_image_url%2Cdelivery_time%2Csearch_price%2Cdelivery_cost%2Cproduct_type%2Ccolour/"
"46127","Rowabi","US","Not Joined","Awin","102653","sftp://datafeeds.shareasale.com/Awin/137973/feed.zip","English","","2026-05-15 17:36:12","2025-10-08 04:06:11","151","https://productdata.awin.com/datafeed/download/apikey/fe83c200b3de1c6c14a8a28f5f7162cd/fid/102653/format/csv/language/en/delimiter/%2C/compression/gzip/adultcontent/1/columns/data_feed_id%2Cmerchant_id%2Cmerchant_name%2Caw_product_id%2Caw_deep_link%2Caw_image_url%2Caw_thumb_url%2Ccategory_id%2Ccategory_name%2Cbrand_id%2Cbrand_name%2Cmerchant_product_id%2Cmerchant_category%2Cupc%2Cisbn%2Cmodel_number%2Cproduct_name%2Cdescription%2Cmerchant_deep_link%2Cmerchant_thumb_url%2Cmerchant_image_url%2Csearch_price%2Crrp_price%2Ccommission_group%2Ckeywords%2Ccustom_1%2Ccustom_2%2Ccustom_3%2Ccustom_4%2Ccustom_5%2Creviews%2Cbasket_link%2Cproduct_short_description%2Cmerchant_product_second_category%2Cmerchant_product_third_category%2Cstock_status/"
"115959","Bloomcabin USA","US","Not Joined","Awin","102812","Bloomcabin","English","","2026-08-15 17:01:14","2026-08-22 00:01:18","43","https://productdata.awin.com/datafeed/download/apikey/fe83c200b3de1c6c14a8a28f5f7162cd/fid/102812/format/csv/language/en/delimiter/%2C/compression/gzip/adultcontent/1/columns/aw_deep_link%2Cproduct_name%2Caw_product_id%2Cmerchant_product_id%2Cmerchant_image_url%2Cdescription%2Cmerchant_category%2Csearch_price%2Cmerchant_name%2Cmerchant_id%2Ccategory_name%2Ccategory_id%2Caw_image_url%2Ccurrency%2Cstore_price%2Cdelivery_cost%2Cmerchant_deep_link%2Clanguage%2Clast_updated%2Cbrand_name%2Cbrand_id%2Ccolour%2Cproduct_short_description%2Cspecifications%2Ccondition%2Cproduct_model%2Cmodel_number%2Cdimensions%2Ckeywords%2Cpromotional_text%2Cproduct_type%2Ccommission_group%2Cmerchant_product_category_path%2Cmerchant_product_second_category%2Cmerchant_product_third_category%2Crrp_price%2Csaving%2Csavings_percent%2Cbase_price%2Cbase_price_amount%2Cbase_price_text%2Cproduct_price_old%2Cdelivery_restrictions%2Cdelivery_weight%2Cwarranty%2Cterms_of_contract%2Cdelivery_time%2Cin_stock%2Cstock_quantity%2Cvalid_from%2Cvalid_to%2Cis_for_sale%2Cweb_offer%2Cpre_order%2Cstock_status%2Csize_stock_status%2Csize_stock_amount%2Cmerchant_thumb_url%2Clarge_image%2Calternate_image%2Caw_thumb_url%2Calternate_image_two%2Calternate_image_three%2Calternate_image_four%2Creviews%2Caverage_rating%2Crating%2Cnumber_available%2Ccustom_1%2Ccustom_2%2Ccustom_3%2Ccustom_4%2Ccustom_5%2Ccustom_6%2Ccustom_7%2Ccustom_8%2Ccustom_9%2Cean%2Cisbn%2Cupc%2Cmpn%2Cparent_product_id%2Cproduct_GTIN%2Cbasket_link/"
"61655","Back to the Office","GB","Not Joined","Awin","102827","General Feed - Back to the Office","English","","2026-08-22 13:16:53","2026-08-22 13:13:52","116111","https://productdata.awin.com/datafeed/download/apikey/fe83c200b3de1c6c14a8a28f5f7162cd/fid/102827/format/csv/language/en/delimiter/%2C/compression/gzip/adultcontent/1/columns/data_feed_id%2Cmerchant_id%2Cmerchant_name%2Caw_product_id%2Caw_deep_link%2Caw_image_url%2Caw_thumb_url%2Ccategory_id%2Ccategory_name%2Cbrand_id%2Cbrand_name%2Cmerchant_product_id%2Cmerchant_category%2Cean%2Cmpn%2Cproduct_name%2Cdescription%2Cmerchant_deep_link%2Cmerchant_image_url%2Cdelivery_time%2Csearch_price%2Cdelivery_cost%2Cstock_quantity%2Cproduct_type%2Cstock_status/"
"116725","World Businesses for Sale","GB","Not Joined","Awin","102847","Manual Data Feed","English","","2026-05-15 17:37:53","","3","https://productdata.awin.com/datafeed/download/apikey/fe83c200b3de1c6c14a8a28f5f7162cd/fid/102847/format/csv/language/en/delimiter/%2C/compression/gzip/adultcontent/1/columns/data_feed_id%2Cmerchant_id%2Cmerchant_name%2Caw_product_id%2Caw_deep_link%2Caw_image_url%2Caw_thumb_url%2Ccategory_id%2Ccategory_name%2Cbrand_id%2Cbrand_name%2Cmerchant_product_id%2Cmerchant_category%2Cean%2Cmpn%2Cproduct_name%2Cdescription%2Cmerchant_deep_link%2Cmerchant_image_url%2Csearch_price%2Cproduct_type/"
"30693","8wines DACH","DE","Not Joined","Awin","102961","Awin DE csv","German","","2026-08-22 13:02:03","2026-08-22 13:01:57","2205","https://productdata.awin.com/datafeed/download/apikey/fe83c200b3de1c6c14a8a28f5f7162cd/fid/102961/format/csv/language/de/delimiter/%2C/compression/gzip/columns/data_feed_id%2Cmerchant_id%2Cmerchant_name%2Caw_product_id%2Caw_deep_link%2Caw_image_url%2Caw_thumb_url%2Ccategory_id%2Ccategory_name%2Cbrand_id%2Cbrand_name%2Cmerchant_product_id%2Cmerchant_category%2Cean%2Cproduct_name%2Cdescription%2Cmerchant_deep_link%2Cmerchant_image_url%2Cdelivery_time%2Csearch_price%2Cdelivery_cost%2Cproduct_type%2Ccolour%2Ccustom_1%2Ccustom_2%2Ccustom_3%2Cmerchant_product_third_category%2Cstock_status/"
"107838","Magicshine","US","Not Joined","Awin","102983","sftp://datafeeds.shareasale.com/Awin/104703/feed.zip","English","","2026-05-15 17:51:59","2025-10-08 13:08:28","35","https://productdata.awin.com/datafeed/download/apikey/fe83c200b3de1c6c14a8a28f5f7162cd/fid/102983/format/csv/language/en/delimiter/%2C/compression/gzip/adultcontent/1/columns/data_feed_id%2Cmerchant_id%2Cmerchant_name%2Caw_product_id%2Caw_deep_link%2Caw_image_url%2Caw_thumb_url%2Ccategory_id%2Ccategory_name%2Cbrand_id%2Cbrand_name%2Cmerchant_product_id%2Cmerchant_category%2Cupc%2Cisbn%2Cmodel_number%2Cproduct_name%2Cdescription%2Cmerchant_deep_link%2Cmerchant_thumb_url%2Cmerchant_image_url%2Csearch_price%2Crrp_price%2Ccommission_group%2Ckeywords%2Ccustom_1%2Ccustom_2%2Ccustom_3%2Ccustom_4%2Ccustom_5%2Creviews%2Cbasket_link%2Cproduct_short_description%2Cmerchant_product_second_category%2Cmerchant_product_third_category%2Cstock_status/"
"101325","ShinningU - US","US","Not Joined","Awin","103003","20250605-60 new products","English","","2026-05-15 17:52:33","","77","https://productdata.awin.com/datafeed/download/apikey/fe83c200b3de1c6c14a8a28f5f7162cd/fid/103003/format/csv/language/en/delimiter/%2C/compression/gzip/adultcontent/1/columns/data_feed_id%2Cmerchant_id%2Cmerchant_name%2Caw_product_id%2Caw_deep_link%2Caw_image_url%2Caw_thumb_url%2Ccategory_id%2Ccategory_name%2Cbrand_id%2Cbrand_name%2Cmerchant_product_id%2Cmerchant_category%2Cproduct_name%2Cdescription%2Cmerchant_deep_link%2Csearch_price/"
"78850","TantalyDE","DE","Not Joined","Awin","103004","Default","English","","2026-05-15 17:52:36","","63","https://productdata.awin.com/datafeed/download/apikey/fe83c200b3de1c6c14a8a28f5f7162cd/fid/103004/format/csv/language/en/delimiter/%2C/compression/gzip/columns/data_feed_id%2Cmerchant_id%2Cmerchant_name%2Caw_product_id%2Caw_deep_link%2Caw_image_url%2Caw_thumb_url%2Ccategory_id%2Ccategory_name%2Cbrand_id%2Cbrand_name%2Cmerchant_product_id%2Cmerchant_category%2Cproduct_name%2Cdescription%2Cmerchant_deep_link%2Cmerchant_image_url%2Ccurrency%2Csearch_price%2Ccolour%2Cproduct_price_old/"
"116969","Guenda","IT","Not Joined","Awin","103097","Guenda","Italian","","2026-08-22 11:02:49","2026-08-22 15:12:45","37139","https://productdata.awin.com/datafeed/download/apikey/fe83c200b3de1c6c14a8a28f5f7162cd/fid/103097/format/csv/language/it/delimiter/%2C/compression/gzip/columns/data_feed_id%2Cmerchant_id%2Cmerchant_name%2Caw_product_id%2Caw_deep_link%2Caw_image_url%2Caw_thumb_url%2Ccategory_id%2Ccategory_name%2Cbrand_id%2Cbrand_name%2Cmerchant_product_id%2Cmerchant_category%2Cean%2Cmpn%2Cproduct_name%2Cdescription%2Cmerchant_deep_link%2Cmerchant_image_url%2Ccurrency%2Csearch_price%2Crrp_price%2Cdelivery_cost%2Cweb_offer%2Cin_stock%2Ccustom_1%2Csaving%2Csavings_percent%2Cproduct_price_old/"
"84357","Ceragem DE","DE","Not Joined","Awin","103126","Default","German","","2026-07-21 09:08:24","","8","https://productdata.awin.com/datafeed/download/apikey/fe83c200b3de1c6c14a8a28f5f7162cd/fid/103126/format/csv/language/de/delimiter/%2C/compression/gzip/columns/data_feed_id%2Cmerchant_id%2Cmerchant_name%2Caw_product_id%2Caw_deep_link%2Caw_image_url%2Caw_thumb_url%2Ccategory_id%2Ccategory_name%2Cbrand_id%2Cbrand_name%2Cmerchant_product_id%2Cmerchant_category%2Cproduct_name%2Cdescription%2Cmerchant_deep_link%2Cmerchant_image_url%2Csearch_price%2Cdelivery_cost/"
"117109","Simpletics","US","Not Joined","Awin","103174","Default","English","","2026-08-22 15:08:03","2026-08-22 15:07:59","20","https://productdata.awin.com/datafeed/download/apikey/fe83c200b3de1c6c14a8a28f5f7162cd/fid/103174/format/csv/language/en/delimiter/%2C/compression/gzip/adultcontent/1/columns/data_feed_id%2Cmerchant_id%2Cmerchant_name%2Caw_product_id%2Caw_deep_link%2Caw_image_url%2Caw_thumb_url%2Ccategory_id%2Ccategory_name%2Cbrand_id%2Cbrand_name%2Cmerchant_product_id%2Cmerchant_category%2Cean%2Cmpn%2Cproduct_name%2Cdescription%2Cmerchant_deep_link%2Cmerchant_image_url%2Cdelivery_time%2Csearch_price%2Cdelivery_cost%2Cproduct_type%2Ccolour/"
"115128","Gotodirect","US","Not Joined","Awin","103287","google-shopping.csv","English","ShoppingNL","2026-08-17 15:10:48","2026-08-22 15:02:15","629153","https://productdata.awin.com/datafeed/download/apikey/fe83c200b3de1c6c14a8a28f5f7162cd/fid/103287/format/csv/language/en/delimiter/%2C/compression/gzip/adultcontent/1/columns/data_feed_id%2Cmerchant_id%2Cmerchant_name%2Caw_product_id%2Caw_deep_link%2Caw_image_url%2Caw_thumb_url%2Ccategory_id%2Ccategory_name%2Cbrand_id%2Cbrand_name%2Cmerchant_product_id%2Cmpn%2Cproduct_name%2Cdescription%2Cmerchant_deep_link%2Cmerchant_image_url%2Csearch_price%2Ccondition%2Cproduct_type%2Cstock_status%2CShoppingNL%3Agoogle_taxonomy/"
"67974","Dunford, Inc.","US","Not Joined","Awin","103419","Wheelhero.com Wheels","English","ShoppingNL","2026-08-22 16:03:34","2026-08-22 16:02:15","66453","https://productdata.awin.com/datafeed/download/apikey/fe83c200b3de1c6c14a8a28f5f7162cd/fid/103419/format/csv/language/en/delimiter/%2C/compression/gzip/adultcontent/1/columns/data_feed_id%2Cmerchant_id%2Cmerchant_name%2Caw_product_id%2Caw_deep_link%2Caw_image_url%2Caw_thumb_url%2Ccategory_id%2Ccategory_name%2Cbrand_id%2Cbrand_name%2Cmerchant_product_id%2Cmerchant_category%2Cmpn%2Cproduct_name%2Cdescription%2Cmerchant_deep_link%2Cmerchant_image_url%2Csearch_price%2Cin_stock%2Ccondition%2Cparent_product_id%2Cdimensions%2Ccolour%2Ccustom_1%2Ccustom_2%2Cmerchant_product_category_path%2Cproduct_GTIN/"
"115234","Access a GP","GB","Not Joined","Awin","103474","Default","English","","2026-05-15 18:02:33","","3","https://productdata.awin.com/datafeed/download/apikey/fe83c200b3de1c6c14a8a28f5f7162cd/fid/103474/format/csv/language/en/delimiter/%2C/compression/gzip/adultcontent/1/columns/data_feed_id%2Cmerchant_id%2Cmerchant_name%2Caw_product_id%2Caw_deep_link%2Caw_image_url%2Caw_thumb_url%2Ccategory_id%2Ccategory_name%2Cbrand_id%2Cbrand_name%2Cmerchant_product_id%2Cproduct_name%2Cdescription%2Cmerchant_deep_link%2Cmerchant_image_url%2Ccurrency%2Csearch_price/"
"77952","Petlibro UK Affiliate Program","GB","Not Joined","Awin","103580","UK Product feed","English","","2026-05-15 18:04:44","","44","https://productdata.awin.com/datafeed/download/apikey/fe83c200b3de1c6c14a8a28f5f7162cd/fid/103580/format/csv/language/en/delimiter/%2C/compression/gzip/adultcontent/1/columns/data_feed_id%2Cmerchant_id%2Cmerchant_name%2Caw_product_id%2Caw_deep_link%2Caw_image_url%2Caw_thumb_url%2Ccategory_id%2Ccategory_name%2Cbrand_id%2Cbrand_name%2Cmerchant_product_id%2Cproduct_name%2Cdescription%2Cmerchant_deep_link%2Cmerchant_image_url%2Csearch_price%2Ccondition%2Cstock_status%2Cproduct_GTIN/"
"66262","Vivtone hearing","US","Not Joined","Awin","103731","sftp://datafeeds.shareasale.com/Awin/142617/feed.zip","English","","2026-05-15 18:09:08","2025-10-08 11:03:15","9","https://productdata.awin.com/datafeed/download/apikey/fe83c200b3de1c6c14a8a28f5f7162cd/fid/103731/format/csv/language/en/delimiter/%2C/compression/gzip/adultcontent/1/columns/data_feed_id%2Cmerchant_id%2Cmerchant_name%2Caw_product_id%2Caw_deep_link%2Caw_image_url%2Caw_thumb_url%2Ccategory_id%2Ccategory_name%2Cbrand_id%2Cbrand_name%2Cmerchant_product_id%2Cmerchant_category%2Cupc%2Cisbn%2Cmodel_number%2Cproduct_name%2Cdescription%2Cmerchant_deep_link%2Cmerchant_thumb_url%2Cmerchant_image_url%2Csearch_price%2Crrp_price%2Ccommission_group%2Ckeywords%2Ccustom_1%2Ccustom_2%2Ccustom_3%2Ccustom_4%2Ccustom_5%2Creviews%2Cbasket_link%2Cproduct_short_description%2Cmerchant_product_second_category%2Cmerchant_product_third_category%2Cstock_status/"
"117401","Fashiontamers DE","DE","Not Joined","Awin","103846","Awin DE","German","","2026-05-20 11:06:58","2026-08-22 16:01:48","4004","https://productdata.awin.com/datafeed/download/apikey/fe83c200b3de1c6c14a8a28f5f7162cd/fid/103846/format/csv/language/de/delimiter/%2C/compression/gzip/columns/aw_deep_link%2Cproduct_name%2Caw_product_id%2Cmerchant_product_id%2Cmerchant_image_url%2Cdescription%2Cmerchant_category%2Csearch_price%2Cmerchant_name%2Cmerchant_id%2Ccategory_name%2Ccategory_id%2Caw_image_url%2Ccurrency%2Cstore_price%2Cdelivery_cost%2Cmerchant_deep_link%2Clanguage%2Clast_updated%2Cbrand_name%2Cbrand_id%2Ccolour%2Cproduct_short_description%2Cspecifications%2Ccondition%2Cproduct_model%2Cmodel_number%2Cdimensions%2Ckeywords%2Cpromotional_text%2Cproduct_type%2Ccommission_group%2Cmerchant_product_category_path%2Cmerchant_product_second_category%2Cmerchant_product_third_category%2Crrp_price%2Csaving%2Csavings_percent%2Cbase_price%2Cbase_price_amount%2Cbase_price_text%2Cproduct_price_old%2Cdelivery_restrictions%2Cdelivery_weight%2Cwarranty%2Cterms_of_contract%2Cdelivery_time%2Cin_stock%2Cstock_quantity%2Cvalid_from%2Cvalid_to%2Cis_for_sale%2Cweb_offer%2Cpre_order%2Cstock_status%2Csize_stock_status%2Csize_stock_amount%2Cmerchant_thumb_url%2Clarge_image%2Calternate_image%2Caw_thumb_url%2Calternate_image_two%2Calternate_image_three%2Calternate_image_four%2Creviews%2Caverage_rating%2Crating%2Cnumber_available%2Ccustom_1%2Ccustom_2%2Ccustom_3%2Ccustom_4%2Ccustom_5%2Ccustom_6%2Ccustom_7%2Ccustom_8%2Ccustom_9%2Cean%2Cisbn%2Cupc%2Cmpn%2Cparent_product_id%2Cproduct_GTIN%2Cbasket_link/"
"117403","Fashiontamers US","US","Not Joined","Awin","103849","Awin US","English","","2026-05-21 02:04:03","2026-08-22 16:01:49","4004","https://productdata.awin.com/datafeed/download/apikey/fe83c200b3de1c6c14a8a28f5f7162cd/fid/103849/format/csv/language/en/delimiter/%2C/compression/gzip/adultcontent/1/columns/aw_deep_link%2Cproduct_name%2Caw_product_id%2Cmerchant_product_id%2Cmerchant_image_url%2Cdescription%2Cmerchant_category%2Csearch_price%2Cmerchant_name%2Cmerchant_id%2Ccategory_name%2Ccategory_id%2Caw_image_url%2Ccurrency%2Cstore_price%2Cdelivery_cost%2Cmerchant_deep_link%2Clanguage%2Clast_updated%2Cbrand_name%2Cbrand_id%2Ccolour%2Cproduct_short_description%2Cspecifications%2Ccondition%2Cproduct_model%2Cmodel_number%2Cdimensions%2Ckeywords%2Cpromotional_text%2Cproduct_type%2Ccommission_group%2Cmerchant_product_category_path%2Cmerchant_product_second_category%2Cmerchant_product_third_category%2Crrp_price%2Csaving%2Csavings_percent%2Cbase_price%2Cbase_price_amount%2Cbase_price_text%2Cproduct_price_old%2Cdelivery_restrictions%2Cdelivery_weight%2Cwarranty%2Cterms_of_contract%2Cdelivery_time%2Cin_stock%2Cstock_quantity%2Cvalid_from%2Cvalid_to%2Cis_for_sale%2Cweb_offer%2Cpre_order%2Cstock_status%2Csize_stock_status%2Csize_stock_amount%2Cmerchant_thumb_url%2Clarge_image%2Calternate_image%2Caw_thumb_url%2Calternate_image_two%2Calternate_image_three%2Calternate_image_four%2Creviews%2Caverage_rating%2Crating%2Cnumber_available%2Ccustom_1%2Ccustom_2%2Ccustom_3%2Ccustom_4%2Ccustom_5%2Ccustom_6%2Ccustom_7%2Ccustom_8%2Ccustom_9%2Cean%2Cisbn%2Cupc%2Cmpn%2Cparent_product_id%2Cproduct_GTIN%2Cbasket_link/"
"117001","Embossed Graphics","US","Not Joined","Awin","103891","All EG Products","English","","2026-05-15 18:11:24","","1527","https://productdata.awin.com/datafeed/download/apikey/fe83c200b3de1c6c14a8a28f5f7162cd/fid/103891/format/csv/language/en/delimiter/%2C/compression/gzip/adultcontent/1/columns/data_feed_id%2Cmerchant_id%2Cmerchant_name%2Caw_product_id%2Caw_deep_link%2Caw_image_url%2Caw_thumb_url%2Ccategory_id%2Ccategory_name%2Cbrand_id%2Cbrand_name%2Cmerchant_product_id%2Cproduct_name%2Cdescription%2Cmerchant_deep_link%2Cmerchant_image_url%2Csearch_price%2Cproduct_type/"
"117317","NeuroScent","GB","Not Joined","Awin","103938","Awin Custom","English","","2026-08-11 15:01:16","2026-08-22 15:01:05","20","https://productdata.awin.com/datafeed/download/apikey/fe83c200b3de1c6c14a8a28f5f7162cd/fid/103938/format/csv/language/en/delimiter/%2C/compression/gzip/adultcontent/1/columns/aw_deep_link%2Cproduct_name%2Caw_product_id%2Cmerchant_product_id%2Cmerchant_image_url%2Cdescription%2Cmerchant_category%2Csearch_price%2Cmerchant_name%2Cmerchant_id%2Ccategory_name%2Ccategory_id%2Caw_image_url%2Ccurrency%2Cstore_price%2Cdelivery_cost%2Cmerchant_deep_link%2Clanguage%2Clast_updated%2Cbrand_name%2Cbrand_id%2Ccolour%2Cproduct_short_description%2Cspecifications%2Ccondition%2Cproduct_model%2Cmodel_number%2Cdimensions%2Ckeywords%2Cpromotional_text%2Cproduct_type%2Ccommission_group%2Cmerchant_product_category_path%2Cmerchant_product_second_category%2Cmerchant_product_third_category%2Crrp_price%2Csaving%2Csavings_percent%2Cbase_price%2Cbase_price_amount%2Cbase_price_text%2Cproduct_price_old%2Cdelivery_restrictions%2Cdelivery_weight%2Cwarranty%2Cterms_of_contract%2Cdelivery_time%2Cin_stock%2Cstock_quantity%2Cvalid_from%2Cvalid_to%2Cis_for_sale%2Cweb_offer%2Cpre_order%2Cstock_status%2Csize_stock_status%2Csize_stock_amount%2Cmerchant_thumb_url%2Clarge_image%2Calternate_image%2Caw_thumb_url%2Calternate_image_two%2Calternate_image_three%2Calternate_image_four%2Creviews%2Caverage_rating%2Crating%2Cnumber_available%2Ccustom_1%2Ccustom_2%2Ccustom_3%2Ccustom_4%2Ccustom_5%2Ccustom_6%2Ccustom_7%2Ccustom_8%2Ccustom_9%2Cean%2Cisbn%2Cupc%2Cmpn%2Cparent_product_id%2Cproduct_GTIN%2Cbasket_link/"
"114180","Sinocare","ES","Not Joined","Awin","104046","Sinocare Italian Feed","Italian","","2026-08-20 10:17:34","2026-08-22 15:02:14","86","https://productdata.awin.com/datafeed/download/apikey/fe83c200b3de1c6c14a8a28f5f7162cd/fid/104046/format/csv/language/it/delimiter/%2C/compression/gzip/columns/data_feed_id%2Cmerchant_id%2Cmerchant_name%2Caw_product_id%2Caw_deep_link%2Caw_image_url%2Caw_thumb_url%2Ccategory_id%2Ccategory_name%2Cbrand_id%2Cbrand_name%2Cmerchant_product_id%2Cmerchant_category%2Cean%2Cmpn%2Cproduct_name%2Cdescription%2Cmerchant_deep_link%2Cmerchant_image_url%2Cdelivery_time%2Ccurrency%2Csearch_price%2Cdelivery_cost%2Cproduct_type%2Crating%2Cproduct_model%2Csize_stock_status/"
"114180","Sinocare","ES","Not Joined","Awin","104051","Sinocare English","English","","2026-08-20 10:15:30","2026-08-22 15:02:30","83","https://productdata.awin.com/datafeed/download/apikey/fe83c200b3de1c6c14a8a28f5f7162cd/fid/104051/format/csv/language/en/delimiter/%2C/compression/gzip/columns/data_feed_id%2Cmerchant_id%2Cmerchant_name%2Caw_product_id%2Caw_deep_link%2Caw_image_url%2Caw_thumb_url%2Ccategory_id%2Ccategory_name%2Cbrand_id%2Cbrand_name%2Cmerchant_product_id%2Cmerchant_category%2Cean%2Cmpn%2Cproduct_name%2Cdescription%2Cmerchant_deep_link%2Cmerchant_image_url%2Cdelivery_time%2Ccurrency%2Csearch_price%2Cdelivery_cost%2Cproduct_type%2Crating%2Cproduct_model%2Csize_stock_status/"
"105043","Japspeed UK","GB","Not Joined","Awin","104070","Product Feed New","English","","2026-05-15 18:12:06","2025-07-04 14:43:04","325","https://productdata.awin.com/datafeed/download/apikey/fe83c200b3de1c6c14a8a28f5f7162cd/fid/104070/format/csv/language/en/delimiter/%2C/compression/gzip/adultcontent/1/columns/data_feed_id%2Cmerchant_id%2Cmerchant_name%2Caw_product_id%2Caw_deep_link%2Caw_image_url%2Caw_thumb_url%2Ccategory_id%2Ccategory_name%2Cbrand_id%2Cbrand_name%2Cmerchant_product_id%2Cmerchant_category%2Cupc%2Cean%2Cisbn%2Cmodel_number%2Cproduct_name%2Cdescription%2Cspecifications%2Cpromotional_text%2Clanguage%2Cmerchant_deep_link%2Cmerchant_image_url%2Cdelivery_time%2Cvalid_from%2Cvalid_to%2Ccurrency%2Csearch_price%2Cstore_price%2Crrp_price%2Cdelivery_cost%2Cin_stock%2Cstock_quantity%2Cis_for_sale%2Cwarranty%2Ccondition%2Cproduct_type%2Cparent_product_id%2Ccommission_group%2Clast_updated%2Cdimensions%2Ccolour%2Ckeywords%2Csaving%2Cdelivery_weight%2Cdelivery_restrictions%2Creviews%2Caverage_rating%2Crating%2Calternate_image%2Clarge_image%2Cbasket_link%2Cproduct_short_description%2Cproduct_model%2Cmerchant_product_category_path%2Cmerchant_product_second_category%2Cmerchant_product_third_category%2Csavings_percent%2Cbase_price%2Cbase_price_amount%2Cbase_price_text%2Cproduct_price_old%2Cstock_status%2Csize_stock_status%2Csize_stock_amount%2Cproduct_GTIN/"
"104931","4x4 Predator","GB","Not Joined","Awin","104075","Product Feed","English","","2026-05-15 18:12:09","","2237","https://productdata.awin.com/datafeed/download/apikey/fe83c200b3de1c6c14a8a28f5f7162cd/fid/104075/format/csv/language/en/delimiter/%2C/compression/gzip/adultcontent/1/columns/data_feed_id%2Cmerchant_id%2Cmerchant_name%2Caw_product_id%2Caw_deep_link%2Caw_image_url%2Caw_thumb_url%2Ccategory_id%2Ccategory_name%2Cbrand_id%2Cbrand_name%2Cmerchant_product_id%2Cmerchant_category%2Cupc%2Cean%2Cisbn%2Cmodel_number%2Cproduct_name%2Cdescription%2Cspecifications%2Cpromotional_text%2Clanguage%2Cmerchant_deep_link%2Cmerchant_image_url%2Cdelivery_time%2Cvalid_from%2Cvalid_to%2Ccurrency%2Csearch_price%2Cstore_price%2Crrp_price%2Cdelivery_cost%2Cin_stock%2Cstock_quantity%2Cis_for_sale%2Cwarranty%2Ccondition%2Cproduct_type%2Cparent_product_id%2Ccommission_group%2Clast_updated%2Cdimensions%2Ccolour%2Ckeywords%2Csaving%2Cdelivery_weight%2Cdelivery_restrictions%2Creviews%2Caverage_rating%2Crating%2Calternate_image%2Clarge_image%2Cbasket_link%2Cproduct_short_description%2Cproduct_model%2Cmerchant_product_category_path%2Cmerchant_product_second_category%2Cmerchant_product_third_category%2Csavings_percent%2Cbase_price%2Cbase_price_amount%2Cbase_price_text%2Cproduct_price_old%2Cstock_status%2Csize_stock_status%2Csize_stock_amount%2Cproduct_GTIN/"
"67974","Dunford, Inc.","US","Not Joined","Awin","104208","Tires 300 Plus","English","ShoppingNL","2026-08-21 16:03:40","2026-08-22 16:01:53","11033","https://productdata.awin.com/datafeed/download/apikey/fe83c200b3de1c6c14a8a28f5f7162cd/fid/104208/format/csv/language/en/delimiter/%2C/compression/gzip/adultcontent/1/columns/data_feed_id%2Cmerchant_id%2Cmerchant_name%2Caw_product_id%2Caw_deep_link%2Caw_image_url%2Caw_thumb_url%2Ccategory_id%2Ccategory_name%2Cbrand_id%2Cbrand_name%2Cmerchant_product_id%2Cmerchant_category%2Cmpn%2Cproduct_name%2Cdescription%2Cmerchant_deep_link%2Cmerchant_image_url%2Csearch_price%2Cin_stock%2Ccondition%2Cparent_product_id%2Cdimensions%2Ccustom_1%2Ccustom_2%2Ccustom_3%2Cproduct_GTIN/"
"67974","Dunford, Inc.","US","Not Joined","Awin","104209","Tires Under 300","English","ShoppingNL","2026-08-21 16:05:13","2026-08-22 16:02:05","23589","https://productdata.awin.com/datafeed/download/apikey/fe83c200b3de1c6c14a8a28f5f7162cd/fid/104209/format/csv/language/en/delimiter/%2C/compression/gzip/adultcontent/1/columns/data_feed_id%2Cmerchant_id%2Cmerchant_name%2Caw_product_id%2Caw_deep_link%2Caw_image_url%2Caw_thumb_url%2Ccategory_id%2Ccategory_name%2Cbrand_id%2Cbrand_name%2Cmerchant_product_id%2Cmerchant_category%2Cmpn%2Cproduct_name%2Cdescription%2Cmerchant_deep_link%2Cmerchant_image_url%2Csearch_price%2Cin_stock%2Ccondition%2Cparent_product_id%2Cdimensions%2Ccustom_1%2Ccustom_2%2Ccustom_3%2Cproduct_GTIN/"
"28367","So Divine","GB","Not Joined","Awin","104250","Shopping Feeder","English","","2026-05-15 18:12:53","2025-08-01 00:01:16","76","https://productdata.awin.com/datafeed/download/apikey/fe83c200b3de1c6c14a8a28f5f7162cd/fid/104250/format/csv/language/en/delimiter/%2C/compression/gzip/adultcontent/1/columns/data_feed_id%2Cmerchant_id%2Cmerchant_name%2Caw_product_id%2Caw_deep_link%2Caw_image_url%2Caw_thumb_url%2Ccategory_id%2Ccategory_name%2Cbrand_id%2Cbrand_name%2Cmerchant_product_id%2Cmerchant_category%2Cupc%2Cean%2Cmpn%2Cisbn%2Cmodel_number%2Cproduct_name%2Cdescription%2Cspecifications%2Cpromotional_text%2Clanguage%2Cmerchant_deep_link%2Cmerchant_thumb_url%2Cmerchant_image_url%2Cdelivery_time%2Cvalid_from%2Cvalid_to%2Ccurrency%2Csearch_price%2Cstore_price%2Crrp_price%2Cdelivery_cost%2Cweb_offer%2Cpre_order%2Cin_stock%2Cstock_quantity%2Cis_for_sale%2Cwarranty%2Ccondition%2Cproduct_type%2Cparent_product_id%2Ccommission_group%2Clast_updated%2Cdimensions%2Ccolour%2Ckeywords%2Csaving%2Cdelivery_restrictions%2Creviews%2Caverage_rating%2Crating%2Cbasket_link%2Cproduct_GTIN/"
"116629","Database Mart","US","Not Joined","Awin","104285","DBM VPS/GPU Server/Dedicated Server Hosting Feed","English","","2026-05-15 18:13:45","","17","https://productdata.awin.com/datafeed/download/apikey/fe83c200b3de1c6c14a8a28f5f7162cd/fid/104285/format/csv/language/en/delimiter/%2C/compression/gzip/adultcontent/1/columns/data_feed_id%2Cmerchant_id%2Cmerchant_name%2Caw_product_id%2Caw_deep_link%2Caw_image_url%2Caw_thumb_url%2Ccategory_id%2Ccategory_name%2Cbrand_id%2Cbrand_name%2Cmerchant_product_id%2Cproduct_name%2Cdescription%2Cmerchant_deep_link%2Cmerchant_image_url%2Csearch_price%2Cweb_offer%2Ccustom_1%2Calternate_image%2Cmerchant_product_category_path/"
"116629","Database Mart","US","Not Joined","Awin","104313","DBM GPU Server/GPU VPS Hosting Feed","English","","2026-05-15 18:13:53","","17","https://productdata.awin.com/datafeed/download/apikey/fe83c200b3de1c6c14a8a28f5f7162cd/fid/104313/format/csv/language/en/delimiter/%2C/compression/gzip/adultcontent/1/columns/data_feed_id%2Cmerchant_id%2Cmerchant_name%2Caw_product_id%2Caw_deep_link%2Caw_image_url%2Caw_thumb_url%2Ccategory_id%2Ccategory_name%2Cbrand_id%2Cbrand_name%2Cmerchant_product_id%2Cmerchant_category%2Cproduct_name%2Cdescription%2Cmerchant_deep_link%2Cmerchant_thumb_url%2Cmerchant_image_url%2Csearch_price%2Cweb_offer%2Ccustom_1/"
"75408","Nothingprojector","US","Not Joined","Awin","104495","sftp://datafeeds.shareasale.com/Awin/152651/feed.zip","English","","2026-05-15 18:19:27","2025-10-07 17:08:09","333","https://productdata.awin.com/datafeed/download/apikey/fe83c200b3de1c6c14a8a28f5f7162cd/fid/104495/format/csv/language/en/delimiter/%2C/compression/gzip/adultcontent/1/columns/data_feed_id%2Cmerchant_id%2Cmerchant_name%2Caw_product_id%2Caw_deep_link%2Caw_image_url%2Caw_thumb_url%2Ccategory_id%2Ccategory_name%2Cbrand_id%2Cbrand_name%2Cmerchant_product_id%2Cmerchant_category%2Cupc%2Cisbn%2Cmodel_number%2Cproduct_name%2Cdescription%2Cmerchant_deep_link%2Cmerchant_thumb_url%2Cmerchant_image_url%2Csearch_price%2Crrp_price%2Ccommission_group%2Ckeywords%2Ccustom_1%2Ccustom_2%2Ccustom_3%2Ccustom_4%2Ccustom_5%2Creviews%2Cbasket_link%2Cproduct_short_description%2Cmerchant_product_second_category%2Cmerchant_product_third_category%2Cstock_status/"
"81755","SuperBox","US","Not Joined","Awin","104503","sftp://datafeeds.shareasale.com/Awin/155620/feed.zip","English","","2026-05-15 18:19:55","2025-10-08 00:12:11","5","https://productdata.awin.com/datafeed/download/apikey/fe83c200b3de1c6c14a8a28f5f7162cd/fid/104503/format/csv/language/en/delimiter/%2C/compression/gzip/adultcontent/1/columns/data_feed_id%2Cmerchant_id%2Cmerchant_name%2Caw_product_id%2Caw_deep_link%2Caw_image_url%2Caw_thumb_url%2Ccategory_id%2Ccategory_name%2Cbrand_id%2Cbrand_name%2Cmerchant_product_id%2Cmerchant_category%2Cupc%2Cisbn%2Cmodel_number%2Cproduct_name%2Cdescription%2Cmerchant_deep_link%2Cmerchant_thumb_url%2Cmerchant_image_url%2Csearch_price%2Crrp_price%2Ccommission_group%2Ckeywords%2Ccustom_1%2Ccustom_2%2Ccustom_3%2Ccustom_4%2Ccustom_5%2Creviews%2Cbasket_link%2Cproduct_short_description%2Cmerchant_product_second_category%2Cmerchant_product_third_category%2Cstock_status/"
"97753","UPPER Brand | Best Diaper Bag","US","Not Joined","Awin","104800","sftp://datafeeds.shareasale.com/Awin/128047/feed.zip","English","","2026-05-15 18:28:12","2025-10-08 03:04:38","8","https://productdata.awin.com/datafeed/download/apikey/fe83c200b3de1c6c14a8a28f5f7162cd/fid/104800/format/csv/language/en/delimiter/%2C/compression/gzip/adultcontent/1/columns/data_feed_id%2Cmerchant_id%2Cmerchant_name%2Caw_product_id%2Caw_deep_link%2Caw_image_url%2Caw_thumb_url%2Ccategory_id%2Ccategory_name%2Cbrand_id%2Cbrand_name%2Cmerchant_product_id%2Cmerchant_category%2Cupc%2Cisbn%2Cmodel_number%2Cproduct_name%2Cdescription%2Cmerchant_deep_link%2Cmerchant_thumb_url%2Cmerchant_image_url%2Csearch_price%2Crrp_price%2Ccommission_group%2Ckeywords%2Ccustom_1%2Ccustom_2%2Ccustom_3%2Ccustom_4%2Ccustom_5%2Creviews%2Cbasket_link%2Cproduct_short_description%2Cmerchant_product_second_category%2Cmerchant_product_third_category%2Cstock_status/"
"111342","Milk Bar Babystore","BE","Not Joined","Awin","104977","Frans","French","","2026-08-22 02:05:39","2026-08-22 16:03:17","17143","https://productdata.awin.com/datafeed/download/apikey/fe83c200b3de1c6c14a8a28f5f7162cd/fid/104977/format/csv/language/fr/delimiter/%2C/compression/gzip/columns/data_feed_id%2Cmerchant_id%2Cmerchant_name%2Caw_product_id%2Caw_deep_link%2Caw_image_url%2Caw_thumb_url%2Ccategory_id%2Ccategory_name%2Cbrand_id%2Cbrand_name%2Cmerchant_product_id%2Cean%2Cproduct_name%2Cmerchant_deep_link%2Csearch_price%2Cdelivery_cost%2Cstock_status%2Ccustom_8/"
"113638","BBBGEM","US","Not Joined","Awin","105015","Default","English","","2026-05-15 18:35:52","","1080","https://productdata.awin.com/datafeed/download/apikey/fe83c200b3de1c6c14a8a28f5f7162cd/fid/105015/format/csv/language/en/delimiter/%2C/compression/gzip/adultcontent/1/columns/data_feed_id%2Cmerchant_id%2Cmerchant_name%2Caw_product_id%2Caw_deep_link%2Caw_image_url%2Caw_thumb_url%2Ccategory_id%2Ccategory_name%2Cbrand_id%2Cbrand_name%2Cmerchant_product_id%2Cmerchant_category%2Cproduct_name%2Cdescription%2Cmerchant_deep_link%2Cmerchant_image_url%2Csearch_price%2Ckeywords%2Ccustom_2%2Ccustom_3%2Cmerchant_product_second_category/"
"115164","LUMIPIA","US","Not Joined","Awin","105053","Default","English","","2026-05-15 18:36:17","","5","https://productdata.awin.com/datafeed/download/apikey/fe83c200b3de1c6c14a8a28f5f7162cd/fid/105053/format/csv/language/en/delimiter/%2C/compression/gzip/adultcontent/1/columns/data_feed_id%2Cmerchant_id%2Cmerchant_name%2Caw_product_id%2Caw_deep_link%2Caw_image_url%2Caw_thumb_url%2Ccategory_id%2Ccategory_name%2Cbrand_id%2Cbrand_name%2Cmerchant_product_id%2Cmerchant_category%2Cproduct_name%2Cdescription%2Cmerchant_deep_link%2Cmerchant_image_url%2Csearch_price/"
"111342","Milk Bar Babystore","BE","Not Joined","Awin","105060","Standaard","Dutch","","2026-08-22 07:03:17","2026-08-22 13:05:05","10282","https://productdata.awin.com/datafeed/download/apikey/fe83c200b3de1c6c14a8a28f5f7162cd/fid/105060/format/csv/language/nl/delimiter/%2C/compression/gzip/columns/data_feed_id%2Cmerchant_id%2Cmerchant_name%2Caw_product_id%2Caw_deep_link%2Caw_image_url%2Caw_thumb_url%2Ccategory_id%2Ccategory_name%2Cbrand_id%2Cbrand_name%2Cmerchant_product_id%2Cean%2Cproduct_name%2Cdescription%2Cmerchant_deep_link%2Cmerchant_image_url%2Csearch_price%2Cdelivery_cost%2Cstock_status/"
"115116","Fri som en fågel","SE","Not Joined","Awin","105062","Budget Planner Feed","English","","2026-05-15 18:36:29","2026-08-22 13:01:09","3","https://productdata.awin.com/datafeed/download/apikey/fe83c200b3de1c6c14a8a28f5f7162cd/fid/105062/format/csv/language/en/delimiter/%2C/compression/gzip/columns/data_feed_id%2Cmerchant_id%2Cmerchant_name%2Caw_product_id%2Caw_deep_link%2Caw_image_url%2Caw_thumb_url%2Ccategory_id%2Ccategory_name%2Cbrand_id%2Cbrand_name%2Cmerchant_product_id%2Cmerchant_category%2Cproduct_name%2Cdescription%2Clanguage%2Cmerchant_deep_link%2Cmerchant_image_url%2Ccurrency%2Csearch_price%2Cdelivery_cost/"
"37944","TestHQ","US","Not Joined","Awin","105260","sftp://datafeeds.shareasale.com/Awin/133422/feed.zip","English","","2026-05-15 18:42:24","2025-10-08 06:09:37","105","https://productdata.awin.com/datafeed/download/apikey/fe83c200b3de1c6c14a8a28f5f7162cd/fid/105260/format/csv/language/en/delimiter/%2C/compression/gzip/adultcontent/1/columns/data_feed_id%2Cmerchant_id%2Cmerchant_name%2Caw_product_id%2Caw_deep_link%2Caw_image_url%2Caw_thumb_url%2Ccategory_id%2Ccategory_name%2Cbrand_id%2Cbrand_name%2Cmerchant_product_id%2Cmerchant_category%2Cupc%2Cisbn%2Cmodel_number%2Cproduct_name%2Cdescription%2Cmerchant_deep_link%2Cmerchant_thumb_url%2Cmerchant_image_url%2Csearch_price%2Crrp_price%2Ccommission_group%2Ckeywords%2Ccustom_1%2Ccustom_2%2Ccustom_3%2Ccustom_4%2Ccustom_5%2Creviews%2Cbasket_link%2Cproduct_short_description%2Cmerchant_product_second_category%2Cmerchant_product_third_category%2Cstock_status/"
"93695","Food valley SRL","US","Not Joined","Awin","105635","sftp://datafeeds.shareasale.com/Awin/107003/feed.zip","English","","2026-05-15 18:56:17","2025-10-08 04:10:39","507","https://productdata.awin.com/datafeed/download/apikey/fe83c200b3de1c6c14a8a28f5f7162cd/fid/105635/format/csv/language/en/delimiter/%2C/compression/gzip/adultcontent/1/columns/data_feed_id%2Cmerchant_id%2Cmerchant_name%2Caw_product_id%2Caw_deep_link%2Caw_image_url%2Caw_thumb_url%2Ccategory_id%2Ccategory_name%2Cbrand_id%2Cbrand_name%2Cmerchant_product_id%2Cmerchant_category%2Cupc%2Cisbn%2Cmodel_number%2Cproduct_name%2Cdescription%2Cmerchant_deep_link%2Cmerchant_thumb_url%2Cmerchant_image_url%2Csearch_price%2Crrp_price%2Ccommission_group%2Ckeywords%2Ccustom_1%2Ccustom_2%2Ccustom_3%2Ccustom_4%2Ccustom_5%2Creviews%2Cbasket_link%2Cproduct_short_description%2Cmerchant_product_second_category%2Cmerchant_product_third_category%2Cstock_status/"
"59283","Deluvia Skincare and Cosmetics","US","Not Joined","Awin","105643","sftp://datafeeds.shareasale.com/Awin/109325/feed.zip","English","","2026-05-15 18:56:41","2025-10-08 09:06:28","9","https://productdata.awin.com/datafeed/download/apikey/fe83c200b3de1c6c14a8a28f5f7162cd/fid/105643/format/csv/language/en/delimiter/%2C/compression/gzip/adultcontent/1/columns/data_feed_id%2Cmerchant_id%2Cmerchant_name%2Caw_product_id%2Caw_deep_link%2Caw_image_url%2Caw_thumb_url%2Ccategory_id%2Ccategory_name%2Cbrand_id%2Cbrand_name%2Cmerchant_product_id%2Cmerchant_category%2Cupc%2Cisbn%2Cmodel_number%2Cproduct_name%2Cdescription%2Cmerchant_deep_link%2Cmerchant_thumb_url%2Cmerchant_image_url%2Csearch_price%2Crrp_price%2Ccommission_group%2Ckeywords%2Ccustom_1%2Ccustom_2%2Ccustom_3%2Ccustom_4%2Ccustom_5%2Creviews%2Cbasket_link%2Cproduct_short_description%2Cmerchant_product_second_category%2Cmerchant_product_third_category%2Cstock_status/"
"41354","Earthly Co.","US","Not Joined","Awin","105688","sftp://datafeeds.shareasale.com/Awin/120638/feed.zip","English","","2026-05-15 18:58:21","2025-10-07 16:06:35","17","https://productdata.awin.com/datafeed/download/apikey/fe83c200b3de1c6c14a8a28f5f7162cd/fid/105688/format/csv/language/en/delimiter/%2C/compression/gzip/adultcontent/1/columns/data_feed_id%2Cmerchant_id%2Cmerchant_name%2Caw_product_id%2Caw_deep_link%2Caw_image_url%2Caw_thumb_url%2Ccategory_id%2Ccategory_name%2Cbrand_id%2Cbrand_name%2Cmerchant_product_id%2Cmerchant_category%2Cupc%2Cisbn%2Cmodel_number%2Cproduct_name%2Cdescription%2Cmerchant_deep_link%2Cmerchant_thumb_url%2Cmerchant_image_url%2Csearch_price%2Crrp_price%2Ccommission_group%2Ckeywords%2Ccustom_1%2Ccustom_2%2Ccustom_3%2Ccustom_4%2Ccustom_5%2Creviews%2Cbasket_link%2Cproduct_short_description%2Cmerchant_product_second_category%2Cmerchant_product_third_category%2Cstock_status/"
"96873","Shenzhen Mintion technology co., ltd","US","Not Joined","Awin","105709","sftp://datafeeds.shareasale.com/Awin/124253/feed.zip","English","","2026-05-15 18:59:13","2025-10-08 13:03:17","148","https://productdata.awin.com/datafeed/download/apikey/fe83c200b3de1c6c14a8a28f5f7162cd/fid/105709/format/csv/language/en/delimiter/%2C/compression/gzip/adultcontent/1/columns/data_feed_id%2Cmerchant_id%2Cmerchant_name%2Caw_product_id%2Caw_deep_link%2Caw_image_url%2Caw_thumb_url%2Ccategory_id%2Ccategory_name%2Cbrand_id%2Cbrand_name%2Cmerchant_product_id%2Cmerchant_category%2Cupc%2Cisbn%2Cmodel_number%2Cproduct_name%2Cdescription%2Cmerchant_deep_link%2Cmerchant_thumb_url%2Cmerchant_image_url%2Csearch_price%2Crrp_price%2Ccommission_group%2Ckeywords%2Ccustom_1%2Ccustom_2%2Ccustom_3%2Ccustom_4%2Ccustom_5%2Creviews%2Cbasket_link%2Cproduct_short_description%2Cmerchant_product_second_category%2Cmerchant_product_third_category%2Cstock_status/"
"41612","Wonder Hoodie Inc","US","Not Joined","Awin","105735","sftp://datafeeds.shareasale.com/Awin/135515/feed.zip","English","","2026-05-15 19:00:17","2025-10-08 00:11:34","90","https://productdata.awin.com/datafeed/download/apikey/fe83c200b3de1c6c14a8a28f5f7162cd/fid/105735/format/csv/language/en/delimiter/%2C/compression/gzip/adultcontent/1/columns/data_feed_id%2Cmerchant_id%2Cmerchant_name%2Caw_product_id%2Caw_deep_link%2Caw_image_url%2Caw_thumb_url%2Ccategory_id%2Ccategory_name%2Cbrand_id%2Cbrand_name%2Cmerchant_product_id%2Cmerchant_category%2Cupc%2Cisbn%2Cmodel_number%2Cproduct_name%2Cdescription%2Cmerchant_deep_link%2Cmerchant_thumb_url%2Cmerchant_image_url%2Csearch_price%2Crrp_price%2Ccommission_group%2Ckeywords%2Ccustom_1%2Ccustom_2%2Ccustom_3%2Ccustom_4%2Ccustom_5%2Creviews%2Cbasket_link%2Cproduct_short_description%2Cmerchant_product_second_category%2Cmerchant_product_third_category%2Cstock_status/"
"87403","Mosaic Weighted Blankets","US","Not Joined","Awin","105766","sftp://datafeeds.shareasale.com/Awin/64644/feed.zip","English","","2026-05-15 19:01:31","2025-10-08 03:04:38","496","https://productdata.awin.com/datafeed/download/apikey/fe83c200b3de1c6c14a8a28f5f7162cd/fid/105766/format/csv/language/en/delimiter/%2C/compression/gzip/adultcontent/1/columns/data_feed_id%2Cmerchant_id%2Cmerchant_name%2Caw_product_id%2Caw_deep_link%2Caw_image_url%2Caw_thumb_url%2Ccategory_id%2Ccategory_name%2Cbrand_id%2Cbrand_name%2Cmerchant_product_id%2Cmerchant_category%2Cupc%2Cisbn%2Cmodel_number%2Cproduct_name%2Cdescription%2Cmerchant_deep_link%2Cmerchant_thumb_url%2Cmerchant_image_url%2Csearch_price%2Crrp_price%2Ccommission_group%2Ckeywords%2Ccustom_1%2Ccustom_2%2Ccustom_3%2Ccustom_4%2Ccustom_5%2Creviews%2Cbasket_link%2Cproduct_short_description%2Cmerchant_product_second_category%2Cmerchant_product_third_category%2Cstock_status/"
"105497","1st Class Cigar Humidors","US","Not Joined","Awin","105949","sftp://datafeeds.shareasale.com/Awin/73550/feed.zip","English","","2026-05-15 19:08:01","2025-10-08 13:03:27","248","https://productdata.awin.com/datafeed/download/apikey/fe83c200b3de1c6c14a8a28f5f7162cd/fid/105949/format/csv/language/en/delimiter/%2C/compression/gzip/adultcontent/1/columns/data_feed_id%2Cmerchant_id%2Cmerchant_name%2Caw_product_id%2Caw_deep_link%2Caw_image_url%2Caw_thumb_url%2Ccategory_id%2Ccategory_name%2Cbrand_id%2Cbrand_name%2Cmerchant_product_id%2Cmerchant_category%2Cupc%2Cisbn%2Cmodel_number%2Cproduct_name%2Cdescription%2Cmerchant_deep_link%2Cmerchant_thumb_url%2Cmerchant_image_url%2Csearch_price%2Crrp_price%2Ccommission_group%2Ckeywords%2Ccustom_1%2Ccustom_2%2Ccustom_3%2Ccustom_4%2Ccustom_5%2Creviews%2Cbasket_link%2Cproduct_short_description%2Cmerchant_product_second_category%2Cmerchant_product_third_category%2Cstock_status/"
"91177","Shenzhen Shibao Jewelry Co., Ltd.","US","Not Joined","Awin","105959","sftp://datafeeds.shareasale.com/Awin/91103/feed.zip","English","","2026-05-15 19:08:22","2025-10-07 23:09:29","3649","https://productdata.awin.com/datafeed/download/apikey/fe83c200b3de1c6c14a8a28f5f7162cd/fid/105959/format/csv/language/en/delimiter/%2C/compression/gzip/adultcontent/1/columns/data_feed_id%2Cmerchant_id%2Cmerchant_name%2Caw_product_id%2Caw_deep_link%2Caw_image_url%2Caw_thumb_url%2Ccategory_id%2Ccategory_name%2Cbrand_id%2Cbrand_name%2Cmerchant_product_id%2Cmerchant_category%2Cupc%2Cisbn%2Cmodel_number%2Cproduct_name%2Cdescription%2Cmerchant_deep_link%2Cmerchant_thumb_url%2Cmerchant_image_url%2Csearch_price%2Crrp_price%2Ccommission_group%2Ckeywords%2Ccustom_1%2Ccustom_2%2Ccustom_3%2Ccustom_4%2Ccustom_5%2Creviews%2Cbasket_link%2Cproduct_short_description%2Cmerchant_product_second_category%2Cmerchant_product_third_category%2Cstock_status/"
"899","Fitness Options","GB","Not Joined","Awin","106051","LIT Shopify","English","","2026-08-13 03:01:25","2026-08-22 03:01:06","324","https://productdata.awin.com/datafeed/download/apikey/fe83c200b3de1c6c14a8a28f5f7162cd/fid/106051/format/csv/language/en/delimiter/%2C/compression/gzip/adultcontent/1/columns/aw_deep_link%2Cproduct_name%2Caw_product_id%2Cmerchant_product_id%2Cmerchant_image_url%2Cdescription%2Cmerchant_category%2Csearch_price%2Cmerchant_name%2Cmerchant_id%2Ccategory_name%2Ccategory_id%2Caw_image_url%2Ccurrency%2Cstore_price%2Cdelivery_cost%2Cmerchant_deep_link%2Clanguage%2Clast_updated%2Cbrand_name%2Cbrand_id%2Ccolour%2Cproduct_short_description%2Cspecifications%2Ccondition%2Cproduct_model%2Cmodel_number%2Cdimensions%2Ckeywords%2Cpromotional_text%2Cproduct_type%2Ccommission_group%2Cmerchant_product_category_path%2Cmerchant_product_second_category%2Cmerchant_product_third_category%2Crrp_price%2Csaving%2Csavings_percent%2Cbase_price%2Cbase_price_amount%2Cbase_price_text%2Cproduct_price_old%2Cdelivery_restrictions%2Cdelivery_weight%2Cwarranty%2Cterms_of_contract%2Cdelivery_time%2Cin_stock%2Cstock_quantity%2Cvalid_from%2Cvalid_to%2Cis_for_sale%2Cweb_offer%2Cpre_order%2Cstock_status%2Csize_stock_status%2Csize_stock_amount%2Cmerchant_thumb_url%2Clarge_image%2Calternate_image%2Caw_thumb_url%2Calternate_image_two%2Calternate_image_three%2Calternate_image_four%2Creviews%2Caverage_rating%2Crating%2Cnumber_available%2Ccustom_1%2Ccustom_2%2Ccustom_3%2Ccustom_4%2Ccustom_5%2Ccustom_6%2Ccustom_7%2Ccustom_8%2Ccustom_9%2Cean%2Cisbn%2Cupc%2Cmpn%2Cparent_product_id%2Cproduct_GTIN%2Cbasket_link/"
"80917","TrophyCentral","US","Not Joined","Awin","106562","sftp://datafeeds.shareasale.com/Awin/6538/feed.zip","English","","2026-05-15 19:27:55","2025-10-08 11:12:51","4811","https://productdata.awin.com/datafeed/download/apikey/fe83c200b3de1c6c14a8a28f5f7162cd/fid/106562/format/csv/language/en/delimiter/%2C/compression/gzip/adultcontent/1/columns/data_feed_id%2Cmerchant_id%2Cmerchant_name%2Caw_product_id%2Caw_deep_link%2Caw_image_url%2Caw_thumb_url%2Ccategory_id%2Ccategory_name%2Cbrand_id%2Cbrand_name%2Cmerchant_product_id%2Cmerchant_category%2Cupc%2Cisbn%2Cmodel_number%2Cproduct_name%2Cdescription%2Cmerchant_deep_link%2Cmerchant_thumb_url%2Cmerchant_image_url%2Csearch_price%2Crrp_price%2Ccommission_group%2Ckeywords%2Ccustom_1%2Ccustom_2%2Ccustom_3%2Ccustom_4%2Ccustom_5%2Creviews%2Cbasket_link%2Cproduct_short_description%2Cmerchant_product_second_category%2Cmerchant_product_third_category%2Cstock_status/"
"90515","LOOMY Home","US","Not Joined","Awin","106640","sftp://datafeeds.shareasale.com/Awin/83483/feed.zip","English","","2026-05-15 19:30:42","2025-10-08 04:12:16","807","https://productdata.awin.com/datafeed/download/apikey/fe83c200b3de1c6c14a8a28f5f7162cd/fid/106640/format/csv/language/en/delimiter/%2C/compression/gzip/adultcontent/1/columns/data_feed_id%2Cmerchant_id%2Cmerchant_name%2Caw_product_id%2Caw_deep_link%2Caw_image_url%2Caw_thumb_url%2Ccategory_id%2Ccategory_name%2Cbrand_id%2Cbrand_name%2Cmerchant_product_id%2Cmerchant_category%2Cupc%2Cisbn%2Cmodel_number%2Cproduct_name%2Cdescription%2Cmerchant_deep_link%2Cmerchant_thumb_url%2Cmerchant_image_url%2Csearch_price%2Crrp_price%2Ccommission_group%2Ckeywords%2Ccustom_1%2Ccustom_2%2Ccustom_3%2Ccustom_4%2Ccustom_5%2Creviews%2Cbasket_link%2Cproduct_short_description%2Cmerchant_product_second_category%2Cmerchant_product_third_category%2Cstock_status/"
"88509","Super Area Rugs","US","Not Joined","Awin","107031","sftp://datafeeds.shareasale.com/Awin/46406/feed.zip","English","","2026-05-15 19:43:56","2025-10-08 08:13:01","2254","https://productdata.awin.com/datafeed/download/apikey/fe83c200b3de1c6c14a8a28f5f7162cd/fid/107031/format/csv/language/en/delimiter/%2C/compression/gzip/adultcontent/1/columns/data_feed_id%2Cmerchant_id%2Cmerchant_name%2Caw_product_id%2Caw_deep_link%2Caw_image_url%2Caw_thumb_url%2Ccategory_id%2Ccategory_name%2Cbrand_id%2Cbrand_name%2Cmerchant_product_id%2Cmerchant_category%2Cupc%2Cisbn%2Cmodel_number%2Cproduct_name%2Cdescription%2Cmerchant_deep_link%2Cmerchant_thumb_url%2Cmerchant_image_url%2Csearch_price%2Crrp_price%2Ccommission_group%2Ckeywords%2Ccustom_1%2Ccustom_2%2Ccustom_3%2Ccustom_4%2Ccustom_5%2Creviews%2Cbasket_link%2Cproduct_short_description%2Cmerchant_product_second_category%2Cmerchant_product_third_category%2Cstock_status/"
"87919","Flowers Fast.com-Send Flowers Same Day Delivery","US","Not Joined","Awin","107139","sftp://datafeeds.shareasale.com/Awin/17992/feed.zip","English","","2026-05-15 19:48:06","2025-10-07 23:04:41","885","https://productdata.awin.com/datafeed/download/apikey/fe83c200b3de1c6c14a8a28f5f7162cd/fid/107139/format/csv/language/en/delimiter/%2C/compression/gzip/adultcontent/1/columns/data_feed_id%2Cmerchant_id%2Cmerchant_name%2Caw_product_id%2Caw_deep_link%2Caw_image_url%2Caw_thumb_url%2Ccategory_id%2Ccategory_name%2Cbrand_id%2Cbrand_name%2Cmerchant_product_id%2Cmerchant_category%2Cupc%2Cisbn%2Cmodel_number%2Cproduct_name%2Cdescription%2Cmerchant_deep_link%2Cmerchant_thumb_url%2Cmerchant_image_url%2Csearch_price%2Crrp_price%2Ccommission_group%2Ckeywords%2Ccustom_1%2Ccustom_2%2Ccustom_3%2Ccustom_4%2Ccustom_5%2Creviews%2Cbasket_link%2Cproduct_short_description%2Cmerchant_product_second_category%2Cmerchant_product_third_category%2Cstock_status/"
"88003","Everywhere Chair LLC","US","Not Joined","Awin","107140","sftp://datafeeds.shareasale.com/Awin/23631/feed.zip","English","","2026-05-15 19:48:08","2025-10-08 15:09:26","180","https://productdata.awin.com/datafeed/download/apikey/fe83c200b3de1c6c14a8a28f5f7162cd/fid/107140/format/csv/language/en/delimiter/%2C/compression/gzip/adultcontent/1/columns/data_feed_id%2Cmerchant_id%2Cmerchant_name%2Caw_product_id%2Caw_deep_link%2Caw_image_url%2Caw_thumb_url%2Ccategory_id%2Ccategory_name%2Cbrand_id%2Cbrand_name%2Cmerchant_product_id%2Cmerchant_category%2Cupc%2Cisbn%2Cmodel_number%2Cproduct_name%2Cdescription%2Cmerchant_deep_link%2Cmerchant_thumb_url%2Cmerchant_image_url%2Csearch_price%2Crrp_price%2Ccommission_group%2Ckeywords%2Ccustom_1%2Ccustom_2%2Ccustom_3%2Ccustom_4%2Ccustom_5%2Creviews%2Cbasket_link%2Cproduct_short_description%2Cmerchant_product_second_category%2Cmerchant_product_third_category%2Cstock_status/"
"118547","elvishredlight","US","Not Joined","Awin","107325","Default","English","","2026-05-15 19:52:08","","12","https://productdata.awin.com/datafeed/download/apikey/fe83c200b3de1c6c14a8a28f5f7162cd/fid/107325/format/csv/language/en/delimiter/%2C/compression/gzip/adultcontent/1/columns/data_feed_id%2Cmerchant_id%2Cmerchant_name%2Caw_product_id%2Caw_deep_link%2Caw_image_url%2Caw_thumb_url%2Ccategory_id%2Ccategory_name%2Cbrand_id%2Cbrand_name%2Cmerchant_product_id%2Cmerchant_category%2Cproduct_name%2Cdescription%2Cmerchant_deep_link%2Cmerchant_image_url%2Ccurrency%2Csearch_price%2Ccolour%2Ckeywords%2Ccustom_1%2Ccustom_2%2Ccustom_3/"
"100197","Companion Candles","US","Not Joined","Awin","107451","sftp://datafeeds.shareasale.com/Awin/118306/feed.zip","English","","2026-05-15 19:55:56","2025-10-08 05:02:47","7","https://productdata.awin.com/datafeed/download/apikey/fe83c200b3de1c6c14a8a28f5f7162cd/fid/107451/format/csv/language/en/delimiter/%2C/compression/gzip/adultcontent/1/columns/data_feed_id%2Cmerchant_id%2Cmerchant_name%2Caw_product_id%2Caw_deep_link%2Caw_image_url%2Caw_thumb_url%2Ccategory_id%2Ccategory_name%2Cbrand_id%2Cbrand_name%2Cmerchant_product_id%2Cmerchant_category%2Cupc%2Cisbn%2Cmodel_number%2Cproduct_name%2Cdescription%2Cmerchant_deep_link%2Cmerchant_thumb_url%2Cmerchant_image_url%2Csearch_price%2Crrp_price%2Ccommission_group%2Ckeywords%2Ccustom_1%2Ccustom_2%2Ccustom_3%2Ccustom_4%2Ccustom_5%2Creviews%2Cbasket_link%2Cproduct_short_description%2Cmerchant_product_second_category%2Cmerchant_product_third_category%2Cstock_status/"
"96145","HCK REFRIGERATOR HI-TECH COMPANY LIMITED","US","Not Joined","Awin","107510","sftp://datafeeds.shareasale.com/Awin/120553/feed.zip","English","","2026-05-15 19:58:16","2025-10-08 07:06:22","9","https://productdata.awin.com/datafeed/download/apikey/fe83c200b3de1c6c14a8a28f5f7162cd/fid/107510/format/csv/language/en/delimiter/%2C/compression/gzip/adultcontent/1/columns/data_feed_id%2Cmerchant_id%2Cmerchant_name%2Caw_product_id%2Caw_deep_link%2Caw_image_url%2Caw_thumb_url%2Ccategory_id%2Ccategory_name%2Cbrand_id%2Cbrand_name%2Cmerchant_product_id%2Cmerchant_category%2Cupc%2Cisbn%2Cmodel_number%2Cproduct_name%2Cdescription%2Cmerchant_deep_link%2Cmerchant_thumb_url%2Cmerchant_image_url%2Csearch_price%2Crrp_price%2Ccommission_group%2Ckeywords%2Ccustom_1%2Ccustom_2%2Ccustom_3%2Ccustom_4%2Ccustom_5%2Creviews%2Cbasket_link%2Cproduct_short_description%2Cmerchant_product_second_category%2Cmerchant_product_third_category%2Cstock_status/"
"97687","Dragonhawk","US","Not Joined","Awin","107588","sftp://datafeeds.shareasale.com/Awin/127811/feed.zip","English","","2026-05-15 20:01:16","2025-10-08 03:09:05","402","https://productdata.awin.com/datafeed/download/apikey/fe83c200b3de1c6c14a8a28f5f7162cd/fid/107588/format/csv/language/en/delimiter/%2C/compression/gzip/adultcontent/1/columns/data_feed_id%2Cmerchant_id%2Cmerchant_name%2Caw_product_id%2Caw_deep_link%2Caw_image_url%2Caw_thumb_url%2Ccategory_id%2Ccategory_name%2Cbrand_id%2Cbrand_name%2Cmerchant_product_id%2Cmerchant_category%2Cupc%2Cisbn%2Cmodel_number%2Cproduct_name%2Cdescription%2Cmerchant_deep_link%2Cmerchant_thumb_url%2Cmerchant_image_url%2Csearch_price%2Crrp_price%2Ccommission_group%2Ckeywords%2Ccustom_1%2Ccustom_2%2Ccustom_3%2Ccustom_4%2Ccustom_5%2Creviews%2Cbasket_link%2Cproduct_short_description%2Cmerchant_product_second_category%2Cmerchant_product_third_category%2Cstock_status/"
"113722","Enable Accessible Haircare Products","US","Not Joined","Awin","107803","sftp://datafeeds.shareasale.com/Awin/166235/feed.zip","English","","2026-05-15 20:10:22","2025-10-08 02:11:45","3","https://productdata.awin.com/datafeed/download/apikey/fe83c200b3de1c6c14a8a28f5f7162cd/fid/107803/format/csv/language/en/delimiter/%2C/compression/gzip/adultcontent/1/columns/data_feed_id%2Cmerchant_id%2Cmerchant_name%2Caw_product_id%2Caw_deep_link%2Caw_image_url%2Caw_thumb_url%2Ccategory_id%2Ccategory_name%2Cbrand_id%2Cbrand_name%2Cmerchant_product_id%2Cmerchant_category%2Cupc%2Cisbn%2Cmodel_number%2Cproduct_name%2Cdescription%2Cmerchant_deep_link%2Cmerchant_thumb_url%2Cmerchant_image_url%2Csearch_price%2Crrp_price%2Ccommission_group%2Ckeywords%2Ccustom_1%2Ccustom_2%2Ccustom_3%2Ccustom_4%2Ccustom_5%2Creviews%2Cbasket_link%2Cproduct_short_description%2Cmerchant_product_second_category%2Cmerchant_product_third_category%2Cstock_status/"
"92029","Thrivous","US","Not Joined","Awin","107854","sftp://datafeeds.shareasale.com/Awin/97252/feed.zip","English","","2026-05-15 20:12:38","2025-10-08 04:03:13","14","https://productdata.awin.com/datafeed/download/apikey/fe83c200b3de1c6c14a8a28f5f7162cd/fid/107854/format/csv/language/en/delimiter/%2C/compression/gzip/adultcontent/1/columns/data_feed_id%2Cmerchant_id%2Cmerchant_name%2Caw_product_id%2Caw_deep_link%2Caw_image_url%2Caw_thumb_url%2Ccategory_id%2Ccategory_name%2Cbrand_id%2Cbrand_name%2Cmerchant_product_id%2Cmerchant_category%2Cupc%2Cisbn%2Cmodel_number%2Cproduct_name%2Cdescription%2Cmerchant_deep_link%2Cmerchant_thumb_url%2Cmerchant_image_url%2Csearch_price%2Crrp_price%2Ccommission_group%2Ckeywords%2Ccustom_1%2Ccustom_2%2Ccustom_3%2Ccustom_4%2Ccustom_5%2Creviews%2Cbasket_link%2Cproduct_short_description%2Cmerchant_product_second_category%2Cmerchant_product_third_category%2Cstock_status/"
"56633","Bellerei Hundezubehör DE","DE","Not Joined","Awin","107909","Default","German","","2026-08-21 14:01:31","2026-08-22 14:01:39","95","https://productdata.awin.com/datafeed/download/apikey/fe83c200b3de1c6c14a8a28f5f7162cd/fid/107909/format/csv/language/de/delimiter/%2C/compression/gzip/columns/data_feed_id%2Cmerchant_id%2Cmerchant_name%2Caw_product_id%2Caw_deep_link%2Caw_image_url%2Caw_thumb_url%2Ccategory_id%2Ccategory_name%2Cbrand_id%2Cbrand_name%2Cmerchant_product_id%2Cmerchant_category%2Cproduct_name%2Cdescription%2Cmerchant_deep_link%2Cmerchant_image_url%2Ccurrency%2Csearch_price%2Cstock_quantity%2Ccommission_group%2Calternate_image%2Cbasket_link%2Cstock_status%2Cproduct_GTIN/"
"96499","Ottocast","US","Not Joined","Awin","107946","OTTOCAST Default Product Feeds","English","","2026-05-15 20:13:39","","12","https://productdata.awin.com/datafeed/download/apikey/fe83c200b3de1c6c14a8a28f5f7162cd/fid/107946/format/csv/language/en/delimiter/%2C/compression/gzip/adultcontent/1/columns/data_feed_id%2Cmerchant_id%2Cmerchant_name%2Caw_product_id%2Caw_deep_link%2Caw_image_url%2Caw_thumb_url%2Ccategory_id%2Ccategory_name%2Cbrand_id%2Cbrand_name%2Cmerchant_product_id%2Cmerchant_category%2Cmpn%2Cproduct_name%2Cdescription%2Cmerchant_deep_link%2Cmerchant_image_url%2Csearch_price%2Cdelivery_cost%2Ccolour%2Ccustom_1%2Calternate_image/"
"17453","goettgen.de - Das grosse Schmuck und Uhrenportal","DE","Not Joined","Awin","107982","Default Feed Awin","German","","2026-08-19 22:01:40","2026-08-22 16:01:37","8818","https://productdata.awin.com/datafeed/download/apikey/fe83c200b3de1c6c14a8a28f5f7162cd/fid/107982/format/csv/language/de/delimiter/%2C/compression/gzip/columns/data_feed_id%2Cmerchant_id%2Cmerchant_name%2Caw_product_id%2Caw_deep_link%2Caw_image_url%2Caw_thumb_url%2Ccategory_id%2Ccategory_name%2Cbrand_id%2Cbrand_name%2Cmerchant_product_id%2Cmpn%2Cproduct_name%2Cdescription%2Cmerchant_deep_link%2Cmerchant_image_url%2Csearch_price%2Ccondition%2Cparent_product_id%2Ccustom_1%2Calternate_image%2Cbase_price_text%2Cstock_status%2Cproduct_GTIN/"
"100113","Tantaly UK","GB","Not Joined","Awin","108050","Default","English","","2026-05-15 20:14:49","","74","https://productdata.awin.com/datafeed/download/apikey/fe83c200b3de1c6c14a8a28f5f7162cd/fid/108050/format/csv/language/en/delimiter/%2C/compression/gzip/adultcontent/1/columns/data_feed_id%2Cmerchant_id%2Cmerchant_name%2Caw_product_id%2Caw_deep_link%2Caw_image_url%2Caw_thumb_url%2Ccategory_id%2Ccategory_name%2Cbrand_id%2Cbrand_name%2Cmerchant_product_id%2Cmerchant_category%2Cproduct_name%2Cdescription%2Cmerchant_deep_link%2Cmerchant_image_url%2Ccurrency%2Csearch_price%2Ccolour%2Cproduct_price_old/"
"78850","TantalyDE","DE","Not Joined","Awin","108059","productfeed250808","English","","2026-05-15 20:14:52","","81","https://productdata.awin.com/datafeed/download/apikey/fe83c200b3de1c6c14a8a28f5f7162cd/fid/108059/format/csv/language/en/delimiter/%2C/compression/gzip/columns/data_feed_id%2Cmerchant_id%2Cmerchant_name%2Caw_product_id%2Caw_deep_link%2Caw_image_url%2Caw_thumb_url%2Ccategory_id%2Ccategory_name%2Cbrand_id%2Cbrand_name%2Cmerchant_product_id%2Cmerchant_category%2Cproduct_name%2Cdescription%2Cmerchant_deep_link%2Cmerchant_image_url%2Ccurrency%2Csearch_price%2Cstore_price%2Ccolour/"
"78080","Imarku","US","Not Joined","Awin","108214","sftp://datafeeds.shareasale.com/Awin/112429/feed.zip","English","","2026-05-15 20:19:39","2026-08-22 16:02:44","127","https://productdata.awin.com/datafeed/download/apikey/fe83c200b3de1c6c14a8a28f5f7162cd/fid/108214/format/csv/language/en/delimiter/%2C/compression/gzip/adultcontent/1/columns/data_feed_id%2Cmerchant_id%2Cmerchant_name%2Caw_product_id%2Caw_deep_link%2Caw_image_url%2Caw_thumb_url%2Ccategory_id%2Ccategory_name%2Cbrand_id%2Cbrand_name%2Cmerchant_product_id%2Cmerchant_category%2Cupc%2Cisbn%2Cmodel_number%2Cproduct_name%2Cdescription%2Cmerchant_deep_link%2Cmerchant_thumb_url%2Cmerchant_image_url%2Csearch_price%2Crrp_price%2Ccommission_group%2Ckeywords%2Ccustom_1%2Ccustom_2%2Ccustom_3%2Ccustom_4%2Ccustom_5%2Creviews%2Cbasket_link%2Cproduct_short_description%2Cmerchant_product_second_category%2Cmerchant_product_third_category%2Cstock_status/"
"59683","APE BORN Fitness","US","Not Joined","Awin","108330","sftp://datafeeds.shareasale.com/Awin/130383/feed.zip","English","","2026-05-15 20:24:25","2025-10-08 11:05:00","71","https://productdata.awin.com/datafeed/download/apikey/fe83c200b3de1c6c14a8a28f5f7162cd/fid/108330/format/csv/language/en/delimiter/%2C/compression/gzip/adultcontent/1/columns/data_feed_id%2Cmerchant_id%2Cmerchant_name%2Caw_product_id%2Caw_deep_link%2Caw_image_url%2Caw_thumb_url%2Ccategory_id%2Ccategory_name%2Cbrand_id%2Cbrand_name%2Cmerchant_product_id%2Cmerchant_category%2Cupc%2Cisbn%2Cmodel_number%2Cproduct_name%2Cdescription%2Cmerchant_deep_link%2Cmerchant_thumb_url%2Cmerchant_image_url%2Csearch_price%2Crrp_price%2Ccommission_group%2Ckeywords%2Ccustom_1%2Ccustom_2%2Ccustom_3%2Ccustom_4%2Ccustom_5%2Creviews%2Cbasket_link%2Cproduct_short_description%2Cmerchant_product_second_category%2Cmerchant_product_third_category%2Cstock_status/"
"89579","uCloudlink America Ltd.","US","Not Joined","Awin","108702","sftp://datafeeds.shareasale.com/Awin/69102/feed.zip","English","","2026-05-15 20:39:38","2025-10-08 10:10:21","14","https://productdata.awin.com/datafeed/download/apikey/fe83c200b3de1c6c14a8a28f5f7162cd/fid/108702/format/csv/language/en/delimiter/%2C/compression/gzip/adultcontent/1/columns/data_feed_id%2Cmerchant_id%2Cmerchant_name%2Caw_product_id%2Caw_deep_link%2Caw_image_url%2Caw_thumb_url%2Ccategory_id%2Ccategory_name%2Cbrand_id%2Cbrand_name%2Cmerchant_product_id%2Cmerchant_category%2Cupc%2Cisbn%2Cmodel_number%2Cproduct_name%2Cdescription%2Cmerchant_deep_link%2Cmerchant_thumb_url%2Cmerchant_image_url%2Csearch_price%2Crrp_price%2Ccommission_group%2Ckeywords%2Ccustom_1%2Ccustom_2%2Ccustom_3%2Ccustom_4%2Ccustom_5%2Creviews%2Cbasket_link%2Cproduct_short_description%2Cmerchant_product_second_category%2Cmerchant_product_third_category%2Cstock_status/"
"88751","PandaHall","US","Not Joined","Awin","108790","sftp://datafeeds.shareasale.com/Awin/52149/feed.zip","English","","2026-05-15 20:44:07","2025-10-07 16:13:59","47574","https://productdata.awin.com/datafeed/download/apikey/fe83c200b3de1c6c14a8a28f5f7162cd/fid/108790/format/csv/language/en/delimiter/%2C/compression/gzip/adultcontent/1/columns/data_feed_id%2Cmerchant_id%2Cmerchant_name%2Caw_product_id%2Caw_deep_link%2Caw_image_url%2Caw_thumb_url%2Ccategory_id%2Ccategory_name%2Cbrand_id%2Cbrand_name%2Cmerchant_product_id%2Cmerchant_category%2Cupc%2Cisbn%2Cmodel_number%2Cproduct_name%2Cdescription%2Cmerchant_deep_link%2Cmerchant_thumb_url%2Cmerchant_image_url%2Csearch_price%2Crrp_price%2Ccommission_group%2Ckeywords%2Ccustom_1%2Ccustom_2%2Ccustom_3%2Ccustom_4%2Ccustom_5%2Creviews%2Cbasket_link%2Cproduct_short_description%2Cmerchant_product_second_category%2Cmerchant_product_third_category%2Cstock_status/"
"88453","Wondershare Global Limited","US","Not Joined","Awin","108813","sftp://datafeeds.shareasale.com/Awin/44487/feed.zip","English","","2026-05-15 20:45:14","2025-10-08 05:02:47","62","https://productdata.awin.com/datafeed/download/apikey/fe83c200b3de1c6c14a8a28f5f7162cd/fid/108813/format/csv/language/en/delimiter/%2C/compression/gzip/adultcontent/1/columns/data_feed_id%2Cmerchant_id%2Cmerchant_name%2Caw_product_id%2Caw_deep_link%2Caw_image_url%2Caw_thumb_url%2Ccategory_id%2Ccategory_name%2Cbrand_id%2Cbrand_name%2Cmerchant_product_id%2Cmerchant_category%2Cupc%2Cisbn%2Cmodel_number%2Cproduct_name%2Cdescription%2Cmerchant_deep_link%2Cmerchant_thumb_url%2Cmerchant_image_url%2Csearch_price%2Crrp_price%2Ccommission_group%2Ckeywords%2Ccustom_1%2Ccustom_2%2Ccustom_3%2Ccustom_4%2Ccustom_5%2Creviews%2Cbasket_link%2Cproduct_short_description%2Cmerchant_product_second_category%2Cmerchant_product_third_category%2Cstock_status/"
"118511","Yeamon Beauty","US","Not Joined","Awin","108980","Ding Yue Yuan","English","","2026-05-15 20:47:41","2025-08-14 07:28:45","3","https://productdata.awin.com/datafeed/download/apikey/fe83c200b3de1c6c14a8a28f5f7162cd/fid/108980/format/csv/language/en/delimiter/%2C/compression/gzip/adultcontent/1/columns/data_feed_id%2Cmerchant_id%2Cmerchant_name%2Caw_product_id%2Caw_deep_link%2Caw_image_url%2Caw_thumb_url%2Ccategory_id%2Ccategory_name%2Cbrand_id%2Cbrand_name%2Cmerchant_product_id%2Cmerchant_category%2Cproduct_name%2Cdescription%2Cmerchant_deep_link%2Cmerchant_image_url%2Csearch_price/"
"87175","Beyond Memories","US","Not Joined","Awin","109006","LC Custom XML","English","","2026-08-19 17:01:46","2026-08-21 20:01:16","1076","https://productdata.awin.com/datafeed/download/apikey/fe83c200b3de1c6c14a8a28f5f7162cd/fid/109006/format/csv/language/en/delimiter/%2C/compression/gzip/adultcontent/1/columns/aw_deep_link%2Cproduct_name%2Caw_product_id%2Cmerchant_product_id%2Cmerchant_image_url%2Cdescription%2Cmerchant_category%2Csearch_price%2Cmerchant_name%2Cmerchant_id%2Ccategory_name%2Ccategory_id%2Caw_image_url%2Ccurrency%2Cstore_price%2Cdelivery_cost%2Cmerchant_deep_link%2Clanguage%2Clast_updated%2Cbrand_name%2Cbrand_id%2Ccolour%2Cproduct_short_description%2Cspecifications%2Ccondition%2Cproduct_model%2Cmodel_number%2Cdimensions%2Ckeywords%2Cpromotional_text%2Cproduct_type%2Ccommission_group%2Cmerchant_product_category_path%2Cmerchant_product_second_category%2Cmerchant_product_third_category%2Crrp_price%2Csaving%2Csavings_percent%2Cbase_price%2Cbase_price_amount%2Cbase_price_text%2Cproduct_price_old%2Cdelivery_restrictions%2Cdelivery_weight%2Cwarranty%2Cterms_of_contract%2Cdelivery_time%2Cin_stock%2Cstock_quantity%2Cvalid_from%2Cvalid_to%2Cis_for_sale%2Cweb_offer%2Cpre_order%2Cstock_status%2Csize_stock_status%2Csize_stock_amount%2Cmerchant_thumb_url%2Clarge_image%2Calternate_image%2Caw_thumb_url%2Calternate_image_two%2Calternate_image_three%2Calternate_image_four%2Creviews%2Caverage_rating%2Crating%2Cnumber_available%2Ccustom_1%2Ccustom_2%2Ccustom_3%2Ccustom_4%2Ccustom_5%2Ccustom_6%2Ccustom_7%2Ccustom_8%2Ccustom_9%2Cean%2Cisbn%2Cupc%2Cmpn%2Cparent_product_id%2Cproduct_GTIN%2Cbasket_link/"
"77952","Petlibro UK Affiliate Program","GB","Not Joined","Awin","109051","Product feed with Sales price","English","","2026-05-15 20:47:59","","42","https://productdata.awin.com/datafeed/download/apikey/fe83c200b3de1c6c14a8a28f5f7162cd/fid/109051/format/csv/language/en/delimiter/%2C/compression/gzip/adultcontent/1/columns/data_feed_id%2Cmerchant_id%2Cmerchant_name%2Caw_product_id%2Caw_deep_link%2Caw_image_url%2Caw_thumb_url%2Ccategory_id%2Ccategory_name%2Cbrand_id%2Cbrand_name%2Cmerchant_product_id%2Cproduct_name%2Cdescription%2Cmerchant_deep_link%2Cmerchant_image_url%2Csearch_price%2Cin_stock%2Ccondition%2Cproduct_GTIN/"
"108834","Five Star Direct","GB","Not Joined","Awin","109094","Default","English","","2026-03-27 03:01:11","2026-05-18 03:01:16","49","https://productdata.awin.com/datafeed/download/apikey/fe83c200b3de1c6c14a8a28f5f7162cd/fid/109094/format/csv/language/en/delimiter/%2C/compression/gzip/adultcontent/1/columns/aw_deep_link%2Cproduct_name%2Caw_product_id%2Cmerchant_product_id%2Cmerchant_image_url%2Cdescription%2Cmerchant_category%2Csearch_price%2Cmerchant_name%2Cmerchant_id%2Ccategory_name%2Ccategory_id%2Caw_image_url%2Ccurrency%2Cstore_price%2Cdelivery_cost%2Cmerchant_deep_link%2Clanguage%2Clast_updated%2Cbrand_name%2Cbrand_id%2Ccolour%2Cproduct_short_description%2Cspecifications%2Ccondition%2Cproduct_model%2Cmodel_number%2Cdimensions%2Ckeywords%2Cpromotional_text%2Cproduct_type%2Ccommission_group%2Cmerchant_product_category_path%2Cmerchant_product_second_category%2Cmerchant_product_third_category%2Crrp_price%2Csaving%2Csavings_percent%2Cbase_price%2Cbase_price_amount%2Cbase_price_text%2Cproduct_price_old%2Cdelivery_restrictions%2Cdelivery_weight%2Cwarranty%2Cterms_of_contract%2Cdelivery_time%2Cin_stock%2Cstock_quantity%2Cvalid_from%2Cvalid_to%2Cis_for_sale%2Cweb_offer%2Cpre_order%2Cstock_status%2Csize_stock_status%2Csize_stock_amount%2Cmerchant_thumb_url%2Clarge_image%2Calternate_image%2Caw_thumb_url%2Calternate_image_two%2Calternate_image_three%2Calternate_image_four%2Creviews%2Caverage_rating%2Crating%2Cnumber_available%2Ccustom_1%2Ccustom_2%2Ccustom_3%2Ccustom_4%2Ccustom_5%2Ccustom_6%2Ccustom_7%2Ccustom_8%2Ccustom_9%2Cean%2Cisbn%2Cupc%2Cmpn%2Cparent_product_id%2Cproduct_GTIN%2Cbasket_link/"
"112314","Nasopia ES","ES","Not Joined","Awin","109096","Awin v1 Prueba4","Spanish","","2026-08-22 08:02:12","2026-08-22 16:04:51","1150","https://productdata.awin.com/datafeed/download/apikey/fe83c200b3de1c6c14a8a28f5f7162cd/fid/109096/format/csv/language/es/delimiter/%2C/compression/gzip/columns/data_feed_id%2Cmerchant_id%2Cmerchant_name%2Caw_product_id%2Caw_deep_link%2Caw_image_url%2Caw_thumb_url%2Ccategory_id%2Ccategory_name%2Cbrand_id%2Cbrand_name%2Cmerchant_product_id%2Cmerchant_category%2Cmpn%2Cproduct_name%2Cdescription%2Cmerchant_deep_link%2Cmerchant_image_url%2Csearch_price%2Ccondition%2Cproduct_model%2Cstock_status%2Cproduct_GTIN/"
"28347","Sals Forever Flowers Ltd","GB","Not Joined","Awin","109189","updated","English","","2026-05-15 20:51:55","","2","https://productdata.awin.com/datafeed/download/apikey/fe83c200b3de1c6c14a8a28f5f7162cd/fid/109189/format/csv/language/en/delimiter/%2C/compression/gzip/adultcontent/1/columns/data_feed_id%2Cmerchant_id%2Cmerchant_name%2Caw_product_id%2Caw_deep_link%2Caw_image_url%2Caw_thumb_url%2Ccategory_id%2Ccategory_name%2Cbrand_id%2Cbrand_name%2Cmerchant_product_id%2Cmerchant_category%2Cupc%2Cean%2Cisbn%2Cmodel_number%2Cproduct_name%2Cdescription%2Cspecifications%2Cpromotional_text%2Clanguage%2Cmerchant_deep_link%2Cmerchant_image_url%2Cdelivery_time%2Cvalid_from%2Cvalid_to%2Ccurrency%2Csearch_price%2Cstore_price%2Crrp_price%2Cdelivery_cost%2Cin_stock%2Cstock_quantity%2Cis_for_sale%2Cwarranty%2Ccondition%2Cproduct_type%2Cparent_product_id%2Ccommission_group%2Clast_updated%2Cdimensions%2Ccolour%2Ckeywords%2Ccustom_1%2Ccustom_2%2Ccustom_3%2Ccustom_5%2Csaving%2Cdelivery_weight%2Cdelivery_restrictions%2Creviews%2Caverage_rating%2Crating%2Calternate_image%2Clarge_image%2Cbasket_link%2Cproduct_short_description%2Cproduct_model%2Cmerchant_product_category_path%2Cmerchant_product_second_category%2Cmerchant_product_third_category%2Csavings_percent%2Cbase_price%2Cbase_price_amount%2Cbase_price_text%2Cproduct_price_old%2Cstock_status%2Csize_stock_status%2Csize_stock_amount%2Cproduct_GTIN/"
"25940","BlackboxMeats (US)","US","Not Joined","Awin","109276","BlackboxMeats Products","English","","2026-08-21 18:01:35","2026-08-22 14:16:13","108","https://productdata.awin.com/datafeed/download/apikey/fe83c200b3de1c6c14a8a28f5f7162cd/fid/109276/format/csv/language/en/delimiter/%2C/compression/gzip/adultcontent/1/columns/data_feed_id%2Cmerchant_id%2Cmerchant_name%2Caw_product_id%2Caw_deep_link%2Caw_image_url%2Caw_thumb_url%2Ccategory_id%2Ccategory_name%2Cbrand_id%2Cbrand_name%2Cmerchant_product_id%2Cmerchant_category%2Cproduct_name%2Cdescription%2Cmerchant_deep_link%2Cmerchant_image_url%2Ccurrency%2Csearch_price%2Cin_stock%2Cstock_quantity%2Ccondition%2Cparent_product_id%2Cproduct_GTIN/"
"118977","Lauri Esporte","BR","Not Joined","Awin","109288","Padrão","Portuguese","","2026-05-15 20:52:51","","1514","https://productdata.awin.com/datafeed/download/apikey/fe83c200b3de1c6c14a8a28f5f7162cd/fid/109288/format/csv/language/pt/delimiter/%2C/compression/gzip/columns/data_feed_id%2Cmerchant_id%2Cmerchant_name%2Caw_product_id%2Caw_deep_link%2Caw_image_url%2Caw_thumb_url%2Ccategory_id%2Ccategory_name%2Cbrand_id%2Cbrand_name%2Cmerchant_product_id%2Cean%2Cproduct_name%2Cdescription%2Cmerchant_deep_link%2Cmerchant_image_url%2Csearch_price%2Ccolour%2Csize_stock_amount/"
"119277","Bazta FI","FI","Not Joined","Awin","109338","Awin - Full (memberprices)","Finnish","","2026-08-22 16:09:42","2026-08-22 16:09:30","9060","https://productdata.awin.com/datafeed/download/apikey/fe83c200b3de1c6c14a8a28f5f7162cd/fid/109338/format/csv/language/fi/delimiter/%2C/compression/gzip/columns/data_feed_id%2Cmerchant_id%2Cmerchant_name%2Caw_product_id%2Caw_deep_link%2Caw_image_url%2Caw_thumb_url%2Ccategory_id%2Ccategory_name%2Cbrand_id%2Cbrand_name%2Cmerchant_product_id%2Cmerchant_category%2Cmpn%2Cproduct_name%2Cdescription%2Cmerchant_deep_link%2Cmerchant_image_url%2Csearch_price%2Cdelivery_cost%2Cweb_offer%2Cpre_order%2Cstock_quantity%2Cis_for_sale%2Ccondition%2Ccommission_group%2Ccolour%2Ccustom_1%2Calternate_image%2Cmerchant_product_category_path%2Cmerchant_product_second_category%2Cmerchant_product_third_category%2Cstock_status%2Cproduct_GTIN/"
"119277","Bazta FI","FI","Not Joined","Awin","109340","Awin - Full (normal prices)","Finnish","","2026-08-22 16:13:18","2026-08-22 16:13:05","9060","https://productdata.awin.com/datafeed/download/apikey/fe83c200b3de1c6c14a8a28f5f7162cd/fid/109340/format/csv/language/fi/delimiter/%2C/compression/gzip/columns/data_feed_id%2Cmerchant_id%2Cmerchant_name%2Caw_product_id%2Caw_deep_link%2Caw_image_url%2Caw_thumb_url%2Ccategory_id%2Ccategory_name%2Cbrand_id%2Cbrand_name%2Cmerchant_product_id%2Cmerchant_category%2Cmpn%2Cproduct_name%2Cdescription%2Cmerchant_deep_link%2Cmerchant_image_url%2Csearch_price%2Cdelivery_cost%2Cweb_offer%2Cpre_order%2Cstock_quantity%2Cis_for_sale%2Ccondition%2Ccommission_group%2Ccolour%2Ccustom_1%2Ccustom_2%2Calternate_image%2Cmerchant_product_category_path%2Cmerchant_product_second_category%2Cmerchant_product_third_category%2Cstock_status%2Cproduct_GTIN/"
"96499","Ottocast","US","Not Joined","Awin","109551","OTTOCAST Latest Product Feeds - 2025.09.03","English","","2026-05-15 20:54:52","","14","https://productdata.awin.com/datafeed/download/apikey/fe83c200b3de1c6c14a8a28f5f7162cd/fid/109551/format/csv/language/en/delimiter/%2C/compression/gzip/adultcontent/1/columns/data_feed_id%2Cmerchant_id%2Cmerchant_name%2Caw_product_id%2Caw_deep_link%2Caw_image_url%2Caw_thumb_url%2Ccategory_id%2Ccategory_name%2Cbrand_id%2Cbrand_name%2Cmerchant_product_id%2Cmerchant_category%2Cmpn%2Cmodel_number%2Cproduct_name%2Cdescription%2Cmerchant_deep_link%2Cmerchant_image_url%2Cdelivery_time%2Csearch_price%2Ccolour%2Calternate_image/"
"119371","Illadelph Spirits","US","Not Joined","Awin","109648","Default","English","","2026-05-15 20:55:52","","1","https://productdata.awin.com/datafeed/download/apikey/fe83c200b3de1c6c14a8a28f5f7162cd/fid/109648/format/csv/language/en/delimiter/%2C/compression/gzip/adultcontent/1/columns/data_feed_id%2Cmerchant_id%2Cmerchant_name%2Caw_product_id%2Caw_deep_link%2Caw_image_url%2Caw_thumb_url%2Ccategory_id%2Ccategory_name%2Cbrand_id%2Cbrand_name%2Cmerchant_product_id%2Cmerchant_category%2Cproduct_name%2Cdescription%2Cmerchant_deep_link%2Cmerchant_image_url%2Ccurrency%2Csearch_price%2Cin_stock/"
"77952","Petlibro UK Affiliate Program","GB","Not Joined","Awin","109652","Product Feed - Hero SKUs - UK","English","","2026-05-15 20:55:53","","12","https://productdata.awin.com/datafeed/download/apikey/fe83c200b3de1c6c14a8a28f5f7162cd/fid/109652/format/csv/language/en/delimiter/%2C/compression/gzip/adultcontent/1/columns/data_feed_id%2Cmerchant_id%2Cmerchant_name%2Caw_product_id%2Caw_deep_link%2Caw_image_url%2Caw_thumb_url%2Ccategory_id%2Ccategory_name%2Cbrand_id%2Cbrand_name%2Cmerchant_product_id%2Cproduct_name%2Cdescription%2Cmerchant_deep_link%2Cmerchant_image_url%2Csearch_price%2Cproduct_type%2Ccustom_1%2Ccustom_2%2Ccustom_3%2Ccustom_4%2Ccustom_5%2Cbase_price%2Cstock_status%2Ccustom_6%2Ccustom_7%2Ccustom_8%2Ccustom_9/"
"71121","Caterboss","IE","Not Joined","Awin","109772","New","English","","2026-05-15 20:56:40","","23238","https://productdata.awin.com/datafeed/download/apikey/fe83c200b3de1c6c14a8a28f5f7162cd/fid/109772/format/csv/language/en/delimiter/%2C/compression/gzip/adultcontent/1/columns/data_feed_id%2Cmerchant_id%2Cmerchant_name%2Caw_product_id%2Caw_deep_link%2Caw_image_url%2Caw_thumb_url%2Ccategory_id%2Ccategory_name%2Cbrand_id%2Cbrand_name%2Cmerchant_product_id%2Cmerchant_category%2Cproduct_name%2Cmerchant_deep_link%2Cmerchant_image_url%2Csearch_price%2Cmerchant_product_second_category%2Cmerchant_product_third_category/"
"119761","Yeloly","US","Not Joined","Awin","109815","all-product","English","","2026-05-15 20:56:44","","68","https://productdata.awin.com/datafeed/download/apikey/fe83c200b3de1c6c14a8a28f5f7162cd/fid/109815/format/csv/language/en/delimiter/%2C/compression/gzip/adultcontent/1/columns/data_feed_id%2Cmerchant_id%2Cmerchant_name%2Caw_product_id%2Caw_deep_link%2Caw_image_url%2Caw_thumb_url%2Ccategory_id%2Ccategory_name%2Cbrand_id%2Cbrand_name%2Cmerchant_product_id%2Cmerchant_category%2Cproduct_name%2Cdescription%2Cmerchant_deep_link%2Cmerchant_image_url%2Ccurrency%2Csearch_price%2Cstock_status/"
"119703","Vatrer","US","Not Joined","Awin","109975","Default","English","","2026-05-15 20:57:32","","12","https://productdata.awin.com/datafeed/download/apikey/fe83c200b3de1c6c14a8a28f5f7162cd/fid/109975/format/csv/language/en/delimiter/%2C/compression/gzip/adultcontent/1/columns/data_feed_id%2Cmerchant_id%2Cmerchant_name%2Caw_product_id%2Caw_deep_link%2Caw_image_url%2Caw_thumb_url%2Ccategory_id%2Ccategory_name%2Cbrand_id%2Cbrand_name%2Cmerchant_product_id%2Cproduct_name%2Cdescription%2Cmerchant_deep_link%2Cmerchant_image_url%2Csearch_price%2Cin_stock%2Ccondition%2Cparent_product_id%2Cmerchant_product_second_category%2Cproduct_GTIN/"
"45747","Craft Buddy Shop","GB","Not Joined","Awin","109997","Harry Potter Album & Stickers","English","","2026-05-15 20:57:45","","2","https://productdata.awin.com/datafeed/download/apikey/fe83c200b3de1c6c14a8a28f5f7162cd/fid/109997/format/csv/language/en/delimiter/%2C/compression/gzip/adultcontent/1/columns/data_feed_id%2Cmerchant_id%2Cmerchant_name%2Caw_product_id%2Caw_deep_link%2Caw_image_url%2Caw_thumb_url%2Ccategory_id%2Ccategory_name%2Cbrand_id%2Cbrand_name%2Cmerchant_product_id%2Cmerchant_category%2Cproduct_name%2Cdescription%2Cmerchant_deep_link%2Cmerchant_image_url%2Ccurrency%2Csearch_price/"
"120341","Ahipos Horses DE","DE","Not Joined","Awin","110252","Default","German","","2026-08-21 22:02:03","2026-08-22 14:18:51","26","https://productdata.awin.com/datafeed/download/apikey/fe83c200b3de1c6c14a8a28f5f7162cd/fid/110252/format/csv/language/de/delimiter/%2C/compression/gzip/columns/aw_deep_link%2Cproduct_name%2Caw_product_id%2Cmerchant_product_id%2Cmerchant_image_url%2Cdescription%2Cmerchant_category%2Csearch_price%2Cmerchant_name%2Cmerchant_id%2Ccategory_name%2Ccategory_id%2Caw_image_url%2Ccurrency%2Cstore_price%2Cdelivery_cost%2Cmerchant_deep_link%2Clanguage%2Clast_updated%2Cbrand_name%2Cbrand_id%2Ccolour%2Cproduct_short_description%2Cspecifications%2Ccondition%2Cproduct_model%2Cmodel_number%2Cdimensions%2Ckeywords%2Cpromotional_text%2Cproduct_type%2Ccommission_group%2Cmerchant_product_category_path%2Cmerchant_product_second_category%2Cmerchant_product_third_category%2Crrp_price%2Csaving%2Csavings_percent%2Cbase_price%2Cbase_price_amount%2Cbase_price_text%2Cproduct_price_old%2Cdelivery_restrictions%2Cdelivery_weight%2Cwarranty%2Cterms_of_contract%2Cdelivery_time%2Cin_stock%2Cstock_quantity%2Cvalid_from%2Cvalid_to%2Cis_for_sale%2Cweb_offer%2Cpre_order%2Cstock_status%2Csize_stock_status%2Csize_stock_amount%2Cmerchant_thumb_url%2Clarge_image%2Calternate_image%2Caw_thumb_url%2Calternate_image_two%2Calternate_image_three%2Calternate_image_four%2Creviews%2Caverage_rating%2Crating%2Cnumber_available%2Ccustom_1%2Ccustom_2%2Ccustom_3%2Ccustom_4%2Ccustom_5%2Ccustom_6%2Ccustom_7%2Ccustom_8%2Ccustom_9%2Cean%2Cisbn%2Cupc%2Cmpn%2Cparent_product_id%2Cproduct_GTIN%2Cbasket_link/"
"120289","SK-LED","DE","Not Joined","Awin","110354","sk-led","German","","2026-08-21 09:02:14","2026-08-22 16:01:37","1028","https://productdata.awin.com/datafeed/download/apikey/fe83c200b3de1c6c14a8a28f5f7162cd/fid/110354/format/csv/language/de/delimiter/%2C/compression/gzip/columns/data_feed_id%2Cmerchant_id%2Cmerchant_name%2Caw_product_id%2Caw_deep_link%2Caw_image_url%2Caw_thumb_url%2Ccategory_id%2Ccategory_name%2Cbrand_id%2Cbrand_name%2Cmerchant_product_id%2Cmerchant_category%2Cean%2Cproduct_name%2Cdescription%2Cpromotional_text%2Cmerchant_deep_link%2Cmerchant_image_url%2Cdelivery_time%2Cvalid_from%2Cvalid_to%2Ccurrency%2Csearch_price%2Cdelivery_cost%2Cweb_offer%2Cin_stock%2Csaving%2Calternate_image%2Cmerchant_product_category_path/"
"91891","Lectron","US","Not Joined","Awin","110358","Default","English","","2026-05-15 20:59:08","","66","https://productdata.awin.com/datafeed/download/apikey/fe83c200b3de1c6c14a8a28f5f7162cd/fid/110358/format/csv/language/en/delimiter/%2C/compression/gzip/adultcontent/1/columns/data_feed_id%2Cmerchant_id%2Cmerchant_name%2Caw_product_id%2Caw_deep_link%2Caw_image_url%2Caw_thumb_url%2Ccategory_id%2Ccategory_name%2Cbrand_id%2Cbrand_name%2Cmerchant_product_id%2Cmerchant_category%2Cean%2Cproduct_name%2Cdescription%2Cmerchant_deep_link%2Cmerchant_image_url%2Csearch_price%2Cproduct_type/"
"117667","Pro-Camera","GB","Not Joined","Awin","110438","Default","English","","2026-08-12 10:01:51","2026-08-22 15:01:25","466","https://productdata.awin.com/datafeed/download/apikey/fe83c200b3de1c6c14a8a28f5f7162cd/fid/110438/format/csv/language/en/delimiter/%2C/compression/gzip/adultcontent/1/columns/data_feed_id%2Cmerchant_id%2Cmerchant_name%2Caw_product_id%2Caw_deep_link%2Caw_image_url%2Caw_thumb_url%2Ccategory_id%2Ccategory_name%2Cbrand_id%2Cbrand_name%2Cmerchant_product_id%2Cmerchant_category%2Cmpn%2Cproduct_name%2Cdescription%2Cmerchant_deep_link%2Cmerchant_image_url%2Cdelivery_time%2Csearch_price%2Cdelivery_cost%2Cin_stock%2Ccondition%2Ccustom_1%2Ccustom_2%2Ccustom_3%2Ccustom_4%2Ccustom_5%2Cdelivery_weight%2Cdelivery_restrictions%2Calternate_image%2Calternate_image_two%2Calternate_image_three%2Cproduct_GTIN%2Calternate_image_four/"
"119127","Kunstige-stearinlys","DK","Not Joined","Awin","110452","DeluxeHomeartShop feed - DK","Danish","","2026-08-22 14:50:12","2026-08-22 14:50:08","625","https://productdata.awin.com/datafeed/download/apikey/fe83c200b3de1c6c14a8a28f5f7162cd/fid/110452/format/csv/language/da/delimiter/%2C/compression/gzip/columns/data_feed_id%2Cmerchant_id%2Cmerchant_name%2Caw_product_id%2Caw_deep_link%2Caw_image_url%2Caw_thumb_url%2Ccategory_id%2Ccategory_name%2Cbrand_id%2Cbrand_name%2Cmerchant_product_id%2Cproduct_name%2Cdescription%2Cmerchant_deep_link%2Cmerchant_image_url%2Ccurrency%2Csearch_price%2Cproduct_type%2Ccolour%2Cproduct_GTIN/"
"120199","Deluxehomeartshop SE","SE","Not Joined","Awin","110453","DeluxeHomeartShop feed - SE","Swedish","","2026-05-15 20:59:49","2026-08-22 14:01:28","797","https://productdata.awin.com/datafeed/download/apikey/fe83c200b3de1c6c14a8a28f5f7162cd/fid/110453/format/csv/language/sv/delimiter/%2C/compression/gzip/columns/data_feed_id%2Cmerchant_id%2Cmerchant_name%2Caw_product_id%2Caw_deep_link%2Caw_image_url%2Caw_thumb_url%2Ccategory_id%2Ccategory_name%2Cbrand_id%2Cbrand_name%2Cmerchant_product_id%2Cproduct_name%2Cdescription%2Cmerchant_deep_link%2Cmerchant_image_url%2Ccurrency%2Csearch_price%2Cproduct_type%2Ccolour%2Cproduct_GTIN/"
"120409","Deluxehomeartshop NL","NL","Not Joined","Awin","110454","DeluxeHomeartShop feed - NL","Dutch","","2026-08-22 14:50:12","2026-08-22 14:50:08","620","https://productdata.awin.com/datafeed/download/apikey/fe83c200b3de1c6c14a8a28f5f7162cd/fid/110454/format/csv/language/nl/delimiter/%2C/compression/gzip/columns/data_feed_id%2Cmerchant_id%2Cmerchant_name%2Caw_product_id%2Caw_deep_link%2Caw_image_url%2Caw_thumb_url%2Ccategory_id%2Ccategory_name%2Cbrand_id%2Cbrand_name%2Cmerchant_product_id%2Cproduct_name%2Cdescription%2Cmerchant_deep_link%2Cmerchant_image_url%2Ccurrency%2Csearch_price%2Cproduct_type%2Ccolour%2Cproduct_GTIN/"
"120411","Deluxehomeartshop DE","DE","Not Joined","Awin","110455","DeluxeHomeartShop feed - DE","German","","2026-08-22 14:50:11","2026-08-22 14:50:07","625","https://productdata.awin.com/datafeed/download/apikey/fe83c200b3de1c6c14a8a28f5f7162cd/fid/110455/format/csv/language/de/delimiter/%2C/compression/gzip/columns/data_feed_id%2Cmerchant_id%2Cmerchant_name%2Caw_product_id%2Caw_deep_link%2Caw_image_url%2Caw_thumb_url%2Ccategory_id%2Ccategory_name%2Cbrand_id%2Cbrand_name%2Cmerchant_product_id%2Cproduct_name%2Cdescription%2Cmerchant_deep_link%2Cmerchant_image_url%2Ccurrency%2Csearch_price%2Cproduct_type%2Ccolour%2Cproduct_GTIN/"
"120407","Deluxehomeartshop FR","FR","Not Joined","Awin","110456","DeluxeHomeartShop feed - FR","French","","2026-08-22 14:50:25","2026-08-22 14:50:21","625","https://productdata.awin.com/datafeed/download/apikey/fe83c200b3de1c6c14a8a28f5f7162cd/fid/110456/format/csv/language/fr/delimiter/%2C/compression/gzip/columns/data_feed_id%2Cmerchant_id%2Cmerchant_name%2Caw_product_id%2Caw_deep_link%2Caw_image_url%2Caw_thumb_url%2Ccategory_id%2Ccategory_name%2Cbrand_id%2Cbrand_name%2Cmerchant_product_id%2Cproduct_name%2Cdescription%2Cmerchant_deep_link%2Cmerchant_image_url%2Ccurrency%2Csearch_price%2Cproduct_type%2Ccolour%2Cproduct_GTIN/"
"71121","Caterboss","IE","Not Joined","Awin","110592","Default","English","","2026-08-21 11:13:49","2026-08-21 11:11:32","36676","https://productdata.awin.com/datafeed/download/apikey/fe83c200b3de1c6c14a8a28f5f7162cd/fid/110592/format/csv/language/en/delimiter/%2C/compression/gzip/adultcontent/1/columns/data_feed_id%2Cmerchant_id%2Cmerchant_name%2Caw_product_id%2Caw_deep_link%2Caw_image_url%2Caw_thumb_url%2Ccategory_id%2Ccategory_name%2Cbrand_id%2Cbrand_name%2Cmerchant_product_id%2Cproduct_name%2Cdescription%2Cmerchant_deep_link%2Cmerchant_image_url%2Csearch_price%2Cstock_quantity%2Cmerchant_product_category_path%2Cproduct_GTIN/"
"118223","Xiaomi RO","RO","Not Joined","Awin","110632","Xiaomi RO","English","","2026-08-22 16:04:19","2026-08-22 16:04:14","754","https://productdata.awin.com/datafeed/download/apikey/fe83c200b3de1c6c14a8a28f5f7162cd/fid/110632/format/csv/language/en/delimiter/%2C/compression/gzip/columns/data_feed_id%2Cmerchant_id%2Cmerchant_name%2Caw_product_id%2Caw_deep_link%2Caw_image_url%2Caw_thumb_url%2Ccategory_id%2Ccategory_name%2Cbrand_id%2Cbrand_name%2Cmerchant_product_id%2Cmerchant_category%2Cean%2Cproduct_name%2Cdescription%2Clanguage%2Cmerchant_deep_link%2Cmerchant_image_url%2Cdelivery_time%2Csearch_price%2Cdelivery_cost%2Cin_stock%2Cis_for_sale%2Cproduct_price_old/"
"119683","Blooh","US","Not Joined","Awin","110644","Auto Mulwi Default Feed","English","","2026-06-17 17:01:28","2026-08-22 12:01:32","102","https://productdata.awin.com/datafeed/download/apikey/fe83c200b3de1c6c14a8a28f5f7162cd/fid/110644/format/csv/language/en/delimiter/%2C/compression/gzip/adultcontent/1/columns/data_feed_id%2Cmerchant_id%2Cmerchant_name%2Caw_product_id%2Caw_deep_link%2Caw_image_url%2Caw_thumb_url%2Ccategory_id%2Ccategory_name%2Cbrand_id%2Cbrand_name%2Cmerchant_product_id%2Cmerchant_category%2Cproduct_name%2Cdescription%2Cmerchant_deep_link%2Cmerchant_image_url%2Cdelivery_time%2Csearch_price%2Cdelivery_cost%2Cproduct_type%2Ccolour/"
"120784","Breck and Grier","US","Not Joined","Awin","110678","Oct 2025 BandG Datafeed","English","","2026-05-15 21:02:15","","57","https://productdata.awin.com/datafeed/download/apikey/fe83c200b3de1c6c14a8a28f5f7162cd/fid/110678/format/csv/language/en/delimiter/%2C/compression/gzip/adultcontent/1/columns/data_feed_id%2Cmerchant_id%2Cmerchant_name%2Caw_product_id%2Caw_deep_link%2Caw_image_url%2Caw_thumb_url%2Ccategory_id%2Ccategory_name%2Cbrand_id%2Cbrand_name%2Cmerchant_product_id%2Cupc%2Cisbn%2Cproduct_name%2Cdescription%2Cmerchant_deep_link%2Cmerchant_image_url%2Csearch_price/"
"87919","Flowers Fast.com-Send Flowers Same Day Delivery","US","Not Joined","Awin","110830","Default","English","ShoppingNL","2026-08-07 03:01:14","2026-08-22 03:01:05","1270","https://productdata.awin.com/datafeed/download/apikey/fe83c200b3de1c6c14a8a28f5f7162cd/fid/110830/format/csv/language/en/delimiter/%2C/compression/gzip/adultcontent/1/columns/data_feed_id%2Cmerchant_id%2Cmerchant_name%2Caw_product_id%2Caw_deep_link%2Caw_image_url%2Caw_thumb_url%2Ccategory_id%2Ccategory_name%2Cbrand_id%2Cbrand_name%2Cmerchant_product_id%2Cmerchant_category%2Cmpn%2Cproduct_name%2Cdescription%2Cmerchant_deep_link%2Cmerchant_image_url%2Csearch_price%2Cdelivery_cost%2Cin_stock%2Ccondition%2Cproduct_type/"
"25639","Peugeot Saveurs UK","GB","Not Joined","Awin","110938","Flux ShoppingFeed UK","English","","2026-08-22 12:23:22","2026-08-22 12:23:18","635","https://productdata.awin.com/datafeed/download/apikey/fe83c200b3de1c6c14a8a28f5f7162cd/fid/110938/format/csv/language/en/delimiter/%2C/compression/gzip/adultcontent/1/columns/aw_deep_link%2Cproduct_name%2Caw_product_id%2Cmerchant_product_id%2Cmerchant_image_url%2Cdescription%2Cmerchant_category%2Csearch_price%2Cmerchant_name%2Cmerchant_id%2Ccategory_name%2Ccategory_id%2Caw_image_url%2Ccurrency%2Cstore_price%2Cdelivery_cost%2Cmerchant_deep_link%2Clanguage%2Clast_updated%2Cbrand_name%2Cbrand_id%2Ccolour%2Cproduct_short_description%2Cspecifications%2Ccondition%2Cproduct_model%2Cmodel_number%2Cdimensions%2Ckeywords%2Cpromotional_text%2Cproduct_type%2Ccommission_group%2Cmerchant_product_category_path%2Cmerchant_product_second_category%2Cmerchant_product_third_category%2Crrp_price%2Csaving%2Csavings_percent%2Cbase_price%2Cbase_price_amount%2Cbase_price_text%2Cproduct_price_old%2Cdelivery_restrictions%2Cdelivery_weight%2Cwarranty%2Cterms_of_contract%2Cdelivery_time%2Cin_stock%2Cstock_quantity%2Cvalid_from%2Cvalid_to%2Cis_for_sale%2Cweb_offer%2Cpre_order%2Cstock_status%2Csize_stock_status%2Csize_stock_amount%2Cmerchant_thumb_url%2Clarge_image%2Calternate_image%2Caw_thumb_url%2Calternate_image_two%2Calternate_image_three%2Calternate_image_four%2Creviews%2Caverage_rating%2Crating%2Cnumber_available%2Ccustom_1%2Ccustom_2%2Ccustom_3%2Ccustom_4%2Ccustom_5%2Ccustom_6%2Ccustom_7%2Ccustom_8%2Ccustom_9%2Cean%2Cisbn%2Cupc%2Cmpn%2Cparent_product_id%2Cproduct_GTIN%2Cbasket_link/"
"120061","wall-dekor","DE","Not Joined","Awin","110990","Default","German","","2026-05-15 21:11:13","2025-10-28 09:26:21","78612","https://productdata.awin.com/datafeed/download/apikey/fe83c200b3de1c6c14a8a28f5f7162cd/fid/110990/format/csv/language/de/delimiter/%2C/compression/gzip/columns/data_feed_id%2Cmerchant_id%2Cmerchant_name%2Caw_product_id%2Caw_deep_link%2Caw_image_url%2Caw_thumb_url%2Ccategory_id%2Ccategory_name%2Cbrand_id%2Cbrand_name%2Cmerchant_product_id%2Cmerchant_category%2Cean%2Cproduct_name%2Cdescription%2Cmerchant_deep_link%2Ccurrency%2Csearch_price%2Ccolour%2Csize_stock_amount/"
"100113","Tantaly UK","GB","Not Joined","Awin","111140","productfeed251027","English","","2026-05-15 21:09:35","","72","https://productdata.awin.com/datafeed/download/apikey/fe83c200b3de1c6c14a8a28f5f7162cd/fid/111140/format/csv/language/en/delimiter/%2C/compression/gzip/adultcontent/1/columns/data_feed_id%2Cmerchant_id%2Cmerchant_name%2Caw_product_id%2Caw_deep_link%2Caw_image_url%2Caw_thumb_url%2Ccategory_id%2Ccategory_name%2Cbrand_id%2Cbrand_name%2Cmerchant_product_id%2Cmerchant_category%2Cproduct_name%2Cdescription%2Cmerchant_deep_link%2Cmerchant_image_url%2Ccurrency%2Csearch_price%2Ccolour%2Cproduct_price_old/"
"78850","TantalyDE","DE","Not Joined","Awin","111141","product251027","English","","2026-05-15 21:09:36","","72","https://productdata.awin.com/datafeed/download/apikey/fe83c200b3de1c6c14a8a28f5f7162cd/fid/111141/format/csv/language/en/delimiter/%2C/compression/gzip/columns/data_feed_id%2Cmerchant_id%2Cmerchant_name%2Caw_product_id%2Caw_deep_link%2Caw_image_url%2Caw_thumb_url%2Ccategory_id%2Ccategory_name%2Cbrand_id%2Cbrand_name%2Cmerchant_product_id%2Cmerchant_category%2Cproduct_name%2Cdescription%2Cmerchant_deep_link%2Cmerchant_image_url%2Ccurrency%2Csearch_price%2Ccolour%2Cproduct_price_old/"
"99151","Navimow EU","DE","Not Joined","Awin","111149","Navimow DE Product Feeds 27/10/2025","German","","2026-05-15 21:09:37","","8","https://productdata.awin.com/datafeed/download/apikey/fe83c200b3de1c6c14a8a28f5f7162cd/fid/111149/format/csv/language/de/delimiter/%2C/compression/gzip/columns/data_feed_id%2Cmerchant_id%2Cmerchant_name%2Caw_product_id%2Caw_deep_link%2Caw_image_url%2Caw_thumb_url%2Ccategory_id%2Ccategory_name%2Cbrand_id%2Cbrand_name%2Cmerchant_product_id%2Cmerchant_category%2Cean%2Cproduct_name%2Cdescription%2Cmerchant_deep_link%2Cmerchant_image_url%2Csearch_price%2Cdelivery_cost/"
"99151","Navimow EU","DE","Not Joined","Awin","111150","Navimow FR Product Feeds 19/11/2025","French","","2026-05-15 21:09:38","","8","https://productdata.awin.com/datafeed/download/apikey/fe83c200b3de1c6c14a8a28f5f7162cd/fid/111150/format/csv/language/fr/delimiter/%2C/compression/gzip/columns/data_feed_id%2Cmerchant_id%2Cmerchant_name%2Caw_product_id%2Caw_deep_link%2Caw_image_url%2Caw_thumb_url%2Ccategory_id%2Ccategory_name%2Cbrand_id%2Cbrand_name%2Cmerchant_product_id%2Cmerchant_category%2Cean%2Cproduct_name%2Cdescription%2Cmerchant_deep_link%2Cmerchant_image_url%2Csearch_price%2Cdelivery_cost/"
"121176","DoctorQuality","IT","Not Joined","Awin","111316","Awin Plugin","Italian","","2026-07-28 12:22:42","2026-08-22 12:03:50","53497","https://productdata.awin.com/datafeed/download/apikey/fe83c200b3de1c6c14a8a28f5f7162cd/fid/111316/format/csv/language/it/delimiter/%2C/compression/gzip/columns/data_feed_id%2Cmerchant_id%2Cmerchant_name%2Caw_product_id%2Caw_deep_link%2Caw_image_url%2Caw_thumb_url%2Ccategory_id%2Ccategory_name%2Cbrand_id%2Cbrand_name%2Cmerchant_product_id%2Cmerchant_category%2Cupc%2Cean%2Cisbn%2Cmodel_number%2Cproduct_name%2Cdescription%2Cspecifications%2Cpromotional_text%2Clanguage%2Cmerchant_deep_link%2Cmerchant_image_url%2Cdelivery_time%2Cvalid_from%2Cvalid_to%2Ccurrency%2Csearch_price%2Cstore_price%2Crrp_price%2Cdelivery_cost%2Cin_stock%2Cstock_quantity%2Cis_for_sale%2Cwarranty%2Ccondition%2Cproduct_type%2Cparent_product_id%2Ccommission_group%2Clast_updated%2Cdimensions%2Ccolour%2Ckeywords%2Csaving%2Cdelivery_weight%2Cdelivery_restrictions%2Creviews%2Caverage_rating%2Crating%2Calternate_image%2Clarge_image%2Cbasket_link%2Cproduct_short_description%2Cproduct_model%2Cmerchant_product_category_path%2Cmerchant_product_second_category%2Cmerchant_product_third_category%2Csavings_percent%2Cbase_price%2Cbase_price_amount%2Cbase_price_text%2Cproduct_price_old%2Cstock_status%2Csize_stock_status%2Csize_stock_amount%2Cproduct_GTIN/"
"121546","Modern Comfort Living","GB","Not Joined","Awin","111351","Shopify_Live_Feed","English","","2026-08-22 12:11:03","2026-08-22 12:10:57","2730","https://productdata.awin.com/datafeed/download/apikey/fe83c200b3de1c6c14a8a28f5f7162cd/fid/111351/format/csv/language/en/delimiter/%2C/compression/gzip/adultcontent/1/columns/data_feed_id%2Cmerchant_id%2Cmerchant_name%2Caw_product_id%2Caw_deep_link%2Caw_image_url%2Caw_thumb_url%2Ccategory_id%2Ccategory_name%2Cbrand_id%2Cbrand_name%2Cmerchant_product_id%2Cproduct_name%2Cdescription%2Cmerchant_deep_link%2Cmerchant_image_url%2Ccurrency%2Csearch_price%2Crrp_price%2Cstock_quantity%2Cproduct_type%2Ccolour%2Csize_stock_status%2Cproduct_GTIN/"
"121288","Fazari","US","Not Joined","Awin","111369","Default","English","Fashion","2026-05-15 21:10:06","2026-08-22 12:01:24","417","https://productdata.awin.com/datafeed/download/apikey/fe83c200b3de1c6c14a8a28f5f7162cd/fid/111369/format/csv/language/en/delimiter/%2C/compression/gzip/adultcontent/1/columns/aw_deep_link%2Cproduct_name%2Caw_product_id%2Cmerchant_product_id%2Cmerchant_image_url%2Cdescription%2Cmerchant_category%2Csearch_price%2Cmerchant_name%2Cmerchant_id%2Ccategory_name%2Ccategory_id%2Caw_image_url%2Ccurrency%2Cstore_price%2Cdelivery_cost%2Cmerchant_deep_link%2Clanguage%2Clast_updated%2Cbrand_name%2Cbrand_id%2Ccolour%2Cproduct_short_description%2Cspecifications%2Ccondition%2Cproduct_model%2Cmodel_number%2Cdimensions%2Ckeywords%2Cpromotional_text%2Cproduct_type%2Ccommission_group%2Cmerchant_product_category_path%2Cmerchant_product_second_category%2Cmerchant_product_third_category%2Crrp_price%2Csaving%2Csavings_percent%2Cbase_price%2Cbase_price_amount%2Cbase_price_text%2Cproduct_price_old%2Cdelivery_restrictions%2Cdelivery_weight%2Cwarranty%2Cterms_of_contract%2Cdelivery_time%2Cin_stock%2Cstock_quantity%2Cvalid_from%2Cvalid_to%2Cis_for_sale%2Cweb_offer%2Cpre_order%2Cstock_status%2Csize_stock_status%2Csize_stock_amount%2Cmerchant_thumb_url%2Clarge_image%2Calternate_image%2Caw_thumb_url%2Calternate_image_two%2Calternate_image_three%2Calternate_image_four%2Creviews%2Caverage_rating%2Crating%2Cnumber_available%2Ccustom_1%2Ccustom_2%2Ccustom_3%2Ccustom_4%2Ccustom_5%2Ccustom_6%2Ccustom_7%2Ccustom_8%2Ccustom_9%2Cean%2Cisbn%2Cupc%2Cmpn%2Cparent_product_id%2Cproduct_GTIN%2Cbasket_link%2CFashion%3Acategory%2CFashion%3Amaterial%2CFashion%3Apattern%2CFashion%3Asize%2CFashion%3Asuitable_for%2CFashion%3Aswatch/"
"81383","Carraro BR","BR","Not Joined","Awin","111390","Padrão","Portuguese","","2026-05-15 21:10:08","","456","https://productdata.awin.com/datafeed/download/apikey/fe83c200b3de1c6c14a8a28f5f7162cd/fid/111390/format/csv/language/pt/delimiter/%2C/compression/gzip/columns/data_feed_id%2Cmerchant_id%2Cmerchant_name%2Caw_product_id%2Caw_deep_link%2Caw_image_url%2Caw_thumb_url%2Ccategory_id%2Ccategory_name%2Cbrand_id%2Cbrand_name%2Cmerchant_product_id%2Cproduct_name%2Cmerchant_deep_link%2Csearch_price/"
"120726","SELDOM SEEN STYLES","US","Not Joined","Awin","111395","11.1","English","Fashion","2026-06-09 00:04:17","2026-06-14 00:04:32","42920","https://productdata.awin.com/datafeed/download/apikey/fe83c200b3de1c6c14a8a28f5f7162cd/fid/111395/format/csv/language/en/delimiter/%2C/compression/gzip/adultcontent/1/columns/aw_deep_link%2Cproduct_name%2Caw_product_id%2Cmerchant_product_id%2Cmerchant_image_url%2Cdescription%2Cmerchant_category%2Csearch_price%2Cmerchant_name%2Cmerchant_id%2Ccategory_name%2Ccategory_id%2Caw_image_url%2Ccurrency%2Cstore_price%2Cdelivery_cost%2Cmerchant_deep_link%2Clanguage%2Clast_updated%2Cbrand_name%2Cbrand_id%2Ccolour%2Cproduct_short_description%2Cspecifications%2Ccondition%2Cproduct_model%2Cmodel_number%2Cdimensions%2Ckeywords%2Cpromotional_text%2Cproduct_type%2Ccommission_group%2Cmerchant_product_category_path%2Cmerchant_product_second_category%2Cmerchant_product_third_category%2Crrp_price%2Csaving%2Csavings_percent%2Cbase_price%2Cbase_price_amount%2Cbase_price_text%2Cproduct_price_old%2Cdelivery_restrictions%2Cdelivery_weight%2Cwarranty%2Cterms_of_contract%2Cdelivery_time%2Cin_stock%2Cstock_quantity%2Cvalid_from%2Cvalid_to%2Cis_for_sale%2Cweb_offer%2Cpre_order%2Cstock_status%2Csize_stock_status%2Csize_stock_amount%2Cmerchant_thumb_url%2Clarge_image%2Calternate_image%2Caw_thumb_url%2Calternate_image_two%2Calternate_image_three%2Calternate_image_four%2Creviews%2Caverage_rating%2Crating%2Cnumber_available%2Ccustom_1%2Ccustom_2%2Ccustom_3%2Ccustom_4%2Ccustom_5%2Ccustom_6%2Ccustom_7%2Ccustom_8%2Ccustom_9%2Cean%2Cisbn%2Cupc%2Cmpn%2Cparent_product_id%2Cproduct_GTIN%2Cbasket_link%2CFashion%3Acategory%2CFashion%3Amaterial%2CFashion%3Apattern%2CFashion%3Asize%2CFashion%3Asuitable_for%2CFashion%3Aswatch/"
"119709","Proimage B.V. (NL)","NL","Not Joined","Awin","111543","Default","Dutch","","2026-05-15 21:10:51","","26","https://productdata.awin.com/datafeed/download/apikey/fe83c200b3de1c6c14a8a28f5f7162cd/fid/111543/format/csv/language/nl/delimiter/%2C/compression/gzip/columns/data_feed_id%2Cmerchant_id%2Cmerchant_name%2Caw_product_id%2Caw_deep_link%2Caw_image_url%2Caw_thumb_url%2Ccategory_id%2Ccategory_name%2Cbrand_id%2Cbrand_name%2Cmerchant_product_id%2Cmerchant_category%2Cproduct_name%2Cdescription%2Cmerchant_deep_link%2Cmerchant_image_url%2Csearch_price/"
"61655","Back to the Office","GB","Not Joined","Awin","111663","In Stock Feed","English","","2026-08-22 14:45:44","2026-08-22 14:45:04","36391","https://productdata.awin.com/datafeed/download/apikey/fe83c200b3de1c6c14a8a28f5f7162cd/fid/111663/format/csv/language/en/delimiter/%2C/compression/gzip/adultcontent/1/columns/data_feed_id%2Cmerchant_id%2Cmerchant_name%2Caw_product_id%2Caw_deep_link%2Caw_image_url%2Caw_thumb_url%2Ccategory_id%2Ccategory_name%2Cbrand_id%2Cbrand_name%2Cmerchant_product_id%2Cmerchant_category%2Cean%2Cmpn%2Cproduct_name%2Cdescription%2Cmerchant_deep_link%2Cmerchant_image_url%2Cdelivery_time%2Csearch_price%2Cdelivery_cost%2Cproduct_type/"
"99151","Navimow EU","DE","Not Joined","Awin","111829","Navimow SE Product Feeds 19/11/2025","Swedish","","2026-05-15 21:14:37","","8","https://productdata.awin.com/datafeed/download/apikey/fe83c200b3de1c6c14a8a28f5f7162cd/fid/111829/format/csv/language/sv/delimiter/%2C/compression/gzip/columns/data_feed_id%2Cmerchant_id%2Cmerchant_name%2Caw_product_id%2Caw_deep_link%2Caw_image_url%2Caw_thumb_url%2Ccategory_id%2Ccategory_name%2Cbrand_id%2Cbrand_name%2Cmerchant_product_id%2Cmerchant_category%2Cean%2Cproduct_name%2Cdescription%2Cmerchant_deep_link%2Cmerchant_image_url%2Csearch_price%2Cdelivery_cost/"
"38872","Bazta BE","BE","Not Joined","Awin","111943","Awin - Discounted Price","Dutch","","2026-08-22 16:12:54","2026-08-22 16:12:47","2376","https://productdata.awin.com/datafeed/download/apikey/fe83c200b3de1c6c14a8a28f5f7162cd/fid/111943/format/csv/language/nl/delimiter/%2C/compression/gzip/columns/data_feed_id%2Cmerchant_id%2Cmerchant_name%2Caw_product_id%2Caw_deep_link%2Caw_image_url%2Caw_thumb_url%2Ccategory_id%2Ccategory_name%2Cbrand_id%2Cbrand_name%2Cmerchant_product_id%2Cmerchant_category%2Cmpn%2Cproduct_name%2Cdescription%2Cmerchant_deep_link%2Cmerchant_image_url%2Csearch_price%2Cdelivery_cost%2Cweb_offer%2Cpre_order%2Cin_stock%2Cstock_quantity%2Cis_for_sale%2Ccondition%2Ccommission_group%2Ccolour%2Ccustom_1%2Calternate_image%2Cmerchant_product_category_path%2Cmerchant_product_second_category%2Cmerchant_product_third_category%2Cproduct_GTIN/"
"119277","Bazta FI","FI","Not Joined","Awin","111944","Awin - Discounted Price","Finnish","","2026-08-22 16:12:55","2026-08-22 16:12:47","2248","https://productdata.awin.com/datafeed/download/apikey/fe83c200b3de1c6c14a8a28f5f7162cd/fid/111944/format/csv/language/fi/delimiter/%2C/compression/gzip/columns/data_feed_id%2Cmerchant_id%2Cmerchant_name%2Caw_product_id%2Caw_deep_link%2Caw_image_url%2Caw_thumb_url%2Ccategory_id%2Ccategory_name%2Cbrand_id%2Cbrand_name%2Cmerchant_product_id%2Cmerchant_category%2Cmpn%2Cproduct_name%2Cdescription%2Cmerchant_deep_link%2Cmerchant_image_url%2Csearch_price%2Cdelivery_cost%2Cweb_offer%2Cpre_order%2Cstock_quantity%2Cis_for_sale%2Ccondition%2Ccommission_group%2Ccolour%2Ccustom_1%2Calternate_image%2Cmerchant_product_category_path%2Cmerchant_product_second_category%2Cmerchant_product_third_category%2Cstock_status%2Cproduct_GTIN/"
"116033","Bazta IE","IE","Not Joined","Awin","111945","Awin - Discounted Price","English","","2026-08-22 16:15:57","2026-08-22 16:15:50","2338","https://productdata.awin.com/datafeed/download/apikey/fe83c200b3de1c6c14a8a28f5f7162cd/fid/111945/format/csv/language/en/delimiter/%2C/compression/gzip/adultcontent/1/columns/data_feed_id%2Cmerchant_id%2Cmerchant_name%2Caw_product_id%2Caw_deep_link%2Caw_image_url%2Caw_thumb_url%2Ccategory_id%2Ccategory_name%2Cbrand_id%2Cbrand_name%2Cmerchant_product_id%2Cmerchant_category%2Cmpn%2Cproduct_name%2Cdescription%2Cmerchant_deep_link%2Cmerchant_image_url%2Csearch_price%2Cdelivery_cost%2Cweb_offer%2Cpre_order%2Cstock_quantity%2Cis_for_sale%2Ccondition%2Ccommission_group%2Ccolour%2Ccustom_1%2Calternate_image%2Cmerchant_product_category_path%2Cmerchant_product_second_category%2Cmerchant_product_third_category%2Cstock_status%2Cproduct_GTIN/"
"38874","Bazta NL","NL","Not Joined","Awin","111946","Awin - Discounted Price","Dutch","","2026-08-22 16:16:13","2026-08-22 16:16:07","2376","https://productdata.awin.com/datafeed/download/apikey/fe83c200b3de1c6c14a8a28f5f7162cd/fid/111946/format/csv/language/nl/delimiter/%2C/compression/gzip/columns/data_feed_id%2Cmerchant_id%2Cmerchant_name%2Caw_product_id%2Caw_deep_link%2Caw_image_url%2Caw_thumb_url%2Ccategory_id%2Ccategory_name%2Cbrand_id%2Cbrand_name%2Cmerchant_product_id%2Cmerchant_category%2Cmpn%2Cproduct_name%2Cdescription%2Cmerchant_deep_link%2Cmerchant_image_url%2Csearch_price%2Cdelivery_cost%2Cweb_offer%2Cpre_order%2Cstock_quantity%2Cis_for_sale%2Ccondition%2Ccommission_group%2Ccolour%2Ccustom_1%2Ccustom_2%2Calternate_image%2Cmerchant_product_category_path%2Cmerchant_product_second_category%2Cmerchant_product_third_category%2Cstock_status%2Cproduct_GTIN/"
"38110","Bazta SE","SE","Not Joined","Awin","111947","Awin - Discounted Price","Swedish","","2026-08-22 16:15:56","2026-08-22 16:15:50","2375","https://productdata.awin.com/datafeed/download/apikey/fe83c200b3de1c6c14a8a28f5f7162cd/fid/111947/format/csv/language/sv/delimiter/%2C/compression/gzip/columns/data_feed_id%2Cmerchant_id%2Cmerchant_name%2Caw_product_id%2Caw_deep_link%2Caw_image_url%2Caw_thumb_url%2Ccategory_id%2Ccategory_name%2Cbrand_id%2Cbrand_name%2Cmerchant_product_id%2Cmerchant_category%2Cmpn%2Cproduct_name%2Cdescription%2Cmerchant_deep_link%2Cmerchant_image_url%2Csearch_price%2Cdelivery_cost%2Cweb_offer%2Cpre_order%2Cstock_quantity%2Cis_for_sale%2Ccondition%2Ccommission_group%2Ccolour%2Ccustom_1%2Calternate_image%2Cmerchant_product_category_path%2Cmerchant_product_second_category%2Cmerchant_product_third_category%2Cstock_status%2Cproduct_GTIN/"
"116097","Bazta UK","GB","Not Joined","Awin","111948","Awin - Discounted Price","English","","2026-08-22 16:15:56","2026-08-22 16:15:50","2309","https://productdata.awin.com/datafeed/download/apikey/fe83c200b3de1c6c14a8a28f5f7162cd/fid/111948/format/csv/language/en/delimiter/%2C/compression/gzip/adultcontent/1/columns/data_feed_id%2Cmerchant_id%2Cmerchant_name%2Caw_product_id%2Caw_deep_link%2Caw_image_url%2Caw_thumb_url%2Ccategory_id%2Ccategory_name%2Cbrand_id%2Cbrand_name%2Cmerchant_product_id%2Cmerchant_category%2Cmpn%2Cproduct_name%2Cdescription%2Cmerchant_deep_link%2Cmerchant_image_url%2Csearch_price%2Cdelivery_cost%2Cweb_offer%2Cpre_order%2Cin_stock%2Cstock_quantity%2Cis_for_sale%2Ccondition%2Ccommission_group%2Ccolour%2Ccustom_1%2Calternate_image%2Cmerchant_product_category_path%2Cmerchant_product_second_category%2Cmerchant_product_third_category%2Cproduct_GTIN/"
"115743","Plusshop FI","FI","Not Joined","Awin","111949","Awin - Discounted Price","Finnish","","2026-08-21 19:04:07","2026-08-22 11:03:17","2380","https://productdata.awin.com/datafeed/download/apikey/fe83c200b3de1c6c14a8a28f5f7162cd/fid/111949/format/csv/language/fi/delimiter/%2C/compression/gzip/columns/data_feed_id%2Cmerchant_id%2Cmerchant_name%2Caw_product_id%2Caw_deep_link%2Caw_image_url%2Caw_thumb_url%2Ccategory_id%2Ccategory_name%2Cbrand_id%2Cbrand_name%2Cmerchant_product_id%2Cmerchant_category%2Cmpn%2Cproduct_name%2Cdescription%2Cmerchant_deep_link%2Cmerchant_image_url%2Csearch_price%2Cdelivery_cost%2Cweb_offer%2Cpre_order%2Cin_stock%2Cstock_quantity%2Cis_for_sale%2Ccondition%2Ccommission_group%2Ccolour%2Ccustom_1%2Calternate_image%2Cmerchant_product_category_path%2Cmerchant_product_second_category%2Cmerchant_product_third_category%2Cproduct_GTIN/"
"69306","Plusshop UK","GB","Not Joined","Awin","111951","Awin - Discounted Price","English","","2026-08-22 16:15:56","2026-08-22 16:15:49","2310","https://productdata.awin.com/datafeed/download/apikey/fe83c200b3de1c6c14a8a28f5f7162cd/fid/111951/format/csv/language/en/delimiter/%2C/compression/gzip/adultcontent/1/columns/data_feed_id%2Cmerchant_id%2Cmerchant_name%2Caw_product_id%2Caw_deep_link%2Caw_image_url%2Caw_thumb_url%2Ccategory_id%2Ccategory_name%2Cbrand_id%2Cbrand_name%2Cmerchant_product_id%2Cmerchant_category%2Cmpn%2Cproduct_name%2Cdescription%2Cmerchant_deep_link%2Cmerchant_image_url%2Csearch_price%2Cdelivery_cost%2Cweb_offer%2Cpre_order%2Cin_stock%2Cstock_quantity%2Cis_for_sale%2Ccondition%2Ccommission_group%2Ccolour%2Ccustom_1%2Calternate_image%2Cmerchant_product_category_path%2Cmerchant_product_second_category%2Cmerchant_product_third_category%2Ccustom_9%2Cproduct_GTIN/"
"69420","Brandsaver BE","BE","Not Joined","Awin","111982","Awin - Discounted Price","Dutch","","2026-08-22 16:15:33","2026-08-22 16:15:27","2376","https://productdata.awin.com/datafeed/download/apikey/fe83c200b3de1c6c14a8a28f5f7162cd/fid/111982/format/csv/language/nl/delimiter/%2C/compression/gzip/columns/data_feed_id%2Cmerchant_id%2Cmerchant_name%2Caw_product_id%2Caw_deep_link%2Caw_image_url%2Caw_thumb_url%2Ccategory_id%2Ccategory_name%2Cbrand_id%2Cbrand_name%2Cmerchant_product_id%2Cmerchant_category%2Cmpn%2Cproduct_name%2Cdescription%2Cmerchant_deep_link%2Cmerchant_image_url%2Csearch_price%2Cdelivery_cost%2Cweb_offer%2Cpre_order%2Cstock_quantity%2Cis_for_sale%2Ccondition%2Ccommission_group%2Ccolour%2Ccustom_1%2Calternate_image%2Cmerchant_product_category_path%2Cmerchant_product_second_category%2Cmerchant_product_third_category%2Cstock_status%2Ccustom_9%2Cproduct_GTIN/"
"69308","Brandsaver NL","NL","Not Joined","Awin","111983","Awin - Discounted Price","Dutch","","2026-08-22 16:15:15","2026-08-22 16:15:09","2377","https://productdata.awin.com/datafeed/download/apikey/fe83c200b3de1c6c14a8a28f5f7162cd/fid/111983/format/csv/language/nl/delimiter/%2C/compression/gzip/columns/data_feed_id%2Cmerchant_id%2Cmerchant_name%2Caw_product_id%2Caw_deep_link%2Caw_image_url%2Caw_thumb_url%2Ccategory_id%2Ccategory_name%2Cbrand_id%2Cbrand_name%2Cmerchant_product_id%2Cmerchant_category%2Cmpn%2Cproduct_name%2Cdescription%2Cmerchant_deep_link%2Cmerchant_image_url%2Csearch_price%2Cdelivery_cost%2Cweb_offer%2Cpre_order%2Cin_stock%2Cstock_quantity%2Cis_for_sale%2Ccondition%2Ccommission_group%2Ccustom_1%2Calternate_image%2Cmerchant_product_category_path%2Cmerchant_product_second_category%2Cmerchant_product_third_category%2Ccustom_9%2Cproduct_GTIN/"
"29511","Plusshop IE","IE","Not Joined","Awin","111984","Awin - Discounted Price","English","","2026-08-22 16:15:15","2026-08-22 16:15:09","2338","https://productdata.awin.com/datafeed/download/apikey/fe83c200b3de1c6c14a8a28f5f7162cd/fid/111984/format/csv/language/en/delimiter/%2C/compression/gzip/adultcontent/1/columns/data_feed_id%2Cmerchant_id%2Cmerchant_name%2Caw_product_id%2Caw_deep_link%2Caw_image_url%2Caw_thumb_url%2Ccategory_id%2Ccategory_name%2Cbrand_id%2Cbrand_name%2Cmerchant_product_id%2Cmerchant_category%2Cmpn%2Cproduct_name%2Cdescription%2Cmerchant_deep_link%2Cmerchant_image_url%2Csearch_price%2Cdelivery_cost%2Cweb_offer%2Cpre_order%2Cin_stock%2Cstock_quantity%2Cis_for_sale%2Ccondition%2Ccommission_group%2Ccolour%2Ccustom_1%2Calternate_image%2Cmerchant_product_category_path%2Cmerchant_product_second_category%2Cmerchant_product_third_category%2Ccustom_9%2Cproduct_GTIN/"
"16274","Plusshop SE","SE","Not Joined","Awin","111985","Awin - Discounted Price","Swedish","","2026-08-22 16:15:15","2026-08-22 16:15:09","2376","https://productdata.awin.com/datafeed/download/apikey/fe83c200b3de1c6c14a8a28f5f7162cd/fid/111985/format/csv/language/sv/delimiter/%2C/compression/gzip/columns/data_feed_id%2Cmerchant_id%2Cmerchant_name%2Caw_product_id%2Caw_deep_link%2Caw_image_url%2Caw_thumb_url%2Ccategory_id%2Ccategory_name%2Cbrand_id%2Cbrand_name%2Cmerchant_product_id%2Cmerchant_category%2Cmpn%2Cproduct_name%2Cdescription%2Cmerchant_deep_link%2Cmerchant_image_url%2Csearch_price%2Cdelivery_cost%2Cweb_offer%2Cpre_order%2Cin_stock%2Cstock_quantity%2Cis_for_sale%2Ccondition%2Ccommission_group%2Ccolour%2Ccustom_1%2Calternate_image%2Cmerchant_product_category_path%2Cmerchant_product_second_category%2Cmerchant_product_third_category%2Ccustom_9%2Cproduct_GTIN/"
"122382","Watch Enclave","GB","Not Joined","Awin","112068","Watch Enclave Shopify Feed","English","Fashion","2026-08-22 06:20:35","2026-08-22 16:04:06","979","https://productdata.awin.com/datafeed/download/apikey/fe83c200b3de1c6c14a8a28f5f7162cd/fid/112068/format/csv/language/en/delimiter/%2C/compression/gzip/adultcontent/1/columns/data_feed_id%2Cmerchant_id%2Cmerchant_name%2Caw_product_id%2Caw_deep_link%2Caw_image_url%2Caw_thumb_url%2Ccategory_id%2Ccategory_name%2Cbrand_id%2Cbrand_name%2Cmerchant_product_id%2Cmerchant_category%2Cean%2Cmpn%2Cproduct_name%2Cdescription%2Cmerchant_deep_link%2Cmerchant_image_url%2Cdelivery_time%2Ccurrency%2Csearch_price%2Cdelivery_cost%2Cin_stock%2Cstock_quantity%2Ccondition%2Cproduct_type%2Ccolour%2Ccustom_1%2Ccustom_2%2CFashion%3Asize%2Calternate_image%2Cproduct_price_old%2Calternate_image_two%2Calternate_image_three%2Cproduct_GTIN%2Calternate_image_four/"
"113756","Macian","GB","Not Joined","Awin","112141","Macian USD By Size","English","Fashion","2026-05-15 21:16:29","","166","https://productdata.awin.com/datafeed/download/apikey/fe83c200b3de1c6c14a8a28f5f7162cd/fid/112141/format/csv/language/en/delimiter/%2C/compression/gzip/adultcontent/1/columns/data_feed_id%2Cmerchant_id%2Cmerchant_name%2Caw_product_id%2Caw_deep_link%2Caw_image_url%2Caw_thumb_url%2Ccategory_id%2Ccategory_name%2Cbrand_id%2Cbrand_name%2Cmerchant_product_id%2Cmerchant_category%2Cproduct_name%2Cdescription%2Cmerchant_deep_link%2Cmerchant_image_url%2Ccurrency%2Csearch_price%2Ccondition%2Ccolour%2Ccustom_1%2Ccustom_2%2Ccustom_3%2Ccustom_4%2Ccustom_5%2CFashion%3Asize%2CFashion%3Amaterial%2Calternate_image%2Cstock_status%2Calternate_image_two%2Calternate_image_three%2Calternate_image_four/"
"113756","Macian","GB","Not Joined","Awin","112237","Default","English","Fashion","2026-05-15 21:17:43","","166","https://productdata.awin.com/datafeed/download/apikey/fe83c200b3de1c6c14a8a28f5f7162cd/fid/112237/format/csv/language/en/delimiter/%2C/compression/gzip/adultcontent/1/columns/data_feed_id%2Cmerchant_id%2Cmerchant_name%2Caw_product_id%2Caw_deep_link%2Caw_image_url%2Caw_thumb_url%2Ccategory_id%2Ccategory_name%2Cbrand_id%2Cbrand_name%2Cmerchant_product_id%2Cmerchant_category%2Cproduct_name%2Cdescription%2Cmerchant_deep_link%2Cmerchant_image_url%2Ccurrency%2Csearch_price%2Ccondition%2Ccolour%2Ccustom_1%2Ccustom_2%2Ccustom_3%2Ccustom_4%2Ccustom_5%2CFashion%3Asize%2CFashion%3Amaterial%2Calternate_image%2Cstock_status%2Calternate_image_two%2Calternate_image_three%2Calternate_image_four/"
"122084","Keppi","US","Not Joined","Awin","112281","Keppi Shopify Products","English","","2026-08-22 00:01:05","2026-08-22 00:01:01","56","https://productdata.awin.com/datafeed/download/apikey/fe83c200b3de1c6c14a8a28f5f7162cd/fid/112281/format/csv/language/en/delimiter/%2C/compression/gzip/adultcontent/1/columns/aw_deep_link%2Cproduct_name%2Caw_product_id%2Cmerchant_product_id%2Cmerchant_image_url%2Cdescription%2Cmerchant_category%2Csearch_price%2Cmerchant_name%2Cmerchant_id%2Ccategory_name%2Ccategory_id%2Caw_image_url%2Ccurrency%2Cstore_price%2Cdelivery_cost%2Cmerchant_deep_link%2Clanguage%2Clast_updated%2Cbrand_name%2Cbrand_id%2Ccolour%2Cproduct_short_description%2Cspecifications%2Ccondition%2Cproduct_model%2Cmodel_number%2Cdimensions%2Ckeywords%2Cpromotional_text%2Cproduct_type%2Ccommission_group%2Cmerchant_product_category_path%2Cmerchant_product_second_category%2Cmerchant_product_third_category%2Crrp_price%2Csaving%2Csavings_percent%2Cbase_price%2Cbase_price_amount%2Cbase_price_text%2Cproduct_price_old%2Cdelivery_restrictions%2Cdelivery_weight%2Cwarranty%2Cterms_of_contract%2Cdelivery_time%2Cin_stock%2Cstock_quantity%2Cvalid_from%2Cvalid_to%2Cis_for_sale%2Cweb_offer%2Cpre_order%2Cstock_status%2Csize_stock_status%2Csize_stock_amount%2Cmerchant_thumb_url%2Clarge_image%2Calternate_image%2Caw_thumb_url%2Calternate_image_two%2Calternate_image_three%2Calternate_image_four%2Creviews%2Caverage_rating%2Crating%2Cnumber_available%2Ccustom_1%2Ccustom_2%2Ccustom_3%2Ccustom_4%2Ccustom_5%2Ccustom_6%2Ccustom_7%2Ccustom_8%2Ccustom_9%2Cean%2Cisbn%2Cupc%2Cmpn%2Cparent_product_id%2Cproduct_GTIN%2Cbasket_link/"
"122860","Perfumeza SE","SE","Not Joined","Awin","112410","Perfumeza SE","Swedish","","2026-05-21 08:35:04","2026-05-26 08:01:47","842","https://productdata.awin.com/datafeed/download/apikey/fe83c200b3de1c6c14a8a28f5f7162cd/fid/112410/format/csv/language/sv/delimiter/%2C/compression/gzip/columns/data_feed_id%2Cmerchant_id%2Cmerchant_name%2Caw_product_id%2Caw_deep_link%2Caw_image_url%2Caw_thumb_url%2Ccategory_id%2Ccategory_name%2Cbrand_id%2Cbrand_name%2Cmerchant_product_id%2Cmerchant_category%2Cean%2Cproduct_name%2Cdescription%2Cmerchant_deep_link%2Cmerchant_image_url%2Cdelivery_time%2Csearch_price%2Cdelivery_cost%2Cstock_quantity/"
"107524","Dowinx (EU)","US","Not Joined","Awin","112471","EN","English","","2026-05-15 21:21:18","2025-12-15 10:38:55","81","https://productdata.awin.com/datafeed/download/apikey/fe83c200b3de1c6c14a8a28f5f7162cd/fid/112471/format/csv/language/en/delimiter/%2C/compression/gzip/adultcontent/1/columns/data_feed_id%2Cmerchant_id%2Cmerchant_name%2Caw_product_id%2Caw_deep_link%2Caw_image_url%2Caw_thumb_url%2Ccategory_id%2Ccategory_name%2Cbrand_id%2Cbrand_name%2Cmerchant_product_id%2Cmerchant_category%2Cmpn%2Cproduct_name%2Cdescription%2Cmerchant_deep_link%2Cmerchant_image_url%2Csearch_price%2Cin_stock%2Ccondition%2Cparent_product_id%2Ccolour%2Calternate_image_two%2Cproduct_GTIN/"
"75674","Boxed2me","GB","Not Joined","Awin","112482","Boxed2me","English","","2026-08-22 02:04:18","2026-08-22 13:03:52","7421","https://productdata.awin.com/datafeed/download/apikey/fe83c200b3de1c6c14a8a28f5f7162cd/fid/112482/format/csv/language/en/delimiter/%2C/compression/gzip/adultcontent/1/columns/data_feed_id%2Cmerchant_id%2Cmerchant_name%2Caw_product_id%2Caw_deep_link%2Caw_image_url%2Caw_thumb_url%2Ccategory_id%2Ccategory_name%2Cbrand_id%2Cbrand_name%2Cmerchant_product_id%2Cmerchant_category%2Cean%2Cmpn%2Cmodel_number%2Cproduct_name%2Cdescription%2Cmerchant_deep_link%2Cmerchant_image_url%2Csearch_price%2Cin_stock%2Ccondition%2Cproduct_type%2Cdelivery_weight%2Calternate_image/"
"122824","Lets Buy Books","GB","Not Joined","Awin","112530","Default","English","","2026-08-22 14:31:56","2026-08-22 14:31:34","5419","https://productdata.awin.com/datafeed/download/apikey/fe83c200b3de1c6c14a8a28f5f7162cd/fid/112530/format/csv/language/en/delimiter/%2C/compression/gzip/adultcontent/1/columns/data_feed_id%2Cmerchant_id%2Cmerchant_name%2Caw_product_id%2Caw_deep_link%2Caw_image_url%2Caw_thumb_url%2Ccategory_id%2Ccategory_name%2Cbrand_id%2Cbrand_name%2Cmerchant_product_id%2Cmerchant_category%2Cean%2Cmpn%2Cproduct_name%2Cdescription%2Cmerchant_deep_link%2Cmerchant_image_url%2Cdelivery_time%2Ccurrency%2Csearch_price%2Cdelivery_cost%2Cin_stock%2Cstock_quantity%2Ccondition%2Cproduct_type%2Ccolour%2Ccustom_1%2Calternate_image%2Cproduct_price_old%2Calternate_image_two%2Calternate_image_three%2Calternate_image_four/"
"116359","Santean Bracelets","US","Not Joined","Awin","112532","Gem Jewelry Product Feed","English","Fashion","2026-07-28 06:02:06","2026-08-22 12:01:49","73","https://productdata.awin.com/datafeed/download/apikey/fe83c200b3de1c6c14a8a28f5f7162cd/fid/112532/format/csv/language/en/delimiter/%2C/compression/gzip/adultcontent/1/columns/data_feed_id%2Cmerchant_id%2Cmerchant_name%2Caw_product_id%2Caw_deep_link%2Caw_image_url%2Caw_thumb_url%2Ccategory_id%2Ccategory_name%2Cbrand_id%2Cbrand_name%2Cmerchant_product_id%2Cmerchant_category%2Cproduct_name%2Cdescription%2Cmerchant_deep_link%2Cmerchant_image_url%2Csearch_price%2Clast_updated%2Ckeywords/"
"107524","Dowinx (EU)","US","Not Joined","Awin","112536","EN2","English","","2026-05-15 21:24:41","2026-08-22 12:01:14","183","https://productdata.awin.com/datafeed/download/apikey/fe83c200b3de1c6c14a8a28f5f7162cd/fid/112536/format/csv/language/en/delimiter/%2C/compression/gzip/adultcontent/1/columns/data_feed_id%2Cmerchant_id%2Cmerchant_name%2Caw_product_id%2Caw_deep_link%2Caw_image_url%2Caw_thumb_url%2Ccategory_id%2Ccategory_name%2Cbrand_id%2Cbrand_name%2Cmerchant_product_id%2Cmerchant_category%2Cmpn%2Cproduct_name%2Cdescription%2Cmerchant_deep_link%2Cmerchant_image_url%2Csearch_price%2Cin_stock%2Ccondition%2Cparent_product_id%2Ccolour%2Calternate_image_two%2Cproduct_GTIN/"
"20134","Muscle Research Legal Anabolics","GB","Not Joined","Awin","112635","Google Shopping","English","","2026-05-15 21:25:00","2025-12-17 13:32:44","34","https://productdata.awin.com/datafeed/download/apikey/fe83c200b3de1c6c14a8a28f5f7162cd/fid/112635/format/csv/language/en/delimiter/%2C/compression/gzip/adultcontent/1/columns/data_feed_id%2Cmerchant_id%2Cmerchant_name%2Caw_product_id%2Caw_deep_link%2Caw_image_url%2Caw_thumb_url%2Ccategory_id%2Ccategory_name%2Cbrand_id%2Cbrand_name%2Cmerchant_product_id%2Cmerchant_category%2Cproduct_name%2Cdescription%2Cmerchant_deep_link%2Cmerchant_image_url%2Csearch_price/"
"28347","Sals Forever Flowers Ltd","GB","Not Joined","Awin","112684","Default","English","","2026-05-15 21:25:35","","38","https://productdata.awin.com/datafeed/download/apikey/fe83c200b3de1c6c14a8a28f5f7162cd/fid/112684/format/csv/language/en/delimiter/%2C/compression/gzip/adultcontent/1/columns/data_feed_id%2Cmerchant_id%2Cmerchant_name%2Caw_product_id%2Caw_deep_link%2Caw_image_url%2Caw_thumb_url%2Ccategory_id%2Ccategory_name%2Cbrand_id%2Cbrand_name%2Cmerchant_product_id%2Cproduct_name%2Cmerchant_deep_link%2Csearch_price%2Calternate_image/"
"123248","Opulensi Perfumes Lattafa Sapil Anfar","GB","Not Joined","Awin","112686","Awin","English","","2026-08-17 13:01:29","2026-08-22 15:01:13","610","https://productdata.awin.com/datafeed/download/apikey/fe83c200b3de1c6c14a8a28f5f7162cd/fid/112686/format/csv/language/en/delimiter/%2C/compression/gzip/adultcontent/1/columns/aw_deep_link%2Cproduct_name%2Caw_product_id%2Cmerchant_product_id%2Cmerchant_image_url%2Cdescription%2Cmerchant_category%2Csearch_price%2Cmerchant_name%2Cmerchant_id%2Ccategory_name%2Ccategory_id%2Caw_image_url%2Ccurrency%2Cstore_price%2Cdelivery_cost%2Cmerchant_deep_link%2Clanguage%2Clast_updated%2Cbrand_name%2Cbrand_id%2Ccolour%2Cproduct_short_description%2Cspecifications%2Ccondition%2Cproduct_model%2Cmodel_number%2Cdimensions%2Ckeywords%2Cpromotional_text%2Cproduct_type%2Ccommission_group%2Cmerchant_product_category_path%2Cmerchant_product_second_category%2Cmerchant_product_third_category%2Crrp_price%2Csaving%2Csavings_percent%2Cbase_price%2Cbase_price_amount%2Cbase_price_text%2Cproduct_price_old%2Cdelivery_restrictions%2Cdelivery_weight%2Cwarranty%2Cterms_of_contract%2Cdelivery_time%2Cin_stock%2Cstock_quantity%2Cvalid_from%2Cvalid_to%2Cis_for_sale%2Cweb_offer%2Cpre_order%2Cstock_status%2Csize_stock_status%2Csize_stock_amount%2Cmerchant_thumb_url%2Clarge_image%2Calternate_image%2Caw_thumb_url%2Calternate_image_two%2Calternate_image_three%2Calternate_image_four%2Creviews%2Caverage_rating%2Crating%2Cnumber_available%2Ccustom_1%2Ccustom_2%2Ccustom_3%2Ccustom_4%2Ccustom_5%2Ccustom_6%2Ccustom_7%2Ccustom_8%2Ccustom_9%2Cean%2Cisbn%2Cupc%2Cmpn%2Cparent_product_id%2Cproduct_GTIN%2Cbasket_link/"
"118553","Black Canyon Home & Body","US","Not Joined","Awin","112689","SHOPIFY","English","","2026-08-22 08:02:17","2026-08-22 15:04:51","6267","https://productdata.awin.com/datafeed/download/apikey/fe83c200b3de1c6c14a8a28f5f7162cd/fid/112689/format/csv/language/en/delimiter/%2C/compression/gzip/adultcontent/1/columns/aw_deep_link%2Cproduct_name%2Caw_product_id%2Cmerchant_product_id%2Cmerchant_image_url%2Cdescription%2Cmerchant_category%2Csearch_price%2Cmerchant_name%2Cmerchant_id%2Ccategory_name%2Ccategory_id%2Caw_image_url%2Ccurrency%2Cstore_price%2Cdelivery_cost%2Cmerchant_deep_link%2Clanguage%2Clast_updated%2Cbrand_name%2Cbrand_id%2Ccolour%2Cproduct_short_description%2Cspecifications%2Ccondition%2Cproduct_model%2Cmodel_number%2Cdimensions%2Ckeywords%2Cpromotional_text%2Cproduct_type%2Ccommission_group%2Cmerchant_product_category_path%2Cmerchant_product_second_category%2Cmerchant_product_third_category%2Crrp_price%2Csaving%2Csavings_percent%2Cbase_price%2Cbase_price_amount%2Cbase_price_text%2Cproduct_price_old%2Cdelivery_restrictions%2Cdelivery_weight%2Cwarranty%2Cterms_of_contract%2Cdelivery_time%2Cin_stock%2Cstock_quantity%2Cvalid_from%2Cvalid_to%2Cis_for_sale%2Cweb_offer%2Cpre_order%2Cstock_status%2Csize_stock_status%2Csize_stock_amount%2Cmerchant_thumb_url%2Clarge_image%2Calternate_image%2Caw_thumb_url%2Calternate_image_two%2Calternate_image_three%2Calternate_image_four%2Creviews%2Caverage_rating%2Crating%2Cnumber_available%2Ccustom_1%2Ccustom_2%2Ccustom_3%2Ccustom_4%2Ccustom_5%2Ccustom_6%2Ccustom_7%2Ccustom_8%2Ccustom_9%2Cean%2Cisbn%2Cupc%2Cmpn%2Cparent_product_id%2Cproduct_GTIN%2Cbasket_link/"
"122924","iBstone","US","Not Joined","Awin","112733","ibstone hearing aids","English","","2026-05-15 21:26:42","","8","https://productdata.awin.com/datafeed/download/apikey/fe83c200b3de1c6c14a8a28f5f7162cd/fid/112733/format/csv/language/en/delimiter/%2C/compression/gzip/adultcontent/1/columns/data_feed_id%2Cmerchant_id%2Cmerchant_name%2Caw_product_id%2Caw_deep_link%2Caw_image_url%2Caw_thumb_url%2Ccategory_id%2Ccategory_name%2Cbrand_id%2Cbrand_name%2Cmerchant_product_id%2Cmerchant_category%2Cproduct_name%2Cdescription%2Cmerchant_deep_link%2Cmerchant_image_url%2Csearch_price/"
"117675","Qumi","US","Not Joined","Awin","112813","Default","English","","2026-05-15 21:27:16","","170","https://productdata.awin.com/datafeed/download/apikey/fe83c200b3de1c6c14a8a28f5f7162cd/fid/112813/format/csv/language/en/delimiter/%2C/compression/gzip/adultcontent/1/columns/data_feed_id%2Cmerchant_id%2Cmerchant_name%2Caw_product_id%2Caw_deep_link%2Caw_image_url%2Caw_thumb_url%2Ccategory_id%2Ccategory_name%2Cbrand_id%2Cbrand_name%2Cmerchant_product_id%2Cmerchant_category%2Cupc%2Cean%2Cisbn%2Cmodel_number%2Cproduct_name%2Cdescription%2Cspecifications%2Cpromotional_text%2Clanguage%2Cmerchant_deep_link%2Cmerchant_image_url%2Cdelivery_time%2Cvalid_from%2Cvalid_to%2Ccurrency%2Csearch_price%2Cstore_price%2Crrp_price%2Cdelivery_cost%2Cin_stock%2Cstock_quantity%2Cis_for_sale%2Cwarranty%2Ccondition%2Cproduct_type%2Cparent_product_id%2Ccommission_group%2Clast_updated%2Cdimensions%2Ccolour%2Ckeywords%2Csaving%2Cdelivery_weight%2Cdelivery_restrictions%2Creviews%2Caverage_rating%2Crating%2Calternate_image%2Clarge_image%2Cbasket_link%2Cproduct_short_description%2Cproduct_model%2Cmerchant_product_category_path%2Cmerchant_product_second_category%2Cmerchant_product_third_category%2Csavings_percent%2Cbase_price%2Cbase_price_amount%2Cbase_price_text%2Cproduct_price_old%2Cstock_status%2Csize_stock_status%2Csize_stock_amount%2Cproduct_GTIN/"
"123502","TurboTech Co.","US","Not Joined","Awin","112893","TurboTech Co Products","English","","2026-08-22 16:15:16","2026-08-22 16:15:12","728","https://productdata.awin.com/datafeed/download/apikey/fe83c200b3de1c6c14a8a28f5f7162cd/fid/112893/format/csv/language/en/delimiter/%2C/compression/gzip/adultcontent/1/columns/data_feed_id%2Cmerchant_id%2Cmerchant_name%2Caw_product_id%2Caw_deep_link%2Caw_image_url%2Caw_thumb_url%2Ccategory_id%2Ccategory_name%2Cbrand_id%2Cbrand_name%2Cmerchant_product_id%2Cmerchant_category%2Cproduct_name%2Cdescription%2Cmerchant_deep_link%2Cmerchant_image_url%2Ccurrency%2Csearch_price%2Cdelivery_cost%2Cin_stock%2Ccondition%2Ccommission_group%2Ccolour%2Calternate_image%2Clarge_image/"
"114180","Sinocare","ES","Not Joined","Awin","113177","Sinocare French feed","French","","2026-08-18 10:19:05","2026-08-22 15:01:35","17","https://productdata.awin.com/datafeed/download/apikey/fe83c200b3de1c6c14a8a28f5f7162cd/fid/113177/format/csv/language/fr/delimiter/%2C/compression/gzip/columns/data_feed_id%2Cmerchant_id%2Cmerchant_name%2Caw_product_id%2Caw_deep_link%2Caw_image_url%2Caw_thumb_url%2Ccategory_id%2Ccategory_name%2Cbrand_id%2Cbrand_name%2Cmerchant_product_id%2Cmerchant_category%2Cean%2Cmpn%2Cproduct_name%2Cdescription%2Cmerchant_deep_link%2Cmerchant_image_url%2Cdelivery_time%2Ccurrency%2Csearch_price%2Cdelivery_cost%2Cproduct_type%2Cproduct_model/"
"123666","MOJAWA, LLC","US","Not Joined","Awin","113182","Feed(2026.1.22)","English","","2026-05-15 21:29:10","","20","https://productdata.awin.com/datafeed/download/apikey/fe83c200b3de1c6c14a8a28f5f7162cd/fid/113182/format/csv/language/en/delimiter/%2C/compression/gzip/adultcontent/1/columns/data_feed_id%2Cmerchant_id%2Cmerchant_name%2Caw_product_id%2Caw_deep_link%2Caw_image_url%2Caw_thumb_url%2Ccategory_id%2Ccategory_name%2Cbrand_id%2Cbrand_name%2Cmerchant_product_id%2Cmerchant_category%2Cproduct_name%2Cdescription%2Cmerchant_deep_link%2Cmerchant_image_url%2Csearch_price%2Ccondition%2Cstock_status/"
"123396","Ready Steady Bed","GB","Not Joined","Awin","113387","ReadySteadyBed Product Feed","English","","2026-05-15 21:30:34","","212","https://productdata.awin.com/datafeed/download/apikey/fe83c200b3de1c6c14a8a28f5f7162cd/fid/113387/format/csv/language/en/delimiter/%2C/compression/gzip/adultcontent/1/columns/data_feed_id%2Cmerchant_id%2Cmerchant_name%2Caw_product_id%2Caw_deep_link%2Caw_image_url%2Caw_thumb_url%2Ccategory_id%2Ccategory_name%2Cbrand_id%2Cbrand_name%2Cmerchant_product_id%2Cmerchant_category%2Cproduct_name%2Cdescription%2Cmerchant_deep_link%2Cmerchant_image_url%2Ccurrency%2Csearch_price%2Cstock_quantity%2Ccondition%2Calternate_image%2Cstock_status/"
"124272","COLORDIAMONDS LED MASK","US","Not Joined","Awin","113525","Default","English","","2026-07-11 10:01:21","2026-08-22 14:01:15","4","https://productdata.awin.com/datafeed/download/apikey/fe83c200b3de1c6c14a8a28f5f7162cd/fid/113525/format/csv/language/en/delimiter/%2C/compression/gzip/adultcontent/1/columns/data_feed_id%2Cmerchant_id%2Cmerchant_name%2Caw_product_id%2Caw_deep_link%2Caw_image_url%2Caw_thumb_url%2Ccategory_id%2Ccategory_name%2Cbrand_id%2Cbrand_name%2Cmerchant_product_id%2Cmerchant_category%2Cproduct_name%2Cmerchant_deep_link%2Cdelivery_time%2Ccurrency%2Csearch_price%2Cdelivery_cost%2Calternate_image%2Cbase_price%2Calternate_image_two%2Calternate_image_three/"
"123074","hugmoom curtains","US","Not Joined","Awin","113571","Default","English","","2026-05-15 21:32:09","2026-03-22 00:02:11","1741","https://productdata.awin.com/datafeed/download/apikey/fe83c200b3de1c6c14a8a28f5f7162cd/fid/113571/format/csv/language/en/delimiter/%2C/compression/gzip/adultcontent/1/columns/data_feed_id%2Cmerchant_id%2Cmerchant_name%2Caw_product_id%2Caw_deep_link%2Caw_image_url%2Caw_thumb_url%2Ccategory_id%2Ccategory_name%2Cbrand_id%2Cbrand_name%2Cmerchant_product_id%2Cmerchant_category%2Cean%2Cmpn%2Cproduct_name%2Cdescription%2Cmerchant_deep_link%2Cmerchant_image_url%2Cdelivery_time%2Ccurrency%2Csearch_price%2Cdelivery_cost%2Cin_stock%2Cstock_quantity%2Ccondition%2Cproduct_type%2Ccolour%2Calternate_image%2Cproduct_price_old%2Calternate_image_two%2Calternate_image_three%2Calternate_image_four/"
"107998","Cheap Furniture Warehouse","GB","Not Joined","Awin","113623","Shoptimised","English","ShoppingNL","2026-08-22 14:33:06","2026-08-22 16:23:50","1829","https://productdata.awin.com/datafeed/download/apikey/fe83c200b3de1c6c14a8a28f5f7162cd/fid/113623/format/csv/language/en/delimiter/%2C/compression/gzip/adultcontent/1/columns/data_feed_id%2Cmerchant_id%2Cmerchant_name%2Caw_product_id%2Caw_deep_link%2Caw_image_url%2Caw_thumb_url%2Ccategory_id%2Ccategory_name%2Cbrand_id%2Cbrand_name%2Cmerchant_product_id%2Cmpn%2Cmodel_number%2Cproduct_name%2Cdescription%2Cmerchant_deep_link%2Cmerchant_image_url%2Ccurrency%2Csearch_price%2Cstore_price%2Crrp_price%2Cdelivery_cost%2Cin_stock%2Ccondition%2Cproduct_type%2Cparent_product_id%2Ccolour%2Ccustom_1%2Calternate_image%2Clarge_image%2Cbase_price%2Calternate_image_two%2Calternate_image_three%2Calternate_image_four%2CShoppingNL%3Agoogle_taxonomy/"
"124146","GamingKit","GB","Not Joined","Awin","113741","main feed","English","","2026-08-22 14:20:39","2026-08-22 14:18:19","191859","https://productdata.awin.com/datafeed/download/apikey/fe83c200b3de1c6c14a8a28f5f7162cd/fid/113741/format/csv/language/en/delimiter/%2C/compression/gzip/adultcontent/1/columns/data_feed_id%2Cmerchant_id%2Cmerchant_name%2Caw_product_id%2Caw_deep_link%2Caw_image_url%2Caw_thumb_url%2Ccategory_id%2Ccategory_name%2Cbrand_id%2Cbrand_name%2Cmerchant_product_id%2Cmerchant_category%2Cean%2Cmpn%2Cproduct_name%2Cdescription%2Cspecifications%2Clanguage%2Cmerchant_deep_link%2Cmerchant_image_url%2Cdelivery_time%2Ccurrency%2Csearch_price%2Cdelivery_cost%2Cstock_quantity%2Cwarranty%2Ccondition%2Cproduct_type%2Ckeywords/"
"124906","ALZOO","US","Not Joined","Awin","113935","ALZOO product feed","English","","2026-08-22 05:01:25","2026-08-22 05:01:22","67","https://productdata.awin.com/datafeed/download/apikey/fe83c200b3de1c6c14a8a28f5f7162cd/fid/113935/format/csv/language/en/delimiter/%2C/compression/gzip/adultcontent/1/columns/data_feed_id%2Cmerchant_id%2Cmerchant_name%2Caw_product_id%2Caw_deep_link%2Caw_image_url%2Caw_thumb_url%2Ccategory_id%2Ccategory_name%2Cbrand_id%2Cbrand_name%2Cmerchant_product_id%2Cmerchant_category%2Cupc%2Cean%2Cisbn%2Cmodel_number%2Cproduct_name%2Cdescription%2Cspecifications%2Cpromotional_text%2Clanguage%2Cmerchant_deep_link%2Cmerchant_image_url%2Cdelivery_time%2Cvalid_from%2Cvalid_to%2Ccurrency%2Csearch_price%2Cstore_price%2Crrp_price%2Cdelivery_cost%2Cin_stock%2Cstock_quantity%2Cis_for_sale%2Cwarranty%2Ccondition%2Cproduct_type%2Cparent_product_id%2Ccommission_group%2Clast_updated%2Cdimensions%2Ccolour%2Ckeywords%2Csaving%2Cdelivery_weight%2Cdelivery_restrictions%2Creviews%2Caverage_rating%2Crating%2Calternate_image%2Clarge_image%2Cbasket_link%2Cproduct_short_description%2Cproduct_model%2Cmerchant_product_category_path%2Cmerchant_product_second_category%2Cmerchant_product_third_category%2Csavings_percent%2Cbase_price%2Cbase_price_amount%2Cbase_price_text%2Cproduct_price_old%2Cstock_status%2Csize_stock_status%2Csize_stock_amount%2Cproduct_GTIN/"
"124784","Rochas Divine Mart (US)","US","Not Joined","Awin","114193","Default","English","","2026-08-02 12:02:18","2026-08-22 12:01:46","970","https://productdata.awin.com/datafeed/download/apikey/fe83c200b3de1c6c14a8a28f5f7162cd/fid/114193/format/csv/language/en/delimiter/%2C/compression/gzip/adultcontent/1/columns/data_feed_id%2Cmerchant_id%2Cmerchant_name%2Caw_product_id%2Caw_deep_link%2Caw_image_url%2Caw_thumb_url%2Ccategory_id%2Ccategory_name%2Cbrand_id%2Cbrand_name%2Cmerchant_product_id%2Cmerchant_category%2Cupc%2Cean%2Cisbn%2Cmodel_number%2Cproduct_name%2Cdescription%2Cspecifications%2Cpromotional_text%2Clanguage%2Cmerchant_deep_link%2Cmerchant_image_url%2Cdelivery_time%2Cvalid_from%2Cvalid_to%2Ccurrency%2Csearch_price%2Cstore_price%2Crrp_price%2Cdelivery_cost%2Cin_stock%2Cstock_quantity%2Cis_for_sale%2Cwarranty%2Ccondition%2Cproduct_type%2Cparent_product_id%2Ccommission_group%2Clast_updated%2Cdimensions%2Ccolour%2Ckeywords%2Csaving%2Cdelivery_weight%2Cdelivery_restrictions%2Creviews%2Caverage_rating%2Crating%2Calternate_image%2Clarge_image%2Cbasket_link%2Cproduct_short_description%2Cproduct_model%2Cmerchant_product_category_path%2Cmerchant_product_second_category%2Cmerchant_product_third_category%2Csavings_percent%2Cbase_price%2Cbase_price_amount%2Cbase_price_text%2Cproduct_price_old%2Cstock_status%2Csize_stock_status%2Csize_stock_amount%2Cproduct_GTIN/"
"124878","WAU","GB","Not Joined","Awin","114261","English - USD","English","","2026-08-22 12:08:02","2026-08-22 12:07:59","23","https://productdata.awin.com/datafeed/download/apikey/fe83c200b3de1c6c14a8a28f5f7162cd/fid/114261/format/csv/language/en/delimiter/%2C/compression/gzip/adultcontent/1/columns/data_feed_id%2Cmerchant_id%2Cmerchant_name%2Caw_product_id%2Caw_deep_link%2Caw_image_url%2Caw_thumb_url%2Ccategory_id%2Ccategory_name%2Cbrand_id%2Cbrand_name%2Cmerchant_product_id%2Cmerchant_category%2Cean%2Cmpn%2Cproduct_name%2Cdescription%2Cmerchant_deep_link%2Cmerchant_image_url%2Cdelivery_time%2Ccurrency%2Csearch_price%2Cdelivery_cost%2Cin_stock%2Cstock_quantity%2Ccondition%2Cproduct_type%2Calternate_image%2Cproduct_price_old%2Calternate_image_two%2Calternate_image_three%2Calternate_image_four/"
"125096","Viaduct Clothing","GB","Not Joined","Awin","114294","Mulwi Feeds","English","","2026-08-22 12:23:54","2026-08-22 12:23:47","1177","https://productdata.awin.com/datafeed/download/apikey/fe83c200b3de1c6c14a8a28f5f7162cd/fid/114294/format/csv/language/en/delimiter/%2C/compression/gzip/adultcontent/1/columns/data_feed_id%2Cmerchant_id%2Cmerchant_name%2Caw_product_id%2Caw_deep_link%2Caw_image_url%2Caw_thumb_url%2Ccategory_id%2Ccategory_name%2Cbrand_id%2Cbrand_name%2Cmerchant_product_id%2Cmerchant_category%2Cean%2Cmpn%2Cproduct_name%2Cdescription%2Cmerchant_deep_link%2Cmerchant_image_url%2Cdelivery_time%2Ccurrency%2Csearch_price%2Crrp_price%2Cdelivery_cost%2Cin_stock%2Cstock_quantity%2Cproduct_type%2Ccolour/"
"125274","licencjapro.pl","PL","Not Joined","Awin","114366","Domyślne","Polish","","2026-06-26 22:01:12","2026-08-22 01:01:08","120","https://productdata.awin.com/datafeed/download/apikey/fe83c200b3de1c6c14a8a28f5f7162cd/fid/114366/format/csv/language/pl/delimiter/%2C/compression/gzip/columns/data_feed_id%2Cmerchant_id%2Cmerchant_name%2Caw_product_id%2Caw_deep_link%2Caw_image_url%2Caw_thumb_url%2Ccategory_id%2Ccategory_name%2Cbrand_id%2Cbrand_name%2Cmerchant_product_id%2Cmerchant_category%2Cmpn%2Cproduct_name%2Cdescription%2Cmerchant_deep_link%2Cmerchant_image_url%2Csearch_price%2Cin_stock%2Ccondition%2Ccommission_group%2Ccustom_1%2Ccustom_2/"
"117395","Clone of Perfume","US","Not Joined","Awin","114367","Product List","English","","2026-05-15 21:38:46","2026-08-22 13:01:12","11","https://productdata.awin.com/datafeed/download/apikey/fe83c200b3de1c6c14a8a28f5f7162cd/fid/114367/format/csv/language/en/delimiter/%2C/compression/gzip/adultcontent/1/columns/data_feed_id%2Cmerchant_id%2Cmerchant_name%2Caw_product_id%2Caw_deep_link%2Caw_image_url%2Caw_thumb_url%2Ccategory_id%2Ccategory_name%2Cbrand_id%2Cbrand_name%2Cmerchant_product_id%2Cmerchant_category%2Cupc%2Cean%2Cmpn%2Cisbn%2Cmodel_number%2Cproduct_name%2Cdescription%2Cspecifications%2Cpromotional_text%2Clanguage%2Cmerchant_deep_link%2Cmerchant_thumb_url%2Cmerchant_image_url%2Cdelivery_time%2Cvalid_from%2Cvalid_to%2Ccurrency%2Csearch_price%2Cdelivery_cost%2Cweb_offer%2Cpre_order%2Cin_stock%2Cstock_quantity%2Cis_for_sale%2Cwarranty%2Ccondition%2Cproduct_type%2Cparent_product_id%2Ccommission_group%2Clast_updated%2Cdimensions%2Ccolour%2Ckeywords%2Ccustom_1%2Ccustom_2%2Ccustom_3%2Ccustom_4%2Ccustom_5%2Csaving%2Cdelivery_restrictions%2Creviews%2Caverage_rating%2Crating%2Calternate_image%2Clarge_image%2Cbasket_link/"
"124970","Monsterpub Sex Toy","GB","Not Joined","Awin","114525","Default-UK","English","","2026-05-15 21:40:08","","27","https://productdata.awin.com/datafeed/download/apikey/fe83c200b3de1c6c14a8a28f5f7162cd/fid/114525/format/csv/language/en/delimiter/%2C/compression/gzip/adultcontent/1/columns/data_feed_id%2Cmerchant_id%2Cmerchant_name%2Caw_product_id%2Caw_deep_link%2Caw_image_url%2Caw_thumb_url%2Ccategory_id%2Ccategory_name%2Cbrand_id%2Cbrand_name%2Cmerchant_product_id%2Cmerchant_category%2Cproduct_name%2Cdescription%2Cmerchant_deep_link%2Cmerchant_image_url%2Ccurrency%2Csearch_price%2Cproduct_type/"
"123146","Lilo's Nature","NL","Not Joined","Awin","114561","Default DE","German","","2026-05-15 21:40:26","","335","https://productdata.awin.com/datafeed/download/apikey/fe83c200b3de1c6c14a8a28f5f7162cd/fid/114561/format/csv/language/de/delimiter/%2C/compression/gzip/columns/aw_deep_link%2Cproduct_name%2Caw_product_id%2Cmerchant_product_id%2Cmerchant_image_url%2Cdescription%2Cmerchant_category%2Csearch_price%2Cmerchant_name%2Cmerchant_id%2Ccategory_name%2Ccategory_id%2Caw_image_url%2Ccurrency%2Cstore_price%2Cdelivery_cost%2Cmerchant_deep_link%2Clanguage%2Clast_updated%2Cbrand_name%2Cbrand_id%2Ccolour%2Cproduct_short_description%2Cspecifications%2Ccondition%2Cproduct_model%2Cmodel_number%2Cdimensions%2Ckeywords%2Cpromotional_text%2Cproduct_type%2Ccommission_group%2Cmerchant_product_category_path%2Cmerchant_product_second_category%2Cmerchant_product_third_category%2Crrp_price%2Csaving%2Csavings_percent%2Cbase_price%2Cbase_price_amount%2Cbase_price_text%2Cproduct_price_old%2Cdelivery_restrictions%2Cdelivery_weight%2Cwarranty%2Cterms_of_contract%2Cdelivery_time%2Cin_stock%2Cstock_quantity%2Cvalid_from%2Cvalid_to%2Cis_for_sale%2Cweb_offer%2Cpre_order%2Cstock_status%2Csize_stock_status%2Csize_stock_amount%2Cmerchant_thumb_url%2Clarge_image%2Calternate_image%2Caw_thumb_url%2Calternate_image_two%2Calternate_image_three%2Calternate_image_four%2Creviews%2Caverage_rating%2Crating%2Cnumber_available%2Ccustom_1%2Ccustom_2%2Ccustom_3%2Ccustom_4%2Ccustom_5%2Ccustom_6%2Ccustom_7%2Ccustom_8%2Ccustom_9%2Cean%2Cisbn%2Cupc%2Cmpn%2Cparent_product_id%2Cproduct_GTIN%2Cbasket_link/"
"123146","Lilo's Nature","NL","Not Joined","Awin","114562","Default NL","Dutch","","2026-05-15 21:40:28","","335","https://productdata.awin.com/datafeed/download/apikey/fe83c200b3de1c6c14a8a28f5f7162cd/fid/114562/format/csv/language/nl/delimiter/%2C/compression/gzip/columns/aw_deep_link%2Cproduct_name%2Caw_product_id%2Cmerchant_product_id%2Cmerchant_image_url%2Cdescription%2Cmerchant_category%2Csearch_price%2Cmerchant_name%2Cmerchant_id%2Ccategory_name%2Ccategory_id%2Caw_image_url%2Ccurrency%2Cstore_price%2Cdelivery_cost%2Cmerchant_deep_link%2Clanguage%2Clast_updated%2Cbrand_name%2Cbrand_id%2Ccolour%2Cproduct_short_description%2Cspecifications%2Ccondition%2Cproduct_model%2Cmodel_number%2Cdimensions%2Ckeywords%2Cpromotional_text%2Cproduct_type%2Ccommission_group%2Cmerchant_product_category_path%2Cmerchant_product_second_category%2Cmerchant_product_third_category%2Crrp_price%2Csaving%2Csavings_percent%2Cbase_price%2Cbase_price_amount%2Cbase_price_text%2Cproduct_price_old%2Cdelivery_restrictions%2Cdelivery_weight%2Cwarranty%2Cterms_of_contract%2Cdelivery_time%2Cin_stock%2Cstock_quantity%2Cvalid_from%2Cvalid_to%2Cis_for_sale%2Cweb_offer%2Cpre_order%2Cstock_status%2Csize_stock_status%2Csize_stock_amount%2Cmerchant_thumb_url%2Clarge_image%2Calternate_image%2Caw_thumb_url%2Calternate_image_two%2Calternate_image_three%2Calternate_image_four%2Creviews%2Caverage_rating%2Crating%2Cnumber_available%2Ccustom_1%2Ccustom_2%2Ccustom_3%2Ccustom_4%2Ccustom_5%2Ccustom_6%2Ccustom_7%2Ccustom_8%2Ccustom_9%2Cean%2Cisbn%2Cupc%2Cmpn%2Cparent_product_id%2Cproduct_GTIN%2Cbasket_link/"
"125614","Colabox","US","Not Joined","Awin","114590","Colabox Feed","English","","2026-08-11 10:01:21","2026-08-22 10:01:11","1","https://productdata.awin.com/datafeed/download/apikey/fe83c200b3de1c6c14a8a28f5f7162cd/fid/114590/format/csv/language/en/delimiter/%2C/compression/gzip/adultcontent/1/columns/data_feed_id%2Cmerchant_id%2Cmerchant_name%2Caw_product_id%2Caw_deep_link%2Caw_image_url%2Caw_thumb_url%2Ccategory_id%2Ccategory_name%2Cbrand_id%2Cbrand_name%2Cmerchant_product_id%2Cmerchant_category%2Cproduct_name%2Cdescription%2Cmerchant_deep_link%2Cmerchant_image_url%2Csearch_price/"
"125822","PcNova.co.uk","GB","Not Joined","Awin","114610","Default","English","","2026-08-22 11:07:02","2026-08-22 16:14:34","191861","https://productdata.awin.com/datafeed/download/apikey/fe83c200b3de1c6c14a8a28f5f7162cd/fid/114610/format/csv/language/en/delimiter/%2C/compression/gzip/adultcontent/1/columns/data_feed_id%2Cmerchant_id%2Cmerchant_name%2Caw_product_id%2Caw_deep_link%2Caw_image_url%2Caw_thumb_url%2Ccategory_id%2Ccategory_name%2Cbrand_id%2Cbrand_name%2Cmerchant_product_id%2Cmerchant_category%2Cean%2Cproduct_name%2Cdescription%2Cspecifications%2Clanguage%2Cmerchant_deep_link%2Cmerchant_image_url%2Ccurrency%2Csearch_price%2Crrp_price%2Cdelivery_cost%2Cstock_quantity%2Cwarranty%2Ccondition%2Cproduct_type%2Ckeywords/"
"37292","Gardenista","GB","Not Joined","Awin","114613","New","English","","2026-05-15 21:40:46","","1004","https://productdata.awin.com/datafeed/download/apikey/fe83c200b3de1c6c14a8a28f5f7162cd/fid/114613/format/csv/language/en/delimiter/%2C/compression/gzip/adultcontent/1/columns/data_feed_id%2Cmerchant_id%2Cmerchant_name%2Caw_product_id%2Caw_deep_link%2Caw_image_url%2Caw_thumb_url%2Ccategory_id%2Ccategory_name%2Cbrand_id%2Cbrand_name%2Cmerchant_product_id%2Cmerchant_category%2Cproduct_name%2Cdescription%2Cmerchant_deep_link%2Ccurrency%2Csearch_price%2Cin_stock%2Cstock_quantity%2Ccondition%2Calternate_image%2Cstock_status%2Calternate_image_two/"
"116853","Curo Skin","GB","Not Joined","Awin","114721","Default","English","","2026-08-22 00:01:05","2026-08-22 00:01:01","11","https://productdata.awin.com/datafeed/download/apikey/fe83c200b3de1c6c14a8a28f5f7162cd/fid/114721/format/csv/language/en/delimiter/%2C/compression/gzip/adultcontent/1/columns/data_feed_id%2Cmerchant_id%2Cmerchant_name%2Caw_product_id%2Caw_deep_link%2Caw_image_url%2Caw_thumb_url%2Ccategory_id%2Ccategory_name%2Cbrand_id%2Cbrand_name%2Cmerchant_product_id%2Cmerchant_category%2Cean%2Cmpn%2Cproduct_name%2Cdescription%2Cmerchant_deep_link%2Cmerchant_image_url%2Cdelivery_time%2Ccurrency%2Csearch_price%2Cdelivery_cost%2Cin_stock%2Cstock_quantity%2Ccondition%2Cproduct_type%2Ccolour%2Calternate_image%2Calternate_image_two%2Calternate_image_three%2Calternate_image_four/"
"126071","HeimGlueck","DE","Not Joined","Awin","114737","Shop Default","German","","2026-05-15 21:43:20","2026-04-12 12:54:51","1465","https://productdata.awin.com/datafeed/download/apikey/fe83c200b3de1c6c14a8a28f5f7162cd/fid/114737/format/csv/language/de/delimiter/%2C/compression/gzip/columns/data_feed_id%2Cmerchant_id%2Cmerchant_name%2Caw_product_id%2Caw_deep_link%2Caw_image_url%2Caw_thumb_url%2Ccategory_id%2Ccategory_name%2Cbrand_id%2Cbrand_name%2Cmerchant_product_id%2Cmerchant_category%2Cean%2Cmpn%2Cproduct_name%2Cdescription%2Cmerchant_deep_link%2Cmerchant_image_url%2Cdelivery_time%2Ccurrency%2Csearch_price%2Cdelivery_cost%2Cin_stock%2Cstock_quantity%2Ccondition%2Cproduct_type%2Cdimensions%2Ccolour%2Calternate_image%2Cproduct_price_old%2Calternate_image_two%2Calternate_image_three%2Calternate_image_four/"
"114180","Sinocare","ES","Not Joined","Awin","114859","Sinocare Deutsch","German","","2026-08-20 11:01:19","2026-08-22 15:01:05","83","https://productdata.awin.com/datafeed/download/apikey/fe83c200b3de1c6c14a8a28f5f7162cd/fid/114859/format/csv/language/de/delimiter/%2C/compression/gzip/columns/data_feed_id%2Cmerchant_id%2Cmerchant_name%2Caw_product_id%2Caw_deep_link%2Caw_image_url%2Caw_thumb_url%2Ccategory_id%2Ccategory_name%2Cbrand_id%2Cbrand_name%2Cmerchant_product_id%2Cmerchant_category%2Cean%2Cmpn%2Cproduct_name%2Cdescription%2Cmerchant_deep_link%2Cmerchant_image_url%2Cdelivery_time%2Ccurrency%2Csearch_price%2Cdelivery_cost%2Cin_stock%2Cproduct_type%2Crating%2Calternate_image%2Cproduct_model%2Cproduct_price_old%2Csize_stock_status/"
"124990","Superior Play Systems","US","Not Joined","Awin","114878","Default","English","","2026-06-21 12:02:26","2026-08-16 12:02:11","457","https://productdata.awin.com/datafeed/download/apikey/fe83c200b3de1c6c14a8a28f5f7162cd/fid/114878/format/csv/language/en/delimiter/%2C/compression/gzip/adultcontent/1/columns/data_feed_id%2Cmerchant_id%2Cmerchant_name%2Caw_product_id%2Caw_deep_link%2Caw_image_url%2Caw_thumb_url%2Ccategory_id%2Ccategory_name%2Cbrand_id%2Cbrand_name%2Cmerchant_product_id%2Cmerchant_category%2Cproduct_name%2Cdescription%2Cmerchant_deep_link%2Cmerchant_image_url%2Ccurrency%2Csearch_price%2Cin_stock%2Ccondition%2Cproduct_type%2Cdimensions%2Calternate_image/"
"123240","Afiliados Galícia Educação - Escola de Direito","BR","Not Joined","Awin","114924","Padrão","Portuguese","EducationNL","2026-05-15 21:45:31","","50","https://productdata.awin.com/datafeed/download/apikey/fe83c200b3de1c6c14a8a28f5f7162cd/fid/114924/format/csv/language/pt/delimiter/%2C/compression/gzip/columns/data_feed_id%2Cmerchant_id%2Cmerchant_name%2Caw_product_id%2Caw_deep_link%2Caw_image_url%2Caw_thumb_url%2Ccategory_id%2Ccategory_name%2Cbrand_id%2Cbrand_name%2Cmerchant_product_id%2Cproduct_name%2Cdescription%2Cmerchant_deep_link%2Cmerchant_image_url%2Csearch_price%2Cin_stock%2Ccondition/"
"123238","Afiliados Galícia Educação","BR","Not Joined","Awin","114925","Padrão","English","EducationNL","2026-05-15 21:45:32","","201","https://productdata.awin.com/datafeed/download/apikey/fe83c200b3de1c6c14a8a28f5f7162cd/fid/114925/format/csv/language/en/delimiter/%2C/compression/gzip/columns/data_feed_id%2Cmerchant_id%2Cmerchant_name%2Caw_product_id%2Caw_deep_link%2Caw_image_url%2Caw_thumb_url%2Ccategory_id%2Ccategory_name%2Cbrand_id%2Cbrand_name%2Cmerchant_product_id%2Cproduct_name%2Cdescription%2Cmerchant_deep_link%2Cmerchant_image_url%2Csearch_price%2Cin_stock%2Ccondition/"
"126409","EfuiHarlley","US","Not Joined","Awin","114975","Efui_Awin","English","Fashion","2026-08-22 09:26:45","2026-08-22 12:37:42","14","https://productdata.awin.com/datafeed/download/apikey/fe83c200b3de1c6c14a8a28f5f7162cd/fid/114975/format/csv/language/en/delimiter/%2C/compression/gzip/adultcontent/1/columns/data_feed_id%2Cmerchant_id%2Cmerchant_name%2Caw_product_id%2Caw_deep_link%2Caw_image_url%2Caw_thumb_url%2Ccategory_id%2Ccategory_name%2Cbrand_id%2Cbrand_name%2Cmerchant_product_id%2Cmerchant_category%2Cupc%2Cean%2Cisbn%2Cmodel_number%2Cproduct_name%2Cdescription%2Cspecifications%2Cpromotional_text%2Clanguage%2Cmerchant_deep_link%2Cmerchant_image_url%2Cdelivery_time%2Cvalid_from%2Cvalid_to%2Ccurrency%2Csearch_price%2Cstore_price%2Crrp_price%2Cdelivery_cost%2Cin_stock%2Cstock_quantity%2Cis_for_sale%2Cwarranty%2Ccondition%2Cproduct_type%2Cparent_product_id%2Ccommission_group%2Clast_updated%2Cdimensions%2Ccolour%2Ckeywords%2Csaving%2Cdelivery_weight%2Cdelivery_restrictions%2Creviews%2Caverage_rating%2CFashion%3Asize%2Crating%2Calternate_image%2Clarge_image%2Cproduct_short_description%2Cproduct_model%2Cmerchant_product_category_path%2Cmerchant_product_second_category%2Cmerchant_product_third_category%2Csavings_percent%2Cbase_price%2Cbase_price_amount%2Cbase_price_text%2Cproduct_price_old%2Cstock_status%2Csize_stock_status%2Csize_stock_amount%2Cproduct_GTIN/"
"122456","ROCKBROS","DE","Not Joined","Awin","115038","0429shopify feed csv","German","","2026-05-15 21:47:07","2026-08-22 00:02:39","5456","https://productdata.awin.com/datafeed/download/apikey/fe83c200b3de1c6c14a8a28f5f7162cd/fid/115038/format/csv/language/de/delimiter/%2C/compression/gzip/columns/data_feed_id%2Cmerchant_id%2Cmerchant_name%2Caw_product_id%2Caw_deep_link%2Caw_image_url%2Caw_thumb_url%2Ccategory_id%2Ccategory_name%2Cbrand_id%2Cbrand_name%2Cmerchant_product_id%2Cproduct_name%2Cdescription%2Cmerchant_deep_link%2Cmerchant_image_url%2Csearch_price/"
"124970","Monsterpub Sex Toy","GB","Not Joined","Awin","115064","US","English","","2026-05-15 21:47:09","","33","https://productdata.awin.com/datafeed/download/apikey/fe83c200b3de1c6c14a8a28f5f7162cd/fid/115064/format/csv/language/en/delimiter/%2C/compression/gzip/adultcontent/1/columns/data_feed_id%2Cmerchant_id%2Cmerchant_name%2Caw_product_id%2Caw_deep_link%2Caw_image_url%2Caw_thumb_url%2Ccategory_id%2Ccategory_name%2Cbrand_id%2Cbrand_name%2Cmerchant_product_id%2Cmerchant_category%2Cproduct_name%2Cdescription%2Cmerchant_deep_link%2Cmerchant_image_url%2Ccurrency%2Csearch_price/"
"124966","Eydology","US","Not Joined","Awin","115066","Eydology_US","English","","2026-05-20 05:12:48","2026-05-24 00:02:13","1069","https://productdata.awin.com/datafeed/download/apikey/fe83c200b3de1c6c14a8a28f5f7162cd/fid/115066/format/csv/language/en/delimiter/%2C/compression/gzip/adultcontent/1/columns/data_feed_id%2Cmerchant_id%2Cmerchant_name%2Caw_product_id%2Caw_deep_link%2Caw_image_url%2Caw_thumb_url%2Ccategory_id%2Ccategory_name%2Cbrand_id%2Cbrand_name%2Cmerchant_product_id%2Cmerchant_category%2Cmpn%2Cproduct_name%2Cdescription%2Cmerchant_deep_link%2Cmerchant_image_url%2Cdelivery_time%2Csearch_price%2Cdelivery_cost%2Cin_stock%2Ccondition%2Cproduct_type%2Ccolour%2Cdelivery_restrictions%2Calternate_image/"
"126515","Radiale Pneus","BR","Not Joined","Awin","115088","Padrão","Portuguese","","2026-08-22 08:01:44","2026-08-22 14:32:09","21","https://productdata.awin.com/datafeed/download/apikey/fe83c200b3de1c6c14a8a28f5f7162cd/fid/115088/format/csv/language/pt/delimiter/%2C/compression/gzip/columns/data_feed_id%2Cmerchant_id%2Cmerchant_name%2Caw_product_id%2Caw_deep_link%2Caw_image_url%2Caw_thumb_url%2Ccategory_id%2Ccategory_name%2Cbrand_id%2Cbrand_name%2Cmerchant_product_id%2Cmerchant_category%2Cean%2Cmpn%2Cisbn%2Cmodel_number%2Cproduct_name%2Cdescription%2Cspecifications%2Clanguage%2Cmerchant_deep_link%2Cmerchant_thumb_url%2Cmerchant_image_url%2Cdelivery_time%2Cvalid_from%2Cvalid_to%2Ccurrency%2Csearch_price%2Cstore_price%2Cdelivery_cost%2Cweb_offer%2Cpre_order%2Cin_stock%2Cwarranty%2Ccondition%2Cparent_product_id%2Ccommission_group%2Clast_updated%2Cdimensions%2Ccolour%2Ckeywords%2Ccustom_1%2Csaving%2Crating%2Calternate_image%2Clarge_image%2Cbasket_link%2Cproduct_short_description%2Cmerchant_product_category_path%2Cmerchant_product_second_category%2Cmerchant_product_third_category%2Csavings_percent%2Cproduct_price_old%2Calternate_image_two%2Calternate_image_three%2Calternate_image_four/"
"62729","Glamory","DE","Not Joined","Awin","115130","Product_Feed_AT","German","","2026-05-15 21:47:24","","563","https://productdata.awin.com/datafeed/download/apikey/fe83c200b3de1c6c14a8a28f5f7162cd/fid/115130/format/csv/language/de/delimiter/%2C/compression/gzip/columns/data_feed_id%2Cmerchant_id%2Cmerchant_name%2Caw_product_id%2Caw_deep_link%2Caw_image_url%2Caw_thumb_url%2Ccategory_id%2Ccategory_name%2Cbrand_id%2Cbrand_name%2Cmerchant_product_id%2Cmerchant_category%2Cean%2Cmpn%2Cproduct_name%2Cdescription%2Cmerchant_deep_link%2Cmerchant_image_url%2Cdelivery_time%2Csearch_price%2Crrp_price%2Cdelivery_cost%2Cproduct_type%2Ccolour%2Ccustom_1/"
"122380","Omara Jewelry","PL","Not Joined","Awin","115172","Pierścionki Zaręczynowe - CSV","Polish","Fashion","2026-08-17 02:01:36","2026-08-22 16:01:38","15930","https://productdata.awin.com/datafeed/download/apikey/fe83c200b3de1c6c14a8a28f5f7162cd/fid/115172/format/csv/language/pl/delimiter/%2C/compression/gzip/columns/data_feed_id%2Cmerchant_id%2Cmerchant_name%2Caw_product_id%2Caw_deep_link%2Caw_image_url%2Caw_thumb_url%2Ccategory_id%2Ccategory_name%2Cbrand_id%2Cbrand_name%2Cmerchant_product_id%2Cmerchant_category%2Cmodel_number%2Cproduct_name%2Cdescription%2Cmerchant_deep_link%2Cmerchant_image_url%2Ccurrency%2Csearch_price%2Cdelivery_cost%2Cin_stock%2Cstock_quantity%2Ccolour%2CFashion%3Asize%2Calternate_image%2Calternate_image_two%2Calternate_image_three/"
"122380","Omara Jewelry","PL","Not Joined","Awin","115174","Pierścionki Zaręczynowe - XML","Polish","Fashion","2026-08-17 02:01:48","2026-08-22 16:01:36","15930","https://productdata.awin.com/datafeed/download/apikey/fe83c200b3de1c6c14a8a28f5f7162cd/fid/115174/format/csv/language/pl/delimiter/%2C/compression/gzip/columns/aw_deep_link%2Cproduct_name%2Caw_product_id%2Cmerchant_product_id%2Cmerchant_image_url%2Cdescription%2Cmerchant_category%2Csearch_price%2Cmerchant_name%2Cmerchant_id%2Ccategory_name%2Ccategory_id%2Caw_image_url%2Ccurrency%2Cstore_price%2Cdelivery_cost%2Cmerchant_deep_link%2Clanguage%2Clast_updated%2Cbrand_name%2Cbrand_id%2Ccolour%2Cproduct_short_description%2Cspecifications%2Ccondition%2Cproduct_model%2Cmodel_number%2Cdimensions%2Ckeywords%2Cpromotional_text%2Cproduct_type%2Ccommission_group%2Cmerchant_product_category_path%2Cmerchant_product_second_category%2Cmerchant_product_third_category%2Crrp_price%2Csaving%2Csavings_percent%2Cbase_price%2Cbase_price_amount%2Cbase_price_text%2Cproduct_price_old%2Cdelivery_restrictions%2Cdelivery_weight%2Cwarranty%2Cterms_of_contract%2Cdelivery_time%2Cin_stock%2Cstock_quantity%2Cvalid_from%2Cvalid_to%2Cis_for_sale%2Cweb_offer%2Cpre_order%2Cstock_status%2Csize_stock_status%2Csize_stock_amount%2Cmerchant_thumb_url%2Clarge_image%2Calternate_image%2Caw_thumb_url%2Calternate_image_two%2Calternate_image_three%2Calternate_image_four%2Creviews%2Caverage_rating%2Crating%2Cnumber_available%2Ccustom_1%2Ccustom_2%2Ccustom_3%2Ccustom_4%2Ccustom_5%2Ccustom_6%2Ccustom_7%2Ccustom_8%2Ccustom_9%2Cean%2Cisbn%2Cupc%2Cmpn%2Cparent_product_id%2Cproduct_GTIN%2Cbasket_link%2CFashion%3Acategory%2CFashion%3Amaterial%2CFashion%3Apattern%2CFashion%3Asize%2CFashion%3Asuitable_for%2CFashion%3Aswatch/"
"122380","Omara Jewelry","PL","Not Joined","Awin","115191","Obrączki Ślubne - CSV","Polish","Fashion","2026-08-22 02:01:14","2026-08-22 02:01:09","2224","https://productdata.awin.com/datafeed/download/apikey/fe83c200b3de1c6c14a8a28f5f7162cd/fid/115191/format/csv/language/pl/delimiter/%2C/compression/gzip/columns/data_feed_id%2Cmerchant_id%2Cmerchant_name%2Caw_product_id%2Caw_deep_link%2Caw_image_url%2Caw_thumb_url%2Ccategory_id%2Ccategory_name%2Cbrand_id%2Cbrand_name%2Cmerchant_product_id%2Cmerchant_category%2Cmodel_number%2Cproduct_name%2Cdescription%2Cmerchant_deep_link%2Cmerchant_image_url%2Ccurrency%2Csearch_price%2Cdelivery_cost%2Cin_stock%2Cstock_quantity%2Ccolour%2CFashion%3Asize%2Calternate_image%2Calternate_image_two%2Calternate_image_three/"
"122380","Omara Jewelry","PL","Not Joined","Awin","115192","Obrączki Ślubne - XML","Polish","Fashion","2026-08-22 02:06:14","2026-08-22 02:06:10","2224","https://productdata.awin.com/datafeed/download/apikey/fe83c200b3de1c6c14a8a28f5f7162cd/fid/115192/format/csv/language/pl/delimiter/%2C/compression/gzip/columns/aw_deep_link%2Cproduct_name%2Caw_product_id%2Cmerchant_product_id%2Cmerchant_image_url%2Cdescription%2Cmerchant_category%2Csearch_price%2Cmerchant_name%2Cmerchant_id%2Ccategory_name%2Ccategory_id%2Caw_image_url%2Ccurrency%2Cstore_price%2Cdelivery_cost%2Cmerchant_deep_link%2Clanguage%2Clast_updated%2Cbrand_name%2Cbrand_id%2Ccolour%2Cproduct_short_description%2Cspecifications%2Ccondition%2Cproduct_model%2Cmodel_number%2Cdimensions%2Ckeywords%2Cpromotional_text%2Cproduct_type%2Ccommission_group%2Cmerchant_product_category_path%2Cmerchant_product_second_category%2Cmerchant_product_third_category%2Crrp_price%2Csaving%2Csavings_percent%2Cbase_price%2Cbase_price_amount%2Cbase_price_text%2Cproduct_price_old%2Cdelivery_restrictions%2Cdelivery_weight%2Cwarranty%2Cterms_of_contract%2Cdelivery_time%2Cin_stock%2Cstock_quantity%2Cvalid_from%2Cvalid_to%2Cis_for_sale%2Cweb_offer%2Cpre_order%2Cstock_status%2Csize_stock_status%2Csize_stock_amount%2Cmerchant_thumb_url%2Clarge_image%2Calternate_image%2Caw_thumb_url%2Calternate_image_two%2Calternate_image_three%2Calternate_image_four%2Creviews%2Caverage_rating%2Crating%2Cnumber_available%2Ccustom_1%2Ccustom_2%2Ccustom_3%2Ccustom_4%2Ccustom_5%2Ccustom_6%2Ccustom_7%2Ccustom_8%2Ccustom_9%2Cean%2Cisbn%2Cupc%2Cmpn%2Cparent_product_id%2Cproduct_GTIN%2Cbasket_link%2CFashion%3Acategory%2CFashion%3Amaterial%2CFashion%3Apattern%2CFashion%3Asize%2CFashion%3Asuitable_for%2CFashion%3Aswatch/"
"122380","Omara Jewelry","PL","Not Joined","Awin","115193","Biżuteria - CSV","Polish","Fashion","2026-08-22 02:01:22","2026-08-22 02:01:15","6819","https://productdata.awin.com/datafeed/download/apikey/fe83c200b3de1c6c14a8a28f5f7162cd/fid/115193/format/csv/language/pl/delimiter/%2C/compression/gzip/columns/data_feed_id%2Cmerchant_id%2Cmerchant_name%2Caw_product_id%2Caw_deep_link%2Caw_image_url%2Caw_thumb_url%2Ccategory_id%2Ccategory_name%2Cbrand_id%2Cbrand_name%2Cmerchant_product_id%2Cmerchant_category%2Cmodel_number%2Cproduct_name%2Cdescription%2Cmerchant_deep_link%2Cmerchant_image_url%2Ccurrency%2Csearch_price%2Cdelivery_cost%2Cin_stock%2Cstock_quantity%2Ccolour%2CFashion%3Asize%2Calternate_image%2Calternate_image_two%2Calternate_image_three/"
"122380","Omara Jewelry","PL","Not Joined","Awin","115196","Biżuteria - XML","Polish","Fashion","2026-08-22 02:06:34","2026-08-22 02:06:26","6819","https://productdata.awin.com/datafeed/download/apikey/fe83c200b3de1c6c14a8a28f5f7162cd/fid/115196/format/csv/language/pl/delimiter/%2C/compression/gzip/columns/aw_deep_link%2Cproduct_name%2Caw_product_id%2Cmerchant_product_id%2Cmerchant_image_url%2Cdescription%2Cmerchant_category%2Csearch_price%2Cmerchant_name%2Cmerchant_id%2Ccategory_name%2Ccategory_id%2Caw_image_url%2Ccurrency%2Cstore_price%2Cdelivery_cost%2Cmerchant_deep_link%2Clanguage%2Clast_updated%2Cbrand_name%2Cbrand_id%2Ccolour%2Cproduct_short_description%2Cspecifications%2Ccondition%2Cproduct_model%2Cmodel_number%2Cdimensions%2Ckeywords%2Cpromotional_text%2Cproduct_type%2Ccommission_group%2Cmerchant_product_category_path%2Cmerchant_product_second_category%2Cmerchant_product_third_category%2Crrp_price%2Csaving%2Csavings_percent%2Cbase_price%2Cbase_price_amount%2Cbase_price_text%2Cproduct_price_old%2Cdelivery_restrictions%2Cdelivery_weight%2Cwarranty%2Cterms_of_contract%2Cdelivery_time%2Cin_stock%2Cstock_quantity%2Cvalid_from%2Cvalid_to%2Cis_for_sale%2Cweb_offer%2Cpre_order%2Cstock_status%2Csize_stock_status%2Csize_stock_amount%2Cmerchant_thumb_url%2Clarge_image%2Calternate_image%2Caw_thumb_url%2Calternate_image_two%2Calternate_image_three%2Calternate_image_four%2Creviews%2Caverage_rating%2Crating%2Cnumber_available%2Ccustom_1%2Ccustom_2%2Ccustom_3%2Ccustom_4%2Ccustom_5%2Ccustom_6%2Ccustom_7%2Ccustom_8%2Ccustom_9%2Cean%2Cisbn%2Cupc%2Cmpn%2Cparent_product_id%2Cproduct_GTIN%2Cbasket_link%2CFashion%3Acategory%2CFashion%3Amaterial%2CFashion%3Apattern%2CFashion%3Asize%2CFashion%3Asuitable_for%2CFashion%3Aswatch/"
"126513","Argendon Crawlspace & commercial dehumidifier","US","Not Joined","Awin","115219","Argendon Product Feed","English","","2026-06-29 09:51:33","2026-08-22 11:01:30","46","https://productdata.awin.com/datafeed/download/apikey/fe83c200b3de1c6c14a8a28f5f7162cd/fid/115219/format/csv/language/en/delimiter/%2C/compression/gzip/adultcontent/1/columns/data_feed_id%2Cmerchant_id%2Cmerchant_name%2Caw_product_id%2Caw_deep_link%2Caw_image_url%2Caw_thumb_url%2Ccategory_id%2Ccategory_name%2Cbrand_id%2Cbrand_name%2Cmerchant_product_id%2Cmerchant_category%2Cmpn%2Cmodel_number%2Cproduct_name%2Cdescription%2Clanguage%2Cmerchant_deep_link%2Cmerchant_image_url%2Ccurrency%2Csearch_price%2Cdelivery_cost%2Cin_stock%2Ccondition%2Cproduct_type%2Cproduct_GTIN/"
"87779","www.diecastmodelswholesale.com","US","Not Joined","Awin","115236","godatafeed","English","","2026-08-22 00:03:05","2026-08-22 00:02:55","8982","https://productdata.awin.com/datafeed/download/apikey/fe83c200b3de1c6c14a8a28f5f7162cd/fid/115236/format/csv/language/en/delimiter/%2C/compression/gzip/adultcontent/1/columns/data_feed_id%2Cmerchant_id%2Cmerchant_name%2Caw_product_id%2Caw_deep_link%2Caw_image_url%2Caw_thumb_url%2Ccategory_id%2Ccategory_name%2Cbrand_id%2Cbrand_name%2Cmerchant_product_id%2Cmerchant_category%2Cupc%2Cmpn%2Cisbn%2Cproduct_name%2Cdescription%2Cmerchant_deep_link%2Cmerchant_thumb_url%2Cmerchant_image_url%2Csearch_price%2Crrp_price%2Cweb_offer%2Cin_stock%2Cstock_quantity%2Ckeywords%2Ccustom_1%2Ccustom_2%2Ccustom_3%2Ccustom_4%2Ccustom_5%2Creviews%2Cbasket_link%2Cproduct_short_description%2Cmerchant_product_second_category%2Ccustom_6%2Ccustom_7%2Ccustom_8%2Ccustom_9/"
"125338","Body Body","US","Not Joined","Awin","115246","Awin Feed Test","English","","2026-08-21 21:03:05","2026-08-22 11:03:46","30358","https://productdata.awin.com/datafeed/download/apikey/fe83c200b3de1c6c14a8a28f5f7162cd/fid/115246/format/csv/language/en/delimiter/%2C/compression/gzip/adultcontent/1/columns/data_feed_id%2Cmerchant_id%2Cmerchant_name%2Caw_product_id%2Caw_deep_link%2Caw_image_url%2Caw_thumb_url%2Ccategory_id%2Ccategory_name%2Cbrand_id%2Cbrand_name%2Cmerchant_product_id%2Cmerchant_category%2Cean%2Cmpn%2Cisbn%2Cmodel_number%2Cproduct_name%2Cdescription%2Cspecifications%2Cpromotional_text%2Clanguage%2Cmerchant_deep_link%2Cmerchant_thumb_url%2Cmerchant_image_url%2Cdelivery_time%2Cvalid_from%2Cvalid_to%2Ccurrency%2Csearch_price%2Cdelivery_cost%2Cweb_offer%2Cpre_order%2Cin_stock%2Cstock_quantity%2Cis_for_sale%2Cwarranty%2Ccondition%2Cproduct_type%2Cparent_product_id%2Ccommission_group%2Clast_updated%2Cdimensions%2Ccolour%2Ckeywords%2Ccustom_1%2Ccustom_2%2Ccustom_3%2Ccustom_4%2Ccustom_5%2Csaving%2Cdelivery_restrictions%2Creviews%2Caverage_rating%2Crating%2Calternate_image%2Clarge_image%2Cbasket_link%2Cproduct_GTIN/"
"126159","Transformation Academy","US","Not Joined","Awin","115278","TA Product Catalog","English","","2026-05-15 21:49:20","2026-08-22 00:01:15","137","https://productdata.awin.com/datafeed/download/apikey/fe83c200b3de1c6c14a8a28f5f7162cd/fid/115278/format/csv/language/en/delimiter/%2C/compression/gzip/adultcontent/1/columns/data_feed_id%2Cmerchant_id%2Cmerchant_name%2Caw_product_id%2Caw_deep_link%2Caw_image_url%2Caw_thumb_url%2Ccategory_id%2Ccategory_name%2Cbrand_id%2Cbrand_name%2Cmerchant_product_id%2Cmerchant_category%2Cproduct_name%2Cdescription%2Cpromotional_text%2Cmerchant_deep_link%2Cmerchant_image_url%2Csearch_price%2Cproduct_type%2Ckeywords%2Csavings_percent/"
"124966","Eydology","US","Not Joined","Awin","115290","eydology-feed","English","","2026-08-22 14:02:02","2026-08-22 14:01:55","1642","https://productdata.awin.com/datafeed/download/apikey/fe83c200b3de1c6c14a8a28f5f7162cd/fid/115290/format/csv/language/en/delimiter/%2C/compression/gzip/adultcontent/1/columns/data_feed_id%2Cmerchant_id%2Cmerchant_name%2Caw_product_id%2Caw_deep_link%2Caw_image_url%2Caw_thumb_url%2Ccategory_id%2Ccategory_name%2Cbrand_id%2Cbrand_name%2Cmerchant_product_id%2Cmpn%2Cproduct_name%2Cdescription%2Cmerchant_deep_link%2Cmerchant_image_url%2Csearch_price%2Cin_stock%2Ccondition%2Cproduct_type%2Calternate_image%2Cproduct_short_description%2Cmerchant_product_third_category%2Calternate_image_two%2Calternate_image_three/"
"126135","Al Jazeera Perfumes EU","FR","Not Joined","Awin","115328","English Feed","English","","2026-08-20 01:01:12","2026-08-22 01:01:12","179","https://productdata.awin.com/datafeed/download/apikey/fe83c200b3de1c6c14a8a28f5f7162cd/fid/115328/format/csv/language/en/delimiter/%2C/compression/gzip/columns/data_feed_id%2Cmerchant_id%2Cmerchant_name%2Caw_product_id%2Caw_deep_link%2Caw_image_url%2Caw_thumb_url%2Ccategory_id%2Ccategory_name%2Cbrand_id%2Cbrand_name%2Cmerchant_product_id%2Cmerchant_category%2Cproduct_name%2Cdescription%2Cmerchant_deep_link%2Cmerchant_image_url%2Ccurrency%2Csearch_price%2Ccondition%2Cproduct_type%2Ccustom_1%2Calternate_image%2Cstock_status%2Cproduct_GTIN/"
"126989","DailyDiet.Online Subscription","GB","Not Joined","Awin","115362","DefDailyDiet_UK_Main_USD_GBPault","English","Group Buying","2026-05-13 15:31:07","","3","https://productdata.awin.com/datafeed/download/apikey/fe83c200b3de1c6c14a8a28f5f7162cd/fid/115362/format/csv/language/en/delimiter/%2C/compression/gzip/adultcontent/1/columns/data_feed_id%2Cmerchant_id%2Cmerchant_name%2Caw_product_id%2Caw_deep_link%2Caw_image_url%2Caw_thumb_url%2Ccategory_id%2Ccategory_name%2Cbrand_id%2Cbrand_name%2Cmerchant_product_id%2Cproduct_name%2Cdescription%2Cmerchant_deep_link%2Cmerchant_image_url%2Ccurrency%2Csearch_price/"
"70252","Angel Barocco","GB","Not Joined","Awin","115384","Angel Barocco Daily","English","","2026-08-22 08:02:11","2026-08-22 08:02:06","2344","https://productdata.awin.com/datafeed/download/apikey/fe83c200b3de1c6c14a8a28f5f7162cd/fid/115384/format/csv/language/en/delimiter/%2C/compression/gzip/adultcontent/1/columns/data_feed_id%2Cmerchant_id%2Cmerchant_name%2Caw_product_id%2Caw_deep_link%2Caw_image_url%2Caw_thumb_url%2Ccategory_id%2Ccategory_name%2Cbrand_id%2Cbrand_name%2Cmerchant_product_id%2Cmpn%2Cproduct_name%2Cdescription%2Clanguage%2Cmerchant_deep_link%2Cmerchant_image_url%2Cdelivery_time%2Ccurrency%2Csearch_price%2Cstock_quantity%2Ccondition%2Cproduct_type%2Ccolour/"
"125422","Social Stories Club (UK)","GB","Not Joined","Awin","115401","Product Feed CSV","English","","2026-05-15 18:31:10","","55","https://productdata.awin.com/datafeed/download/apikey/fe83c200b3de1c6c14a8a28f5f7162cd/fid/115401/format/csv/language/en/delimiter/%2C/compression/gzip/adultcontent/1/columns/data_feed_id%2Cmerchant_id%2Cmerchant_name%2Caw_product_id%2Caw_deep_link%2Caw_image_url%2Caw_thumb_url%2Ccategory_id%2Ccategory_name%2Cbrand_id%2Cbrand_name%2Cmerchant_product_id%2Cmerchant_category%2Cproduct_name%2Cdescription%2Cmerchant_deep_link%2Cmerchant_image_url%2Ccurrency%2Csearch_price%2Cin_stock%2Cstock_quantity%2Ccondition/"
"122444","InStock.net","GB","Not Joined","Awin","115403","InStock","English","","2026-05-15 21:57:16","","1","https://productdata.awin.com/datafeed/download/apikey/fe83c200b3de1c6c14a8a28f5f7162cd/fid/115403/format/csv/language/en/delimiter/%2C/compression/gzip/adultcontent/1/columns/data_feed_id%2Cmerchant_id%2Cmerchant_name%2Caw_product_id%2Caw_deep_link%2Caw_image_url%2Caw_thumb_url%2Ccategory_id%2Ccategory_name%2Cbrand_id%2Cbrand_name%2Cmerchant_product_id%2Cmerchant_category%2Cproduct_name%2Cdescription%2Cmerchant_deep_link%2Cmerchant_image_url%2Csearch_price/"
"126787","Luxefashion Clothing","GB","Not Joined","Awin","115438","Awin Data Feed Luxefashion Clothing","English","","2026-05-19 14:39:06","2026-06-03 05:02:13","89452","https://productdata.awin.com/datafeed/download/apikey/fe83c200b3de1c6c14a8a28f5f7162cd/fid/115438/format/csv/language/en/delimiter/%2C/compression/gzip/adultcontent/1/columns/data_feed_id%2Cmerchant_id%2Cmerchant_name%2Caw_product_id%2Caw_deep_link%2Caw_image_url%2Caw_thumb_url%2Ccategory_id%2Ccategory_name%2Cbrand_id%2Cbrand_name%2Cmerchant_product_id%2Cmpn%2Cproduct_name%2Cdescription%2Cmerchant_deep_link%2Cmerchant_image_url%2Csearch_price%2Cproduct_type%2Cproduct_price_old%2Cstock_status/"
"125844","Bodycross (FR)","FR","Not Joined","Awin","115451","SF","French","","2026-08-22 12:19:24","2026-08-22 12:19:21","64","https://productdata.awin.com/datafeed/download/apikey/fe83c200b3de1c6c14a8a28f5f7162cd/fid/115451/format/csv/language/fr/delimiter/%2C/compression/gzip/columns/aw_deep_link%2Cproduct_name%2Caw_product_id%2Cmerchant_product_id%2Cmerchant_image_url%2Cdescription%2Cmerchant_category%2Csearch_price%2Cmerchant_name%2Cmerchant_id%2Ccategory_name%2Ccategory_id%2Caw_image_url%2Ccurrency%2Cstore_price%2Cdelivery_cost%2Cmerchant_deep_link%2Clanguage%2Clast_updated%2Cbrand_name%2Cbrand_id%2Ccolour%2Cproduct_short_description%2Cspecifications%2Ccondition%2Cproduct_model%2Cmodel_number%2Cdimensions%2Ckeywords%2Cpromotional_text%2Cproduct_type%2Ccommission_group%2Cmerchant_product_category_path%2Cmerchant_product_second_category%2Cmerchant_product_third_category%2Crrp_price%2Csaving%2Csavings_percent%2Cbase_price%2Cbase_price_amount%2Cbase_price_text%2Cproduct_price_old%2Cdelivery_restrictions%2Cdelivery_weight%2Cwarranty%2Cterms_of_contract%2Cdelivery_time%2Cin_stock%2Cstock_quantity%2Cvalid_from%2Cvalid_to%2Cis_for_sale%2Cweb_offer%2Cpre_order%2Cstock_status%2Csize_stock_status%2Csize_stock_amount%2Cmerchant_thumb_url%2Clarge_image%2Calternate_image%2Caw_thumb_url%2Calternate_image_two%2Calternate_image_three%2Calternate_image_four%2Creviews%2Caverage_rating%2Crating%2Cnumber_available%2Ccustom_1%2Ccustom_2%2Ccustom_3%2Ccustom_4%2Ccustom_5%2Ccustom_6%2Ccustom_7%2Ccustom_8%2Ccustom_9%2Cean%2Cisbn%2Cupc%2Cmpn%2Cparent_product_id%2Cproduct_GTIN%2Cbasket_link/"
"126693","Exypna","BR","Not Joined","Awin","115472","Padrão","Portuguese","","2026-05-21 12:07:52","2026-08-22 12:01:28","5","https://productdata.awin.com/datafeed/download/apikey/fe83c200b3de1c6c14a8a28f5f7162cd/fid/115472/format/csv/language/pt/delimiter/%2C/compression/gzip/columns/data_feed_id%2Cmerchant_id%2Cmerchant_name%2Caw_product_id%2Caw_deep_link%2Caw_image_url%2Caw_thumb_url%2Ccategory_id%2Ccategory_name%2Cbrand_id%2Cbrand_name%2Cmerchant_product_id%2Cmerchant_category%2Cupc%2Cean%2Cisbn%2Cmodel_number%2Cproduct_name%2Cdescription%2Cspecifications%2Cpromotional_text%2Clanguage%2Cmerchant_deep_link%2Cmerchant_image_url%2Cdelivery_time%2Cvalid_from%2Cvalid_to%2Ccurrency%2Csearch_price%2Cstore_price%2Crrp_price%2Cdelivery_cost%2Cin_stock%2Cstock_quantity%2Cis_for_sale%2Cwarranty%2Ccondition%2Cproduct_type%2Cparent_product_id%2Ccommission_group%2Clast_updated%2Cdimensions%2Ccolour%2Ckeywords%2Csaving%2Cdelivery_weight%2Cdelivery_restrictions%2Creviews%2Caverage_rating%2Crating%2Calternate_image%2Clarge_image%2Cbasket_link%2Cproduct_short_description%2Cproduct_model%2Cmerchant_product_category_path%2Cmerchant_product_second_category%2Cmerchant_product_third_category%2Csavings_percent%2Cbase_price%2Cbase_price_amount%2Cbase_price_text%2Cproduct_price_old%2Cstock_status%2Csize_stock_status%2Csize_stock_amount%2Cproduct_GTIN/"
"116441","b0arding.com","US","Not Joined","Awin","115548","Validation","English","Travel","2026-05-22 17:55:25","","100","https://productdata.awin.com/datafeed/download/apikey/fe83c200b3de1c6c14a8a28f5f7162cd/fid/115548/format/csv/language/en/delimiter/%2C/compression/gzip/adultcontent/1/columns/data_feed_id%2Cmerchant_id%2Cmerchant_name%2Caw_product_id%2Caw_deep_link%2Caw_image_url%2Caw_thumb_url%2Ccategory_id%2Ccategory_name%2Cbrand_id%2Cbrand_name%2Cmerchant_product_id%2Cmerchant_category%2Cproduct_name%2Cdescription%2Clanguage%2Cmerchant_deep_link%2Cmerchant_image_url%2Ccurrency%2Csearch_price%2Cweb_offer%2Cin_stock%2Cis_for_sale%2Ccondition%2Cproduct_type%2Clast_updated%2CTravel%3Alocation%2CTravel%3Ahotel_name%2CTravel%3Ahotel_address%2CTravel%3Ahotel_stars%2CTravel%3Ahotel_features%2CTravel%3Aavailability%2CTravel%3Alongitude%2CTravel%3Alatitude%2CTravel%3Astarting_from_price/"
"127361","Aussui Affiliate Programme (UK)","GB","Not Joined","Awin","115564","Aussui Master EN","English","ShoppingNL","2026-08-22 16:02:46","2026-08-22 16:02:04","71570","https://productdata.awin.com/datafeed/download/apikey/fe83c200b3de1c6c14a8a28f5f7162cd/fid/115564/format/csv/language/en/delimiter/%2C/compression/gzip/adultcontent/1/columns/data_feed_id%2Cmerchant_id%2Cmerchant_name%2Caw_product_id%2Caw_deep_link%2Caw_image_url%2Caw_thumb_url%2Ccategory_id%2Ccategory_name%2Cbrand_id%2Cbrand_name%2Cmerchant_product_id%2Cmpn%2Cproduct_name%2Cdescription%2Clanguage%2Cmerchant_deep_link%2Cmerchant_image_url%2Ccurrency%2Csearch_price%2Cstore_price%2Crrp_price%2Cdelivery_cost%2Cweb_offer%2Cpre_order%2Cstock_quantity%2Ccondition%2Cproduct_type%2Clast_updated%2Clarge_image%2Cproduct_short_description%2Cstock_status/"
"126641","PCHUB.UK","GB","Not Joined","Awin","115609","Default","English","","2026-08-21 21:25:35","2026-08-22 13:03:13","191861","https://productdata.awin.com/datafeed/download/apikey/fe83c200b3de1c6c14a8a28f5f7162cd/fid/115609/format/csv/language/en/delimiter/%2C/compression/gzip/adultcontent/1/columns/data_feed_id%2Cmerchant_id%2Cmerchant_name%2Caw_product_id%2Caw_deep_link%2Caw_image_url%2Caw_thumb_url%2Ccategory_id%2Ccategory_name%2Cbrand_id%2Cbrand_name%2Cmerchant_product_id%2Cmerchant_category%2Cean%2Cmpn%2Cproduct_name%2Cdescription%2Cspecifications%2Clanguage%2Cmerchant_deep_link%2Cmerchant_image_url%2Cdelivery_time%2Csearch_price%2Crrp_price%2Cdelivery_cost%2Cstock_quantity%2Cwarranty%2Ccondition%2Cproduct_type%2Ckeywords/"
"127411","Plugins-for-Wordpress","US","Not Joined","Awin","115618","Plugins for WordPress Products","English","","2026-05-27 07:34:18","2026-08-14 06:01:11","2","https://productdata.awin.com/datafeed/download/apikey/fe83c200b3de1c6c14a8a28f5f7162cd/fid/115618/format/csv/language/en/delimiter/%2C/compression/gzip/adultcontent/1/columns/data_feed_id%2Cmerchant_id%2Cmerchant_name%2Caw_product_id%2Caw_deep_link%2Caw_image_url%2Caw_thumb_url%2Ccategory_id%2Ccategory_name%2Cbrand_id%2Cbrand_name%2Cmerchant_product_id%2Cmerchant_category%2Cupc%2Cean%2Cisbn%2Cmodel_number%2Cproduct_name%2Cdescription%2Cspecifications%2Cpromotional_text%2Clanguage%2Cmerchant_deep_link%2Cmerchant_image_url%2Cdelivery_time%2Cvalid_from%2Cvalid_to%2Ccurrency%2Csearch_price%2Cstore_price%2Crrp_price%2Cdelivery_cost%2Cin_stock%2Cstock_quantity%2Cis_for_sale%2Cwarranty%2Ccondition%2Cproduct_type%2Cparent_product_id%2Ccommission_group%2Clast_updated%2Cdimensions%2Ccolour%2Ckeywords%2Csaving%2Cdelivery_weight%2Cdelivery_restrictions%2Creviews%2Caverage_rating%2Crating%2Calternate_image%2Clarge_image%2Cbasket_link%2Cproduct_short_description%2Cproduct_model%2Cmerchant_product_category_path%2Cmerchant_product_second_category%2Cmerchant_product_third_category%2Csavings_percent%2Cbase_price%2Cbase_price_amount%2Cbase_price_text%2Cproduct_price_old%2Cstock_status%2Csize_stock_status%2Csize_stock_amount%2Cproduct_GTIN/"
"86733","MOH","GB","Not Joined","Awin","115755","fragrance","English","Fashion","2026-06-03 04:42:11","","8","https://productdata.awin.com/datafeed/download/apikey/fe83c200b3de1c6c14a8a28f5f7162cd/fid/115755/format/csv/language/en/delimiter/%2C/compression/gzip/adultcontent/1/columns/data_feed_id%2Cmerchant_id%2Cmerchant_name%2Caw_product_id%2Caw_deep_link%2Caw_image_url%2Caw_thumb_url%2Ccategory_id%2Ccategory_name%2Cbrand_id%2Cbrand_name%2Cmerchant_product_id%2Cmerchant_category%2Cupc%2Cean%2Cmpn%2Cisbn%2Cproduct_name%2Cdescription%2Cspecifications%2Clanguage%2Cmerchant_deep_link%2Cvalid_from%2Cvalid_to%2Ccurrency%2Csearch_price%2Cdelivery_cost%2Cweb_offer%2Cpre_order%2Cstock_quantity%2Cis_for_sale%2Ccondition%2Cproduct_type%2Cparent_product_id%2Ccommission_group%2Ccolour%2Ckeywords%2Ccustom_1%2Ccustom_2%2Ccustom_3%2Ccustom_4%2Ccustom_5%2Csaving%2Calternate_image%2Cproduct_model%2Cmerchant_product_second_category%2Cmerchant_product_third_category/"
"86733","MOH","GB","Not Joined","Awin","115756","Jewellery","English","Fashion","2026-06-03 04:43:12","","1171","https://productdata.awin.com/datafeed/download/apikey/fe83c200b3de1c6c14a8a28f5f7162cd/fid/115756/format/csv/language/en/delimiter/%2C/compression/gzip/adultcontent/1/columns/data_feed_id%2Cmerchant_id%2Cmerchant_name%2Caw_product_id%2Caw_deep_link%2Caw_image_url%2Caw_thumb_url%2Ccategory_id%2Ccategory_name%2Cbrand_id%2Cbrand_name%2Cmerchant_product_id%2Cmerchant_category%2Cupc%2Cean%2Cmpn%2Cisbn%2Cproduct_name%2Cdescription%2Cspecifications%2Clanguage%2Cmerchant_deep_link%2Cvalid_from%2Cvalid_to%2Ccurrency%2Csearch_price%2Cdelivery_cost%2Cweb_offer%2Cpre_order%2Cstock_quantity%2Cis_for_sale%2Ccondition%2Cproduct_type%2Cparent_product_id%2Ccommission_group%2Ccolour%2Ckeywords%2Ccustom_1%2Ccustom_2%2Ccustom_3%2Ccustom_4%2Ccustom_5%2Csaving%2Calternate_image%2Cproduct_model%2Cmerchant_product_second_category%2Cmerchant_product_third_category/"
"127215","Alvato Lavado de Coches España","ES","Not Joined","Awin","115759","Lavado de coches al 50% en Toda España!","Spanish","","2026-06-05 15:01:09","2026-06-05 00:27:20","1","https://productdata.awin.com/datafeed/download/apikey/fe83c200b3de1c6c14a8a28f5f7162cd/fid/115759/format/csv/language/es/delimiter/%2C/compression/gzip/columns/data_feed_id%2Cmerchant_id%2Cmerchant_name%2Caw_product_id%2Caw_deep_link%2Caw_image_url%2Caw_thumb_url%2Ccategory_id%2Ccategory_name%2Cbrand_id%2Cbrand_name%2Cmerchant_product_id%2Cupc%2Cproduct_name%2Clanguage%2Cmerchant_deep_link%2Cmerchant_image_url%2Cdelivery_time%2Cvalid_to%2Ccurrency%2Csearch_price%2Cproduct_type%2Creviews%2Clarge_image%2Cstock_status/"
"123388","PawFurEver","US","Not Joined","Awin","115815","Default","English","","2026-08-22 12:02:50","2026-08-22 16:13:35","659","https://productdata.awin.com/datafeed/download/apikey/fe83c200b3de1c6c14a8a28f5f7162cd/fid/115815/format/csv/language/en/delimiter/%2C/compression/gzip/adultcontent/1/columns/data_feed_id%2Cmerchant_id%2Cmerchant_name%2Caw_product_id%2Caw_deep_link%2Caw_image_url%2Caw_thumb_url%2Ccategory_id%2Ccategory_name%2Cbrand_id%2Cbrand_name%2Cmerchant_product_id%2Cproduct_name%2Cdescription%2Cmerchant_deep_link%2Cmerchant_image_url%2Csearch_price%2Cin_stock%2Ccolour%2Calternate_image%2Calternate_image_two%2Calternate_image_three%2Cproduct_GTIN%2Calternate_image_four/"
"63006","La Drogueria de Percon","ES","Not Joined","Awin","115855","La Drogueria - Catálogo de productos","Spanish","","2026-08-13 07:02:48","2026-08-18 07:02:50","4448","https://productdata.awin.com/datafeed/download/apikey/fe83c200b3de1c6c14a8a28f5f7162cd/fid/115855/format/csv/language/es/delimiter/%2C/compression/gzip/columns/data_feed_id%2Cmerchant_id%2Cmerchant_name%2Caw_product_id%2Caw_deep_link%2Caw_image_url%2Caw_thumb_url%2Ccategory_id%2Ccategory_name%2Cbrand_id%2Cbrand_name%2Cmerchant_product_id%2Cean%2Cproduct_name%2Cdescription%2Cmerchant_deep_link%2Cmerchant_image_url%2Ccurrency%2Csearch_price%2Cin_stock%2Cmerchant_product_category_path/"
"127801","Blueperry Tool & Builders Merchants (UK)","GB","Not Joined","Awin","115868","Default","English","","2026-07-16 07:41:03","2026-07-20 00:04:01","49546","https://productdata.awin.com/datafeed/download/apikey/fe83c200b3de1c6c14a8a28f5f7162cd/fid/115868/format/csv/language/en/delimiter/%2C/compression/gzip/adultcontent/1/columns/data_feed_id%2Cmerchant_id%2Cmerchant_name%2Caw_product_id%2Caw_deep_link%2Caw_image_url%2Caw_thumb_url%2Ccategory_id%2Ccategory_name%2Cbrand_id%2Cbrand_name%2Cmerchant_product_id%2Cmerchant_category%2Cean%2Cmpn%2Cproduct_name%2Cdescription%2Cmerchant_deep_link%2Cmerchant_image_url%2Ccurrency%2Csearch_price%2Cin_stock/"
"127729","Blueperry agriculture (UK)","GB","Not Joined","Awin","115869","Default","English","","2026-08-22 12:35:46","2026-08-22 12:32:48","404532","https://productdata.awin.com/datafeed/download/apikey/fe83c200b3de1c6c14a8a28f5f7162cd/fid/115869/format/csv/language/en/delimiter/%2C/compression/gzip/adultcontent/1/columns/data_feed_id%2Cmerchant_id%2Cmerchant_name%2Caw_product_id%2Caw_deep_link%2Caw_image_url%2Caw_thumb_url%2Ccategory_id%2Ccategory_name%2Cbrand_id%2Cbrand_name%2Cmerchant_product_id%2Cean%2Cmpn%2Cproduct_name%2Cdescription%2Cmerchant_deep_link%2Cmerchant_image_url%2Ccurrency%2Csearch_price%2Cin_stock%2Cmerchant_product_category_path/"
"126135","Al Jazeera Perfumes EU","FR","Not Joined","Awin","115871","Spanish Feed","Spanish","","2026-08-20 00:01:55","2026-08-22 00:01:25","179","https://productdata.awin.com/datafeed/download/apikey/fe83c200b3de1c6c14a8a28f5f7162cd/fid/115871/format/csv/language/es/delimiter/%2C/compression/gzip/columns/data_feed_id%2Cmerchant_id%2Cmerchant_name%2Caw_product_id%2Caw_deep_link%2Caw_image_url%2Caw_thumb_url%2Ccategory_id%2Ccategory_name%2Cbrand_id%2Cbrand_name%2Cmerchant_product_id%2Cmerchant_category%2Cproduct_name%2Cdescription%2Cmerchant_deep_link%2Cmerchant_image_url%2Ccurrency%2Csearch_price%2Ccondition%2Cproduct_type%2Ccustom_1%2Cstock_status%2Calternate_image_two%2Cproduct_GTIN/"
"126021","balarugs","US","Not Joined","Awin","115874","feed260610","English","","2026-06-10 06:33:43","","1","https://productdata.awin.com/datafeed/download/apikey/fe83c200b3de1c6c14a8a28f5f7162cd/fid/115874/format/csv/language/en/delimiter/%2C/compression/gzip/adultcontent/1/columns/data_feed_id%2Cmerchant_id%2Cmerchant_name%2Caw_product_id%2Caw_deep_link%2Caw_image_url%2Caw_thumb_url%2Ccategory_id%2Ccategory_name%2Cbrand_id%2Cbrand_name%2Cmerchant_product_id%2Cproduct_name%2Cdescription%2Cmerchant_deep_link%2Cmerchant_image_url%2Csearch_price/"
"126021","balarugs","US","Not Joined","Awin","115875","feed260610-2","English","","2026-06-10 06:49:36","","1","https://productdata.awin.com/datafeed/download/apikey/fe83c200b3de1c6c14a8a28f5f7162cd/fid/115875/format/csv/language/en/delimiter/%2C/compression/gzip/adultcontent/1/columns/data_feed_id%2Cmerchant_id%2Cmerchant_name%2Caw_product_id%2Caw_deep_link%2Caw_image_url%2Caw_thumb_url%2Ccategory_id%2Ccategory_name%2Cbrand_id%2Cbrand_name%2Cmerchant_product_id%2Cmerchant_category%2Cproduct_name%2Cdescription%2Cpromotional_text%2Clanguage%2Cmerchant_deep_link%2Cmerchant_image_url%2Csearch_price%2Cdelivery_cost%2Cweb_offer%2Cin_stock%2Cis_for_sale%2Ccondition%2Cproduct_type%2Calternate_image%2Clarge_image%2Cproduct_short_description%2Cstock_status/"
"126357","knitfirst","US","Not Joined","Awin","115876","kf-feed260610","English","","2026-06-10 07:20:26","","1","https://productdata.awin.com/datafeed/download/apikey/fe83c200b3de1c6c14a8a28f5f7162cd/fid/115876/format/csv/language/en/delimiter/%2C/compression/gzip/adultcontent/1/columns/data_feed_id%2Cmerchant_id%2Cmerchant_name%2Caw_product_id%2Caw_deep_link%2Caw_image_url%2Caw_thumb_url%2Ccategory_id%2Ccategory_name%2Cbrand_id%2Cbrand_name%2Cmerchant_product_id%2Cmerchant_category%2Cproduct_name%2Cdescription%2Cpromotional_text%2Clanguage%2Cmerchant_deep_link%2Cmerchant_image_url%2Cdelivery_time%2Ccurrency%2Csearch_price%2Cdelivery_cost%2Cweb_offer%2Cin_stock%2Cis_for_sale%2Ccondition%2Cproduct_type%2Ckeywords%2Calternate_image%2Clarge_image%2Cproduct_short_description%2Cstock_status/"
"126357","knitfirst","US","Not Joined","Awin","115877","feed-extralargerug260610","English","","2026-06-10 07:34:50","","1","https://productdata.awin.com/datafeed/download/apikey/fe83c200b3de1c6c14a8a28f5f7162cd/fid/115877/format/csv/language/en/delimiter/%2C/compression/gzip/adultcontent/1/columns/data_feed_id%2Cmerchant_id%2Cmerchant_name%2Caw_product_id%2Caw_deep_link%2Caw_image_url%2Caw_thumb_url%2Ccategory_id%2Ccategory_name%2Cbrand_id%2Cbrand_name%2Cmerchant_product_id%2Cmerchant_category%2Cproduct_name%2Cdescription%2Cspecifications%2Cpromotional_text%2Cmerchant_deep_link%2Cmerchant_image_url%2Cdelivery_time%2Ccurrency%2Csearch_price%2Crrp_price%2Cdelivery_cost%2Cin_stock%2Cis_for_sale%2Ccondition%2Cproduct_type%2Cdimensions%2Ccolour%2Ckeywords%2Csaving%2Calternate_image%2Clarge_image%2Cproduct_short_description%2Csavings_percent%2Cstock_status%2Calternate_image_two%2Calternate_image_three/"
"127695","Omara Jewelry (ES)","ES","Not Joined","Awin","115879","Joyería - XML","Spanish","Fashion","2026-08-21 21:01:37","2026-08-22 02:06:26","3949","https://productdata.awin.com/datafeed/download/apikey/fe83c200b3de1c6c14a8a28f5f7162cd/fid/115879/format/csv/language/es/delimiter/%2C/compression/gzip/columns/aw_deep_link%2Cproduct_name%2Caw_product_id%2Cmerchant_product_id%2Cmerchant_image_url%2Cdescription%2Cmerchant_category%2Csearch_price%2Cmerchant_name%2Cmerchant_id%2Ccategory_name%2Ccategory_id%2Caw_image_url%2Ccurrency%2Cstore_price%2Cdelivery_cost%2Cmerchant_deep_link%2Clanguage%2Clast_updated%2Cbrand_name%2Cbrand_id%2Ccolour%2Cproduct_short_description%2Cspecifications%2Ccondition%2Cproduct_model%2Cmodel_number%2Cdimensions%2Ckeywords%2Cpromotional_text%2Cproduct_type%2Ccommission_group%2Cmerchant_product_category_path%2Cmerchant_product_second_category%2Cmerchant_product_third_category%2Crrp_price%2Csaving%2Csavings_percent%2Cbase_price%2Cbase_price_amount%2Cbase_price_text%2Cproduct_price_old%2Cdelivery_restrictions%2Cdelivery_weight%2Cwarranty%2Cterms_of_contract%2Cdelivery_time%2Cin_stock%2Cstock_quantity%2Cvalid_from%2Cvalid_to%2Cis_for_sale%2Cweb_offer%2Cpre_order%2Cstock_status%2Csize_stock_status%2Csize_stock_amount%2Cmerchant_thumb_url%2Clarge_image%2Calternate_image%2Caw_thumb_url%2Calternate_image_two%2Calternate_image_three%2Calternate_image_four%2Creviews%2Caverage_rating%2Crating%2Cnumber_available%2Ccustom_1%2Ccustom_2%2Ccustom_3%2Ccustom_4%2Ccustom_5%2Ccustom_6%2Ccustom_7%2Ccustom_8%2Ccustom_9%2Cean%2Cisbn%2Cupc%2Cmpn%2Cparent_product_id%2Cproduct_GTIN%2Cbasket_link%2CFashion%3Acategory%2CFashion%3Amaterial%2CFashion%3Apattern%2CFashion%3Asize%2CFashion%3Asuitable_for%2CFashion%3Aswatch/"
"127695","Omara Jewelry (ES)","ES","Not Joined","Awin","115881","Joyería - CSV","Spanish","Fashion","2026-08-21 21:01:45","2026-08-22 02:06:27","3949","https://productdata.awin.com/datafeed/download/apikey/fe83c200b3de1c6c14a8a28f5f7162cd/fid/115881/format/csv/language/es/delimiter/%2C/compression/gzip/columns/data_feed_id%2Cmerchant_id%2Cmerchant_name%2Caw_product_id%2Caw_deep_link%2Caw_image_url%2Caw_thumb_url%2Ccategory_id%2Ccategory_name%2Cbrand_id%2Cbrand_name%2Cmerchant_product_id%2Cmerchant_category%2Cmodel_number%2Cproduct_name%2Cdescription%2Cmerchant_deep_link%2Cmerchant_image_url%2Ccurrency%2Csearch_price%2Cdelivery_cost%2Cin_stock%2Cstock_quantity%2Ccolour%2CFashion%3Asize%2Calternate_image%2Calternate_image_two%2Calternate_image_three/"
"126135","Al Jazeera Perfumes EU","FR","Not Joined","Awin","115883","French Feed","French","","2026-08-19 22:01:08","2026-08-22 00:01:10","179","https://productdata.awin.com/datafeed/download/apikey/fe83c200b3de1c6c14a8a28f5f7162cd/fid/115883/format/csv/language/fr/delimiter/%2C/compression/gzip/columns/data_feed_id%2Cmerchant_id%2Cmerchant_name%2Caw_product_id%2Caw_deep_link%2Caw_image_url%2Caw_thumb_url%2Ccategory_id%2Ccategory_name%2Cbrand_id%2Cbrand_name%2Cmerchant_product_id%2Cmerchant_category%2Cproduct_name%2Cdescription%2Cmerchant_deep_link%2Cmerchant_image_url%2Ccurrency%2Csearch_price%2Ccondition%2Cproduct_type%2Cparent_product_id%2Ccustom_1%2Cstock_status%2Calternate_image_two%2Cproduct_GTIN/"
"127695","Omara Jewelry (ES)","ES","Not Joined","Awin","115884","Alianzas de Boda - XML","Spanish","Fashion","2026-08-21 21:01:25","2026-08-22 02:06:10","2210","https://productdata.awin.com/datafeed/download/apikey/fe83c200b3de1c6c14a8a28f5f7162cd/fid/115884/format/csv/language/es/delimiter/%2C/compression/gzip/columns/aw_deep_link%2Cproduct_name%2Caw_product_id%2Cmerchant_product_id%2Cmerchant_image_url%2Cdescription%2Cmerchant_category%2Csearch_price%2Cmerchant_name%2Cmerchant_id%2Ccategory_name%2Ccategory_id%2Caw_image_url%2Ccurrency%2Cstore_price%2Cdelivery_cost%2Cmerchant_deep_link%2Clanguage%2Clast_updated%2Cbrand_name%2Cbrand_id%2Ccolour%2Cproduct_short_description%2Cspecifications%2Ccondition%2Cproduct_model%2Cmodel_number%2Cdimensions%2Ckeywords%2Cpromotional_text%2Cproduct_type%2Ccommission_group%2Cmerchant_product_category_path%2Cmerchant_product_second_category%2Cmerchant_product_third_category%2Crrp_price%2Csaving%2Csavings_percent%2Cbase_price%2Cbase_price_amount%2Cbase_price_text%2Cproduct_price_old%2Cdelivery_restrictions%2Cdelivery_weight%2Cwarranty%2Cterms_of_contract%2Cdelivery_time%2Cin_stock%2Cstock_quantity%2Cvalid_from%2Cvalid_to%2Cis_for_sale%2Cweb_offer%2Cpre_order%2Cstock_status%2Csize_stock_status%2Csize_stock_amount%2Cmerchant_thumb_url%2Clarge_image%2Calternate_image%2Caw_thumb_url%2Calternate_image_two%2Calternate_image_three%2Calternate_image_four%2Creviews%2Caverage_rating%2Crating%2Cnumber_available%2Ccustom_1%2Ccustom_2%2Ccustom_3%2Ccustom_4%2Ccustom_5%2Ccustom_6%2Ccustom_7%2Ccustom_8%2Ccustom_9%2Cean%2Cisbn%2Cupc%2Cmpn%2Cparent_product_id%2Cproduct_GTIN%2Cbasket_link%2CFashion%3Acategory%2CFashion%3Amaterial%2CFashion%3Apattern%2CFashion%3Asize%2CFashion%3Asuitable_for%2CFashion%3Aswatch/"
"127695","Omara Jewelry (ES)","ES","Not Joined","Awin","115885","Alianzas de Boda - CSV","Spanish","Fashion","2026-08-21 21:01:30","2026-08-22 02:06:26","2210","https://productdata.awin.com/datafeed/download/apikey/fe83c200b3de1c6c14a8a28f5f7162cd/fid/115885/format/csv/language/es/delimiter/%2C/compression/gzip/columns/data_feed_id%2Cmerchant_id%2Cmerchant_name%2Caw_product_id%2Caw_deep_link%2Caw_image_url%2Caw_thumb_url%2Ccategory_id%2Ccategory_name%2Cbrand_id%2Cbrand_name%2Cmerchant_product_id%2Cmerchant_category%2Cmodel_number%2Cproduct_name%2Cdescription%2Cmerchant_deep_link%2Cmerchant_image_url%2Ccurrency%2Csearch_price%2Cdelivery_cost%2Cin_stock%2Cstock_quantity%2Ccolour%2CFashion%3Asize%2Calternate_image%2Calternate_image_two%2Calternate_image_three/"
"127695","Omara Jewelry (ES)","ES","Not Joined","Awin","115886","Anillos de Compromiso - XML","Spanish","Fashion","2026-08-21 21:02:10","2026-08-22 02:06:28","12594","https://productdata.awin.com/datafeed/download/apikey/fe83c200b3de1c6c14a8a28f5f7162cd/fid/115886/format/csv/language/es/delimiter/%2C/compression/gzip/columns/aw_deep_link%2Cproduct_name%2Caw_product_id%2Cmerchant_product_id%2Cmerchant_image_url%2Cdescription%2Cmerchant_category%2Csearch_price%2Cmerchant_name%2Cmerchant_id%2Ccategory_name%2Ccategory_id%2Caw_image_url%2Ccurrency%2Cstore_price%2Cdelivery_cost%2Cmerchant_deep_link%2Clanguage%2Clast_updated%2Cbrand_name%2Cbrand_id%2Ccolour%2Cproduct_short_description%2Cspecifications%2Ccondition%2Cproduct_model%2Cmodel_number%2Cdimensions%2Ckeywords%2Cpromotional_text%2Cproduct_type%2Ccommission_group%2Cmerchant_product_category_path%2Cmerchant_product_second_category%2Cmerchant_product_third_category%2Crrp_price%2Csaving%2Csavings_percent%2Cbase_price%2Cbase_price_amount%2Cbase_price_text%2Cproduct_price_old%2Cdelivery_restrictions%2Cdelivery_weight%2Cwarranty%2Cterms_of_contract%2Cdelivery_time%2Cin_stock%2Cstock_quantity%2Cvalid_from%2Cvalid_to%2Cis_for_sale%2Cweb_offer%2Cpre_order%2Cstock_status%2Csize_stock_status%2Csize_stock_amount%2Cmerchant_thumb_url%2Clarge_image%2Calternate_image%2Caw_thumb_url%2Calternate_image_two%2Calternate_image_three%2Calternate_image_four%2Creviews%2Caverage_rating%2Crating%2Cnumber_available%2Ccustom_1%2Ccustom_2%2Ccustom_3%2Ccustom_4%2Ccustom_5%2Ccustom_6%2Ccustom_7%2Ccustom_8%2Ccustom_9%2Cean%2Cisbn%2Cupc%2Cmpn%2Cparent_product_id%2Cproduct_GTIN%2Cbasket_link%2CFashion%3Acategory%2CFashion%3Amaterial%2CFashion%3Apattern%2CFashion%3Asize%2CFashion%3Asuitable_for%2CFashion%3Aswatch/"
"127695","Omara Jewelry (ES)","ES","Not Joined","Awin","115887","Anillos de Compromiso - CSV","Spanish","Fashion","2026-08-21 21:01:57","2026-08-22 02:06:46","12594","https://productdata.awin.com/datafeed/download/apikey/fe83c200b3de1c6c14a8a28f5f7162cd/fid/115887/format/csv/language/es/delimiter/%2C/compression/gzip/columns/data_feed_id%2Cmerchant_id%2Cmerchant_name%2Caw_product_id%2Caw_deep_link%2Caw_image_url%2Caw_thumb_url%2Ccategory_id%2Ccategory_name%2Cbrand_id%2Cbrand_name%2Cmerchant_product_id%2Cmerchant_category%2Cmodel_number%2Cproduct_name%2Cdescription%2Cmerchant_deep_link%2Cmerchant_image_url%2Ccurrency%2Csearch_price%2Cdelivery_cost%2Cin_stock%2Cstock_quantity%2Ccolour%2CFashion%3Asize%2Calternate_image%2Calternate_image_two%2Calternate_image_three/"
"125128","bdr-beauty DE","DE","Not Joined","Awin","115998","Awin","German","","2026-06-16 14:59:25","","63","https://productdata.awin.com/datafeed/download/apikey/fe83c200b3de1c6c14a8a28f5f7162cd/fid/115998/format/csv/language/de/delimiter/%2C/compression/gzip/columns/data_feed_id%2Cmerchant_id%2Cmerchant_name%2Caw_product_id%2Caw_deep_link%2Caw_image_url%2Caw_thumb_url%2Ccategory_id%2Ccategory_name%2Cbrand_id%2Cbrand_name%2Cmerchant_product_id%2Cproduct_name%2Cdescription%2Cmerchant_deep_link%2Cmerchant_image_url%2Csearch_price/"
"127765","Spikedogcollars","US","Not Joined","Awin","116065","Default","English","","2026-06-27 05:46:52","2026-06-26 15:25:55","268","https://productdata.awin.com/datafeed/download/apikey/fe83c200b3de1c6c14a8a28f5f7162cd/fid/116065/format/csv/language/en/delimiter/%2C/compression/gzip/adultcontent/1/columns/data_feed_id%2Cmerchant_id%2Cmerchant_name%2Caw_product_id%2Caw_deep_link%2Caw_image_url%2Caw_thumb_url%2Ccategory_id%2Ccategory_name%2Cbrand_id%2Cbrand_name%2Cmerchant_product_id%2Cmerchant_category%2Cmpn%2Cproduct_name%2Cdescription%2Cmerchant_deep_link%2Cmerchant_image_url%2Ccurrency%2Csearch_price%2Cin_stock/"
"128033","Dima Eyewear (US)","US","Not Joined","Awin","116083","Dima-US","English","","2026-08-21 20:05:55","2026-08-22 14:17:33","514","https://productdata.awin.com/datafeed/download/apikey/fe83c200b3de1c6c14a8a28f5f7162cd/fid/116083/format/csv/language/en/delimiter/%2C/compression/gzip/adultcontent/1/columns/data_feed_id%2Cmerchant_id%2Cmerchant_name%2Caw_product_id%2Caw_deep_link%2Caw_image_url%2Caw_thumb_url%2Ccategory_id%2Ccategory_name%2Cbrand_id%2Cbrand_name%2Cmerchant_product_id%2Cmerchant_category%2Cmpn%2Cproduct_name%2Cdescription%2Cmerchant_deep_link%2Cmerchant_image_url%2Csearch_price%2Cstore_price%2Cin_stock%2Cstock_quantity%2Ccondition%2Cparent_product_id%2Ccolour%2Ccustom_1%2Ccustom_2%2Ccustom_3%2Ccustom_4%2Ccustom_5%2Cdelivery_weight%2Ccustom_6%2Ccustom_7%2Ccustom_8%2Ccustom_9%2Cproduct_GTIN/"
"124284","Alorair the dry air","US","Not Joined","Awin","116151","TheDryAir AWIN Product Feed","English","","2026-06-26 12:24:49","2026-08-22 12:01:34","1833","https://productdata.awin.com/datafeed/download/apikey/fe83c200b3de1c6c14a8a28f5f7162cd/fid/116151/format/csv/language/en/delimiter/%2C/compression/gzip/adultcontent/1/columns/data_feed_id%2Cmerchant_id%2Cmerchant_name%2Caw_product_id%2Caw_deep_link%2Caw_image_url%2Caw_thumb_url%2Ccategory_id%2Ccategory_name%2Cbrand_id%2Cbrand_name%2Cmerchant_product_id%2Cmerchant_category%2Cmpn%2Cproduct_name%2Cdescription%2Cmerchant_deep_link%2Cmerchant_image_url%2Ccurrency%2Csearch_price%2Cin_stock%2Ccondition/"
"125128","bdr-beauty DE","DE","Not Joined","Awin","116166","Default","German","","2026-06-25 13:40:06","","63","https://productdata.awin.com/datafeed/download/apikey/fe83c200b3de1c6c14a8a28f5f7162cd/fid/116166/format/csv/language/de/delimiter/%2C/compression/gzip/columns/data_feed_id%2Cmerchant_id%2Cmerchant_name%2Caw_product_id%2Caw_deep_link%2Caw_image_url%2Caw_thumb_url%2Ccategory_id%2Ccategory_name%2Cbrand_id%2Cbrand_name%2Cmerchant_product_id%2Cmpn%2Cproduct_name%2Cdescription%2Cmerchant_deep_link%2Cmerchant_image_url%2Csearch_price%2Cproduct_GTIN/"
"128395","Bazta DK","DK","Not Joined","Awin","116195","Awin - Full","Danish","","2026-08-22 16:15:38","2026-08-22 16:15:27","9043","https://productdata.awin.com/datafeed/download/apikey/fe83c200b3de1c6c14a8a28f5f7162cd/fid/116195/format/csv/language/da/delimiter/%2C/compression/gzip/columns/data_feed_id%2Cmerchant_id%2Cmerchant_name%2Caw_product_id%2Caw_deep_link%2Caw_image_url%2Caw_thumb_url%2Ccategory_id%2Ccategory_name%2Cbrand_id%2Cbrand_name%2Cmerchant_product_id%2Cmerchant_category%2Cmpn%2Cproduct_name%2Cdescription%2Cmerchant_deep_link%2Cmerchant_image_url%2Csearch_price%2Cdelivery_cost%2Cweb_offer%2Cpre_order%2Cstock_quantity%2Cis_for_sale%2Ccondition%2Ccommission_group%2Ccolour%2Ccustom_1%2Calternate_image%2Cmerchant_product_category_path%2Cmerchant_product_second_category%2Cmerchant_product_third_category%2Cstock_status%2Cproduct_GTIN/"
"128403","Bazta IT","IT","Not Joined","Awin","116198","Awin - Full (memberprices)","Italian","","2026-08-22 15:07:20","2026-08-22 15:07:08","9046","https://productdata.awin.com/datafeed/download/apikey/fe83c200b3de1c6c14a8a28f5f7162cd/fid/116198/format/csv/language/it/delimiter/%2C/compression/gzip/columns/data_feed_id%2Cmerchant_id%2Cmerchant_name%2Caw_product_id%2Caw_deep_link%2Caw_image_url%2Caw_thumb_url%2Ccategory_id%2Ccategory_name%2Cbrand_id%2Cbrand_name%2Cmerchant_product_id%2Cmerchant_category%2Cmpn%2Cproduct_name%2Cdescription%2Cmerchant_deep_link%2Cmerchant_image_url%2Csearch_price%2Cdelivery_cost%2Cweb_offer%2Cpre_order%2Cstock_quantity%2Cis_for_sale%2Ccondition%2Ccommission_group%2Ccolour%2Ccustom_1%2Calternate_image%2Cmerchant_product_category_path%2Cmerchant_product_second_category%2Cmerchant_product_third_category%2Cstock_status%2Cproduct_GTIN/"
"128403","Bazta IT","IT","Not Joined","Awin","116199","Awin - Full (normal prices)","Italian","","2026-08-22 16:12:19","2026-08-22 16:12:08","9046","https://productdata.awin.com/datafeed/download/apikey/fe83c200b3de1c6c14a8a28f5f7162cd/fid/116199/format/csv/language/it/delimiter/%2C/compression/gzip/columns/data_feed_id%2Cmerchant_id%2Cmerchant_name%2Caw_product_id%2Caw_deep_link%2Caw_image_url%2Caw_thumb_url%2Ccategory_id%2Ccategory_name%2Cbrand_id%2Cbrand_name%2Cmerchant_product_id%2Cmerchant_category%2Cmpn%2Cproduct_name%2Cdescription%2Cmerchant_deep_link%2Cmerchant_image_url%2Csearch_price%2Cdelivery_cost%2Cweb_offer%2Cpre_order%2Cstock_quantity%2Cis_for_sale%2Ccondition%2Ccommission_group%2Ccolour%2Ccustom_1%2Calternate_image%2Cmerchant_product_category_path%2Cmerchant_product_second_category%2Cmerchant_product_third_category%2Cstock_status%2Cproduct_GTIN/"
"128403","Bazta IT","IT","Not Joined","Awin","116200","Awin - Discounted Price","Italian","","2026-08-22 16:16:14","2026-08-22 16:16:07","2360","https://productdata.awin.com/datafeed/download/apikey/fe83c200b3de1c6c14a8a28f5f7162cd/fid/116200/format/csv/language/it/delimiter/%2C/compression/gzip/columns/data_feed_id%2Cmerchant_id%2Cmerchant_name%2Caw_product_id%2Caw_deep_link%2Caw_image_url%2Caw_thumb_url%2Ccategory_id%2Ccategory_name%2Cbrand_id%2Cbrand_name%2Cmerchant_product_id%2Cmerchant_category%2Cmpn%2Cproduct_name%2Cdescription%2Cmerchant_deep_link%2Cmerchant_image_url%2Csearch_price%2Cdelivery_cost%2Cweb_offer%2Cpre_order%2Cstock_quantity%2Cis_for_sale%2Ccondition%2Ccommission_group%2Ccolour%2Ccustom_1%2Calternate_image%2Cmerchant_product_category_path%2Cmerchant_product_second_category%2Cmerchant_product_third_category%2Cstock_status%2Cproduct_GTIN/"
"127373","Hamxi","US","Not Joined","Awin","116209","Marly Fragrance by Hamxi Shop","English","","2026-06-27 09:31:28","","11","https://productdata.awin.com/datafeed/download/apikey/fe83c200b3de1c6c14a8a28f5f7162cd/fid/116209/format/csv/language/en/delimiter/%2C/compression/gzip/adultcontent/1/columns/data_feed_id%2Cmerchant_id%2Cmerchant_name%2Caw_product_id%2Caw_deep_link%2Caw_image_url%2Caw_thumb_url%2Ccategory_id%2Ccategory_name%2Cbrand_id%2Cbrand_name%2Cmerchant_product_id%2Cmerchant_category%2Cproduct_name%2Cdescription%2Cmerchant_deep_link%2Cmerchant_image_url%2Csearch_price%2Cproduct_type/"
"127373","Hamxi","US","Not Joined","Awin","116210","Hamxi Laptop Bags","English","","2026-06-27 09:35:35","","10","https://productdata.awin.com/datafeed/download/apikey/fe83c200b3de1c6c14a8a28f5f7162cd/fid/116210/format/csv/language/en/delimiter/%2C/compression/gzip/adultcontent/1/columns/data_feed_id%2Cmerchant_id%2Cmerchant_name%2Caw_product_id%2Caw_deep_link%2Caw_image_url%2Caw_thumb_url%2Ccategory_id%2Ccategory_name%2Cbrand_id%2Cbrand_name%2Cmerchant_product_id%2Cmerchant_category%2Cproduct_name%2Cdescription%2Cmerchant_deep_link%2Cmerchant_image_url%2Csearch_price%2Cproduct_type/"
"127373","Hamxi","US","Not Joined","Awin","116212","EstÃ©e Lauder by Hamxi Store","English","","2026-06-27 09:45:20","","10","https://productdata.awin.com/datafeed/download/apikey/fe83c200b3de1c6c14a8a28f5f7162cd/fid/116212/format/csv/language/en/delimiter/%2C/compression/gzip/adultcontent/1/columns/data_feed_id%2Cmerchant_id%2Cmerchant_name%2Caw_product_id%2Caw_deep_link%2Caw_image_url%2Caw_thumb_url%2Ccategory_id%2Ccategory_name%2Cbrand_id%2Cbrand_name%2Cmerchant_product_id%2Cmerchant_category%2Cproduct_name%2Cdescription%2Cmerchant_deep_link%2Cmerchant_image_url%2Csearch_price%2Cproduct_type/"
"127373","Hamxi","US","Not Joined","Awin","116213","Armani Fragrance by Hamxi Shop","English","","2026-06-27 09:52:08","","9","https://productdata.awin.com/datafeed/download/apikey/fe83c200b3de1c6c14a8a28f5f7162cd/fid/116213/format/csv/language/en/delimiter/%2C/compression/gzip/adultcontent/1/columns/data_feed_id%2Cmerchant_id%2Cmerchant_name%2Caw_product_id%2Caw_deep_link%2Caw_image_url%2Caw_thumb_url%2Ccategory_id%2Ccategory_name%2Cbrand_id%2Cbrand_name%2Cmerchant_product_id%2Cmerchant_category%2Cproduct_name%2Cdescription%2Cmerchant_deep_link%2Cmerchant_image_url%2Csearch_price%2Cproduct_type/"
"127373","Hamxi","US","Not Joined","Awin","116214","PlayStation by Hamxi Shop","English","","2026-06-27 09:58:39","","8","https://productdata.awin.com/datafeed/download/apikey/fe83c200b3de1c6c14a8a28f5f7162cd/fid/116214/format/csv/language/en/delimiter/%2C/compression/gzip/adultcontent/1/columns/data_feed_id%2Cmerchant_id%2Cmerchant_name%2Caw_product_id%2Caw_deep_link%2Caw_image_url%2Caw_thumb_url%2Ccategory_id%2Ccategory_name%2Cbrand_id%2Cbrand_name%2Cmerchant_product_id%2Cmerchant_category%2Cproduct_name%2Cdescription%2Cmerchant_deep_link%2Cmerchant_image_url%2Csearch_price%2Cproduct_type/"
"126135","Al Jazeera Perfumes EU","FR","Not Joined","Awin","116305","German Feed","Dutch","","2026-08-20 00:01:40","2026-08-22 00:01:07","179","https://productdata.awin.com/datafeed/download/apikey/fe83c200b3de1c6c14a8a28f5f7162cd/fid/116305/format/csv/language/nl/delimiter/%2C/compression/gzip/columns/data_feed_id%2Cmerchant_id%2Cmerchant_name%2Caw_product_id%2Caw_deep_link%2Caw_image_url%2Caw_thumb_url%2Ccategory_id%2Ccategory_name%2Cbrand_id%2Cbrand_name%2Cmerchant_product_id%2Cmerchant_category%2Cproduct_name%2Cdescription%2Cmerchant_deep_link%2Cmerchant_image_url%2Ccurrency%2Csearch_price%2Ccondition%2Cproduct_type%2Ccustom_1%2Calternate_image%2Cstock_status%2Cproduct_GTIN/"
"127075","EngageBay CRM","US","Not Joined","Awin","116345","EngageBay Subscription Plans","English","","2026-07-03 12:37:39","","4","https://productdata.awin.com/datafeed/download/apikey/fe83c200b3de1c6c14a8a28f5f7162cd/fid/116345/format/csv/language/en/delimiter/%2C/compression/gzip/adultcontent/1/columns/data_feed_id%2Cmerchant_id%2Cmerchant_name%2Caw_product_id%2Caw_deep_link%2Caw_image_url%2Caw_thumb_url%2Ccategory_id%2Ccategory_name%2Cbrand_id%2Cbrand_name%2Cmerchant_product_id%2Cmerchant_category%2Cproduct_name%2Cdescription%2Cmerchant_deep_link%2Cmerchant_image_url%2Ccurrency%2Csearch_price%2Cin_stock/"
"128237","Éclairage Déco","FR","Not Joined","Awin","116353","eclairagedeco Awin Feed","French","","2026-07-03 18:17:03","","947","https://productdata.awin.com/datafeed/download/apikey/fe83c200b3de1c6c14a8a28f5f7162cd/fid/116353/format/csv/language/fr/delimiter/%2C/compression/gzip/columns/data_feed_id%2Cmerchant_id%2Cmerchant_name%2Caw_product_id%2Caw_deep_link%2Caw_image_url%2Caw_thumb_url%2Ccategory_id%2Ccategory_name%2Cbrand_id%2Cbrand_name%2Cmerchant_product_id%2Cmerchant_category%2Cmpn%2Cproduct_name%2Cdescription%2Cmerchant_deep_link%2Cmerchant_image_url%2Ccurrency%2Csearch_price%2Cproduct_type%2Calternate_image%2Calternate_image_two%2Calternate_image_three%2Calternate_image_four/"
"127373","Hamxi","US","Not Joined","Awin","116356","HAmxi all products","English","","2026-07-04 11:45:30","","621","https://productdata.awin.com/datafeed/download/apikey/fe83c200b3de1c6c14a8a28f5f7162cd/fid/116356/format/csv/language/en/delimiter/%2C/compression/gzip/adultcontent/1/columns/data_feed_id%2Cmerchant_id%2Cmerchant_name%2Caw_product_id%2Caw_deep_link%2Caw_image_url%2Caw_thumb_url%2Ccategory_id%2Ccategory_name%2Cbrand_id%2Cbrand_name%2Cmerchant_product_id%2Cmerchant_category%2Cproduct_name%2Cdescription%2Cmerchant_deep_link%2Cmerchant_image_url%2Csearch_price%2Cmerchant_product_category_path/"
"128503","Plusshop IT","IT","Not Joined","Awin","116362","Awin - Full (memberprices)","Italian","","2026-08-22 15:07:26","2026-08-22 15:07:13","9052","https://productdata.awin.com/datafeed/download/apikey/fe83c200b3de1c6c14a8a28f5f7162cd/fid/116362/format/csv/language/it/delimiter/%2C/compression/gzip/columns/data_feed_id%2Cmerchant_id%2Cmerchant_name%2Caw_product_id%2Caw_deep_link%2Caw_image_url%2Caw_thumb_url%2Ccategory_id%2Ccategory_name%2Cbrand_id%2Cbrand_name%2Cmerchant_product_id%2Cmerchant_category%2Cmpn%2Cproduct_name%2Cmerchant_deep_link%2Cmerchant_image_url%2Csearch_price%2Cdelivery_cost%2Cweb_offer%2Cpre_order%2Cstock_quantity%2Cis_for_sale%2Ccondition%2Ccommission_group%2Ccolour%2Ccustom_1%2Calternate_image%2Cmerchant_product_category_path%2Cmerchant_product_second_category%2Cmerchant_product_third_category%2Cstock_status%2Cproduct_GTIN/"
"128503","Plusshop IT","IT","Not Joined","Awin","116363","Awin - Full (normal prices)","Italian","","2026-08-22 16:09:41","2026-08-22 16:09:31","9052","https://productdata.awin.com/datafeed/download/apikey/fe83c200b3de1c6c14a8a28f5f7162cd/fid/116363/format/csv/language/it/delimiter/%2C/compression/gzip/columns/data_feed_id%2Cmerchant_id%2Cmerchant_name%2Caw_product_id%2Caw_deep_link%2Caw_image_url%2Caw_thumb_url%2Ccategory_id%2Ccategory_name%2Cbrand_id%2Cbrand_name%2Cmerchant_product_id%2Cmerchant_category%2Cmpn%2Cproduct_name%2Cmerchant_deep_link%2Cmerchant_image_url%2Csearch_price%2Cdelivery_cost%2Cweb_offer%2Cpre_order%2Cstock_quantity%2Cis_for_sale%2Ccondition%2Ccommission_group%2Ccolour%2Ccustom_1%2Calternate_image%2Cmerchant_product_category_path%2Cmerchant_product_second_category%2Cmerchant_product_third_category%2Cstock_status%2Cproduct_GTIN/"
"128503","Plusshop IT","IT","Not Joined","Awin","116365","Awin - Discounted Price","Italian","","2026-08-22 14:29:03","2026-08-22 14:28:57","2382","https://productdata.awin.com/datafeed/download/apikey/fe83c200b3de1c6c14a8a28f5f7162cd/fid/116365/format/csv/language/it/delimiter/%2C/compression/gzip/columns/data_feed_id%2Cmerchant_id%2Cmerchant_name%2Caw_product_id%2Caw_deep_link%2Caw_image_url%2Caw_thumb_url%2Ccategory_id%2Ccategory_name%2Cbrand_id%2Cbrand_name%2Cmerchant_product_id%2Cmerchant_category%2Cmpn%2Cproduct_name%2Cmerchant_deep_link%2Cmerchant_image_url%2Csearch_price%2Cdelivery_cost%2Cweb_offer%2Cpre_order%2Cstock_quantity%2Cis_for_sale%2Ccondition%2Ccommission_group%2Ccolour%2Ccustom_1%2Calternate_image%2Cmerchant_product_category_path%2Cmerchant_product_second_category%2Cmerchant_product_third_category%2Cstock_status%2Cproduct_GTIN/"
"128343","Cloth Vintage Affiliate Programme","GB","Not Joined","Awin","116396","Default","English","","2026-07-15 12:03:08","2026-07-19 00:03:22","12081","https://productdata.awin.com/datafeed/download/apikey/fe83c200b3de1c6c14a8a28f5f7162cd/fid/116396/format/csv/language/en/delimiter/%2C/compression/gzip/adultcontent/1/columns/data_feed_id%2Cmerchant_id%2Cmerchant_name%2Caw_product_id%2Caw_deep_link%2Caw_image_url%2Caw_thumb_url%2Ccategory_id%2Ccategory_name%2Cbrand_id%2Cbrand_name%2Cmerchant_product_id%2Cmerchant_category%2Cean%2Cmpn%2Cproduct_name%2Cdescription%2Cmerchant_deep_link%2Cmerchant_image_url%2Cdelivery_time%2Ccurrency%2Csearch_price%2Cdelivery_cost%2Cin_stock%2Cstock_quantity%2Ccondition%2Cproduct_type%2Ccolour%2Calternate_image%2Cproduct_price_old%2Csize_stock_amount%2Calternate_image_two%2Calternate_image_three%2Calternate_image_four/"
"128659","Some Slight Clothing","US","Not Joined","Awin","116414","Some Slight Clothing Data Feed","English","","2026-07-08 21:00:41","","1719","https://productdata.awin.com/datafeed/download/apikey/fe83c200b3de1c6c14a8a28f5f7162cd/fid/116414/format/csv/language/en/delimiter/%2C/compression/gzip/adultcontent/1/columns/data_feed_id%2Cmerchant_id%2Cmerchant_name%2Caw_product_id%2Caw_deep_link%2Caw_image_url%2Caw_thumb_url%2Ccategory_id%2Ccategory_name%2Cbrand_id%2Cbrand_name%2Cmerchant_product_id%2Cmerchant_category%2Cean%2Cmpn%2Cproduct_name%2Cdescription%2Cmerchant_deep_link%2Cmerchant_image_url%2Ccurrency%2Csearch_price%2Cproduct_type%2Calternate_image%2Calternate_image_two%2Calternate_image_three%2Calternate_image_four/"
"19976","Truthbrush","GB","Not Joined","Awin","116420","Feedyio","English","","2026-08-22 01:02:35","2026-08-22 11:05:52","43","https://productdata.awin.com/datafeed/download/apikey/fe83c200b3de1c6c14a8a28f5f7162cd/fid/116420/format/csv/language/en/delimiter/%2C/compression/gzip/adultcontent/1/columns/aw_deep_link%2Cproduct_name%2Caw_product_id%2Cmerchant_product_id%2Cmerchant_image_url%2Cdescription%2Cmerchant_category%2Csearch_price%2Cmerchant_name%2Cmerchant_id%2Ccategory_name%2Ccategory_id%2Caw_image_url%2Ccurrency%2Cstore_price%2Cdelivery_cost%2Cmerchant_deep_link%2Clanguage%2Clast_updated%2Cbrand_name%2Cbrand_id%2Ccolour%2Cproduct_short_description%2Cspecifications%2Ccondition%2Cproduct_model%2Cmodel_number%2Cdimensions%2Ckeywords%2Cpromotional_text%2Cproduct_type%2Ccommission_group%2Cmerchant_product_category_path%2Cmerchant_product_second_category%2Cmerchant_product_third_category%2Crrp_price%2Csaving%2Csavings_percent%2Cbase_price%2Cbase_price_amount%2Cbase_price_text%2Cproduct_price_old%2Cdelivery_restrictions%2Cdelivery_weight%2Cwarranty%2Cterms_of_contract%2Cdelivery_time%2Cin_stock%2Cstock_quantity%2Cvalid_from%2Cvalid_to%2Cis_for_sale%2Cweb_offer%2Cpre_order%2Cstock_status%2Csize_stock_status%2Csize_stock_amount%2Cmerchant_thumb_url%2Clarge_image%2Calternate_image%2Caw_thumb_url%2Calternate_image_two%2Calternate_image_three%2Calternate_image_four%2Creviews%2Caverage_rating%2Crating%2Cnumber_available%2Ccustom_1%2Ccustom_2%2Ccustom_3%2Ccustom_4%2Ccustom_5%2Ccustom_6%2Ccustom_7%2Ccustom_8%2Ccustom_9%2Cean%2Cisbn%2Cupc%2Cmpn%2Cparent_product_id%2Cproduct_GTIN%2Cbasket_link/"
"126331","Parfivo","DE","Not Joined","Awin","116466","Italy Feed","Italian","Fashion","2026-08-21 19:20:14","2026-08-22 12:07:12","260","https://productdata.awin.com/datafeed/download/apikey/fe83c200b3de1c6c14a8a28f5f7162cd/fid/116466/format/csv/language/it/delimiter/%2C/compression/gzip/columns/data_feed_id%2Cmerchant_id%2Cmerchant_name%2Caw_product_id%2Caw_deep_link%2Caw_image_url%2Caw_thumb_url%2Ccategory_id%2Ccategory_name%2Cbrand_id%2Cbrand_name%2Cmerchant_product_id%2Cmerchant_category%2Cproduct_name%2Cdescription%2Cmerchant_deep_link%2Cmerchant_image_url%2Csearch_price%2Cdelivery_cost%2Cin_stock%2Ccondition%2Ccustom_1%2Ccustom_2%2Ccustom_3%2Cdelivery_weight%2Cdelivery_restrictions%2Cproduct_GTIN/"
"128237","Éclairage Déco","FR","Not Joined","Awin","116485","Mulwi Feed","French","","2026-08-22 16:03:38","2026-08-22 16:03:34","1041","https://productdata.awin.com/datafeed/download/apikey/fe83c200b3de1c6c14a8a28f5f7162cd/fid/116485/format/csv/language/fr/delimiter/%2C/compression/gzip/columns/data_feed_id%2Cmerchant_id%2Cmerchant_name%2Caw_product_id%2Caw_deep_link%2Caw_image_url%2Caw_thumb_url%2Ccategory_id%2Ccategory_name%2Cbrand_id%2Cbrand_name%2Cmerchant_product_id%2Cmerchant_category%2Cean%2Cmpn%2Cproduct_name%2Cdescription%2Cmerchant_deep_link%2Cmerchant_image_url%2Cdelivery_time%2Ccurrency%2Csearch_price%2Cdelivery_cost%2Cin_stock%2Cstock_quantity%2Ccondition%2Cproduct_type%2Ccolour%2Ccustom_1%2Calternate_image%2Cproduct_price_old%2Calternate_image_two%2Calternate_image_three%2Calternate_image_four/"
"128857","parfumbella","NL","Not Joined","Awin","116500","parfumbella","Dutch","","2026-08-21 10:02:54","2026-08-22 13:01:35","308","https://productdata.awin.com/datafeed/download/apikey/fe83c200b3de1c6c14a8a28f5f7162cd/fid/116500/format/csv/language/nl/delimiter/%2C/compression/gzip/columns/data_feed_id%2Cmerchant_id%2Cmerchant_name%2Caw_product_id%2Caw_deep_link%2Caw_image_url%2Caw_thumb_url%2Ccategory_id%2Ccategory_name%2Cbrand_id%2Cbrand_name%2Cmerchant_product_id%2Cmerchant_category%2Cean%2Cisbn%2Cproduct_name%2Cdescription%2Cmerchant_deep_link%2Cmerchant_image_url%2Cdelivery_time%2Ccurrency%2Csearch_price%2Cdelivery_cost%2Cin_stock%2Ccondition%2Ccommission_group%2Ccolour%2Cdelivery_weight%2Cdelivery_restrictions%2Caverage_rating%2Calternate_image%2Cbasket_link%2Cmerchant_product_category_path%2Cmerchant_product_second_category%2Cmerchant_product_third_category%2Cbase_price%2Cbase_price_amount%2Cbase_price_text%2Csize_stock_amount%2Cproduct_GTIN/"
"127767","Regina Andrew Detroit","US","Not Joined","Awin","116595","EDI Feed","English","","2026-08-22 06:01:37","2026-08-22 06:01:32","2702","https://productdata.awin.com/datafeed/download/apikey/fe83c200b3de1c6c14a8a28f5f7162cd/fid/116595/format/csv/language/en/delimiter/%2C/compression/gzip/adultcontent/1/columns/data_feed_id%2Cmerchant_id%2Cmerchant_name%2Caw_product_id%2Caw_deep_link%2Caw_image_url%2Caw_thumb_url%2Ccategory_id%2Ccategory_name%2Cbrand_id%2Cbrand_name%2Cmerchant_product_id%2Cmerchant_category%2Cproduct_name%2Cdescription%2Cmerchant_deep_link%2Cmerchant_image_url%2Csearch_price/"
"122824","Lets Buy Books","GB","Not Joined","Awin","116625","DataFeedWatch","English","","2026-08-22 06:12:14","2026-08-22 16:04:03","4649","https://productdata.awin.com/datafeed/download/apikey/fe83c200b3de1c6c14a8a28f5f7162cd/fid/116625/format/csv/language/en/delimiter/%2C/compression/gzip/adultcontent/1/columns/data_feed_id%2Cmerchant_id%2Cmerchant_name%2Caw_product_id%2Caw_deep_link%2Caw_image_url%2Caw_thumb_url%2Ccategory_id%2Ccategory_name%2Cbrand_id%2Cbrand_name%2Cmerchant_product_id%2Cmerchant_category%2Cean%2Cmpn%2Cisbn%2Cproduct_name%2Cdescription%2Cmerchant_deep_link%2Cmerchant_image_url%2Ccurrency%2Csearch_price%2Cin_stock%2Cstock_quantity%2Ccondition%2Cproduct_type%2Ccustom_1%2Ccustom_2%2Ccustom_3%2Ccustom_4%2Ccustom_5%2Calternate_image%2Clarge_image%2Cmerchant_product_category_path%2Cproduct_price_old%2Calternate_image_two%2Calternate_image_three%2Ccustom_6%2Cproduct_GTIN%2Calternate_image_four/"
"126887","Celsius Herbs","US","Not Joined","Awin","116702","Default","English","","2026-08-22 14:15:41","2026-08-22 14:15:32","87","https://productdata.awin.com/datafeed/download/apikey/fe83c200b3de1c6c14a8a28f5f7162cd/fid/116702/format/csv/language/en/delimiter/%2C/compression/gzip/adultcontent/1/columns/data_feed_id%2Cmerchant_id%2Cmerchant_name%2Caw_product_id%2Caw_deep_link%2Caw_image_url%2Caw_thumb_url%2Ccategory_id%2Ccategory_name%2Cbrand_id%2Cbrand_name%2Cmerchant_product_id%2Cmerchant_category%2Cmpn%2Cproduct_name%2Cdescription%2Cmerchant_deep_link%2Cmerchant_image_url%2Csearch_price%2Calternate_image%2Cbase_price%2Calternate_image_two%2Calternate_image_three%2Calternate_image_four/"
"117527","iHome Dental (US)","US","Not Joined","Awin","116766","iHomeDental Product feed new","English","","2026-07-28 10:50:28","","39","https://productdata.awin.com/datafeed/download/apikey/fe83c200b3de1c6c14a8a28f5f7162cd/fid/116766/format/csv/language/en/delimiter/%2C/compression/gzip/adultcontent/1/columns/data_feed_id%2Cmerchant_id%2Cmerchant_name%2Caw_product_id%2Caw_deep_link%2Caw_image_url%2Caw_thumb_url%2Ccategory_id%2Ccategory_name%2Cbrand_id%2Cbrand_name%2Cmerchant_product_id%2Cmerchant_category%2Cean%2Cmpn%2Cproduct_name%2Cdescription%2Cmerchant_deep_link%2Ccurrency%2Csearch_price%2Cstore_price%2Crrp_price%2Cin_stock%2Cis_for_sale%2Cproduct_type%2Ckeywords/"
"128979","Dr. Alan Bauman (US)","US","Not Joined","Awin","116782","Featured Hair Growth Products","English","","2026-07-28 18:31:34","","4","https://productdata.awin.com/datafeed/download/apikey/fe83c200b3de1c6c14a8a28f5f7162cd/fid/116782/format/csv/language/en/delimiter/%2C/compression/gzip/adultcontent/1/columns/data_feed_id%2Cmerchant_id%2Cmerchant_name%2Caw_product_id%2Caw_deep_link%2Caw_image_url%2Caw_thumb_url%2Ccategory_id%2Ccategory_name%2Cbrand_id%2Cbrand_name%2Cmerchant_product_id%2Cmerchant_category%2Cproduct_name%2Cdescription%2Cmerchant_deep_link%2Ccurrency%2Csearch_price%2Cin_stock/"
"127381","MontAmour","NL","Not Joined","Awin","116819","Standaard","Dutch","","2026-07-30 13:45:43","","9","https://productdata.awin.com/datafeed/download/apikey/fe83c200b3de1c6c14a8a28f5f7162cd/fid/116819/format/csv/language/nl/delimiter/%2C/compression/gzip/columns/data_feed_id%2Cmerchant_id%2Cmerchant_name%2Caw_product_id%2Caw_deep_link%2Caw_image_url%2Caw_thumb_url%2Ccategory_id%2Ccategory_name%2Cbrand_id%2Cbrand_name%2Cmerchant_product_id%2Cmerchant_category%2Cean%2Cmodel_number%2Cproduct_name%2Cdescription%2Cspecifications%2Cpromotional_text%2Cmerchant_deep_link%2Cmerchant_image_url%2Ccurrency%2Csearch_price%2Crrp_price%2Cin_stock%2Cstock_quantity%2Ccondition%2Ccolour%2Ckeywords%2Calternate_image%2Cproduct_short_description/"
"128369","Fang Accessories","US","Not Joined","Awin","116874","Default","English","","2026-08-12 16:01:58","2026-08-22 16:01:26","41","https://productdata.awin.com/datafeed/download/apikey/fe83c200b3de1c6c14a8a28f5f7162cd/fid/116874/format/csv/language/en/delimiter/%2C/compression/gzip/adultcontent/1/columns/data_feed_id%2Cmerchant_id%2Cmerchant_name%2Caw_product_id%2Caw_deep_link%2Caw_image_url%2Caw_thumb_url%2Ccategory_id%2Ccategory_name%2Cbrand_id%2Cbrand_name%2Cmerchant_product_id%2Cmerchant_category%2Cproduct_name%2Cdescription%2Cmerchant_deep_link%2Ccurrency%2Csearch_price%2Calternate_image/"
"129167","Huizbirn - Holzdeko von René Riebenbauer (DE)","DE","Not Joined","Awin","116887","Default","German","","2026-08-02 07:28:23","","622","https://productdata.awin.com/datafeed/download/apikey/fe83c200b3de1c6c14a8a28f5f7162cd/fid/116887/format/csv/language/de/delimiter/%2C/compression/gzip/columns/data_feed_id%2Cmerchant_id%2Cmerchant_name%2Caw_product_id%2Caw_deep_link%2Caw_image_url%2Caw_thumb_url%2Ccategory_id%2Ccategory_name%2Cbrand_id%2Cbrand_name%2Cmerchant_product_id%2Cproduct_name%2Cdescription%2Cmerchant_deep_link%2Cmerchant_image_url%2Cdelivery_time%2Csearch_price%2Cstock_status/"
"129031","LIKA","DE","Not Joined","Awin","116897","Default","English","","2026-08-22 06:19:54","2026-08-22 12:19:19","325","https://productdata.awin.com/datafeed/download/apikey/fe83c200b3de1c6c14a8a28f5f7162cd/fid/116897/format/csv/language/en/delimiter/%2C/compression/gzip/columns/data_feed_id%2Cmerchant_id%2Cmerchant_name%2Caw_product_id%2Caw_deep_link%2Caw_image_url%2Caw_thumb_url%2Ccategory_id%2Ccategory_name%2Cbrand_id%2Cbrand_name%2Cmerchant_product_id%2Cmerchant_category%2Cupc%2Cean%2Cmpn%2Cmodel_number%2Cproduct_name%2Cdescription%2Cspecifications%2Clanguage%2Cmerchant_deep_link%2Cmerchant_thumb_url%2Cmerchant_image_url%2Cdelivery_time%2Cvalid_from%2Cvalid_to%2Ccurrency%2Csearch_price%2Crrp_price%2Cdelivery_cost%2Cweb_offer%2Cpre_order%2Cin_stock%2Cstock_quantity%2Cis_for_sale%2Ccondition%2Cproduct_type%2Cparent_product_id%2Clast_updated%2Cdimensions%2Ccolour%2Ckeywords%2Csaving%2Crating%2Calternate_image%2Clarge_image%2Cbasket_link%2Cproduct_short_description%2Cmerchant_product_category_path%2Cmerchant_product_second_category%2Cmerchant_product_third_category%2Csavings_percent%2Cproduct_price_old%2Cstock_status%2Csize_stock_status%2Csize_stock_amount%2Calternate_image_two%2Calternate_image_three%2Cproduct_GTIN%2Calternate_image_four/"
"124668","AML Travel and Tours","GB","Not Joined","Awin","116955","AML Trips","English","Travel","2026-08-19 03:01:21","2026-08-22 03:01:06","28","https://productdata.awin.com/datafeed/download/apikey/fe83c200b3de1c6c14a8a28f5f7162cd/fid/116955/format/csv/language/en/delimiter/%2C/compression/gzip/adultcontent/1/columns/data_feed_id%2Cmerchant_id%2Cmerchant_name%2Caw_product_id%2Caw_deep_link%2Caw_image_url%2Caw_thumb_url%2Ccategory_id%2Ccategory_name%2Cbrand_id%2Cbrand_name%2Cmerchant_product_id%2Cmerchant_category%2Cproduct_name%2Cdescription%2Cmerchant_deep_link%2Cmerchant_image_url%2Cdelivery_time%2Ccurrency%2Csearch_price%2Cin_stock/"
"128517","Sokken-Online","NL","Not Joined","Awin","117040","AWIN_NL","Dutch","Fashion","2026-08-22 03:02:38","2026-08-22 15:03:26","9245","https://productdata.awin.com/datafeed/download/apikey/fe83c200b3de1c6c14a8a28f5f7162cd/fid/117040/format/csv/language/nl/delimiter/%2C/compression/gzip/columns/data_feed_id%2Cmerchant_id%2Cmerchant_name%2Caw_product_id%2Caw_deep_link%2Caw_image_url%2Caw_thumb_url%2Ccategory_id%2Ccategory_name%2Cbrand_id%2Cbrand_name%2Cmerchant_product_id%2Cmerchant_category%2Cean%2Cmpn%2Cmodel_number%2Cproduct_name%2Cdescription%2Cspecifications%2Clanguage%2Cmerchant_deep_link%2Cmerchant_image_url%2Cdelivery_time%2Ccurrency%2Csearch_price%2Cstore_price%2Crrp_price%2Cdelivery_cost%2Cweb_offer%2Cpre_order%2Cin_stock%2Cis_for_sale%2Ccondition%2Cproduct_type%2Cparent_product_id%2Ccolour%2Ckeywords%2Ccustom_1%2Ccustom_2%2Ccustom_3%2Ccustom_4%2Ccustom_5%2Cdelivery_weight%2CFashion%3Asuitable_for%2CFashion%3Asize%2CFashion%3Amaterial%2Cnumber_available%2Cproduct_short_description%2Cproduct_model%2Cbase_price_text%2Cproduct_price_old%2Cstock_status%2Csize_stock_status%2Ccustom_6%2Ccustom_7%2Ccustom_8%2Cproduct_GTIN%2Calternate_image_four/"
"114686","Luxe Mattress Affiliation","GB","Not Joined","Awin","117048","Luxe Mattresses & Beds - Full Product Feed","English","","2026-08-22 02:02:17","2026-08-22 14:20:54","5710","https://productdata.awin.com/datafeed/download/apikey/fe83c200b3de1c6c14a8a28f5f7162cd/fid/117048/format/csv/language/en/delimiter/%2C/compression/gzip/adultcontent/1/columns/data_feed_id%2Cmerchant_id%2Cmerchant_name%2Caw_product_id%2Caw_deep_link%2Caw_image_url%2Caw_thumb_url%2Ccategory_id%2Ccategory_name%2Cbrand_id%2Cbrand_name%2Cmerchant_product_id%2Cmerchant_category%2Cean%2Cmpn%2Cproduct_name%2Cdescription%2Cspecifications%2Cpromotional_text%2Clanguage%2Cmerchant_deep_link%2Cmerchant_thumb_url%2Cmerchant_image_url%2Cdelivery_time%2Cvalid_from%2Ccurrency%2Csearch_price%2Cstore_price%2Crrp_price%2Cdelivery_cost%2Cweb_offer%2Cpre_order%2Cin_stock%2Cstock_quantity%2Cis_for_sale%2Cwarranty%2Ccondition%2Cproduct_type%2Cparent_product_id%2Ccommission_group%2Clast_updated%2Cdimensions%2Ccolour%2Ccustom_1%2Ccustom_2%2Calternate_image%2Clarge_image%2Cproduct_short_description%2Cmerchant_product_category_path%2Csavings_percent%2Cbase_price_text%2Cstock_status%2Calternate_image_two%2Calternate_image_three/"
"99159","balmyou.naturkosmetik DE","DE","Not Joined","Awin","117066","Produktdatenfeed DE","German","","2026-08-10 11:12:33","","32","https://productdata.awin.com/datafeed/download/apikey/fe83c200b3de1c6c14a8a28f5f7162cd/fid/117066/format/csv/language/de/delimiter/%2C/compression/gzip/columns/data_feed_id%2Cmerchant_id%2Cmerchant_name%2Caw_product_id%2Caw_deep_link%2Caw_image_url%2Caw_thumb_url%2Ccategory_id%2Ccategory_name%2Cbrand_id%2Cbrand_name%2Cmerchant_product_id%2Cmerchant_category%2Cean%2Cproduct_name%2Cdescription%2Cmerchant_deep_link%2Cmerchant_image_url%2Cdelivery_time%2Ccurrency%2Csearch_price%2Cdelivery_cost/"
"127589","braingood","DE","Not Joined","Awin","117071","Default 2026","German","","2026-08-22 04:01:13","2026-08-22 04:01:10","5","https://productdata.awin.com/datafeed/download/apikey/fe83c200b3de1c6c14a8a28f5f7162cd/fid/117071/format/csv/language/de/delimiter/%2C/compression/gzip/columns/data_feed_id%2Cmerchant_id%2Cmerchant_name%2Caw_product_id%2Caw_deep_link%2Caw_image_url%2Caw_thumb_url%2Ccategory_id%2Ccategory_name%2Cbrand_id%2Cbrand_name%2Cmerchant_product_id%2Cmerchant_category%2Cean%2Cmpn%2Cproduct_name%2Cdescription%2Cmerchant_deep_link%2Cmerchant_image_url%2Cdelivery_time%2Ccurrency%2Csearch_price%2Cdelivery_cost%2Cin_stock%2Cstock_quantity%2Ccondition%2Cproduct_type%2Ccolour%2Calternate_image%2Cproduct_price_old%2Csize_stock_amount%2Calternate_image_two%2Calternate_image_three%2Calternate_image_four/"
"125596","replanta","US","Not Joined","Awin","117133","Replanta productos ES EUR","Spanish","","2026-08-22 12:19:23","2026-08-22 12:19:20","10","https://productdata.awin.com/datafeed/download/apikey/fe83c200b3de1c6c14a8a28f5f7162cd/fid/117133/format/csv/language/es/delimiter/%2C/compression/gzip/adultcontent/1/columns/data_feed_id%2Cmerchant_id%2Cmerchant_name%2Caw_product_id%2Caw_deep_link%2Caw_image_url%2Caw_thumb_url%2Ccategory_id%2Ccategory_name%2Cbrand_id%2Cbrand_name%2Cmerchant_product_id%2Cmerchant_category%2Cproduct_name%2Cdescription%2Clanguage%2Cmerchant_deep_link%2Cmerchant_image_url%2Ccurrency%2Csearch_price%2Cin_stock%2Cis_for_sale%2Ccondition%2Cproduct_type%2Clast_updated/"
"125596","replanta","US","Not Joined","Awin","117136","SAPWoo Suite ES EUR","Spanish","","2026-08-22 12:19:40","2026-08-22 12:19:37","3","https://productdata.awin.com/datafeed/download/apikey/fe83c200b3de1c6c14a8a28f5f7162cd/fid/117136/format/csv/language/es/delimiter/%2C/compression/gzip/adultcontent/1/columns/data_feed_id%2Cmerchant_id%2Cmerchant_name%2Caw_product_id%2Caw_deep_link%2Caw_image_url%2Caw_thumb_url%2Ccategory_id%2Ccategory_name%2Cbrand_id%2Cbrand_name%2Cmerchant_product_id%2Cmerchant_category%2Cproduct_name%2Cdescription%2Clanguage%2Cmerchant_deep_link%2Cmerchant_image_url%2Ccurrency%2Csearch_price%2Cin_stock%2Cis_for_sale%2Ccondition%2Cproduct_type%2Clast_updated%2Ccustom_1%2Ccustom_2%2Ccustom_3%2Ccustom_4/"
"128639","ESR Tech (EU)","DE","Not Joined","Awin","117172","FR_EU","French","","2026-08-20 00:10:57","2026-08-22 00:03:24","3256","https://productdata.awin.com/datafeed/download/apikey/fe83c200b3de1c6c14a8a28f5f7162cd/fid/117172/format/csv/language/fr/delimiter/%2C/compression/gzip/columns/data_feed_id%2Cmerchant_id%2Cmerchant_name%2Caw_product_id%2Caw_deep_link%2Caw_image_url%2Caw_thumb_url%2Ccategory_id%2Ccategory_name%2Cbrand_id%2Cbrand_name%2Cmerchant_product_id%2Cmerchant_category%2Cean%2Cmpn%2Cproduct_name%2Cdescription%2Cmerchant_deep_link%2Cmerchant_image_url%2Cdelivery_time%2Ccurrency%2Csearch_price%2Cdelivery_cost%2Cin_stock%2Cstock_quantity%2Ccondition%2Cproduct_type%2Ccolour%2Ccustom_1%2Calternate_image%2Cproduct_price_old%2Calternate_image_two%2Calternate_image_three%2Calternate_image_four/"
"129537","SPORTPARTNERS.IT","IT","Not Joined","Awin","117183","sp[ortpartners.it product feed","Italian","","2026-08-20 11:02:00","2026-08-22 11:01:27","22","https://productdata.awin.com/datafeed/download/apikey/fe83c200b3de1c6c14a8a28f5f7162cd/fid/117183/format/csv/language/it/delimiter/%2C/compression/gzip/columns/data_feed_id%2Cmerchant_id%2Cmerchant_name%2Caw_product_id%2Caw_deep_link%2Caw_image_url%2Caw_thumb_url%2Ccategory_id%2Ccategory_name%2Cbrand_id%2Cbrand_name%2Cmerchant_product_id%2Cmerchant_category%2Cean%2Cproduct_name%2Cdescription%2Cmerchant_deep_link%2Cmerchant_image_url%2Ccurrency%2Csearch_price%2Crrp_price%2Cstock_quantity%2Calternate_image%2Cproduct_model%2Cstock_status/"
"81625","Natkina","GB","Not Joined","Awin","117218","AWIN","English","","2026-08-22 12:25:07","2026-08-22 12:24:59","10219","https://productdata.awin.com/datafeed/download/apikey/fe83c200b3de1c6c14a8a28f5f7162cd/fid/117218/format/csv/language/en/delimiter/%2C/compression/gzip/adultcontent/1/columns/data_feed_id%2Cmerchant_id%2Cmerchant_name%2Caw_product_id%2Caw_deep_link%2Caw_image_url%2Caw_thumb_url%2Ccategory_id%2Ccategory_name%2Cbrand_id%2Cbrand_name%2Cmerchant_product_id%2Cmerchant_category%2Cean%2Cmpn%2Cproduct_name%2Cdescription%2Cmerchant_deep_link%2Cmerchant_image_url%2Cdelivery_time%2Ccurrency%2Csearch_price%2Cdelivery_cost%2Cin_stock%2Cstock_quantity%2Ccondition%2Cproduct_type%2Ccolour%2Calternate_image%2Cproduct_price_old%2Csize_stock_amount%2Calternate_image_two%2Calternate_image_three%2Calternate_image_four/"
"1463","Sport and Leisure UK","GB","Not Joined","Awin","117262","SLUK Woo","English","","2026-08-22 12:41:07","2026-08-22 13:13:57","311","https://productdata.awin.com/datafeed/download/apikey/fe83c200b3de1c6c14a8a28f5f7162cd/fid/117262/format/csv/language/en/delimiter/%2C/compression/gzip/adultcontent/1/columns/data_feed_id%2Cmerchant_id%2Cmerchant_name%2Caw_product_id%2Caw_deep_link%2Caw_image_url%2Caw_thumb_url%2Ccategory_id%2Ccategory_name%2Cbrand_id%2Cbrand_name%2Cmerchant_product_id%2Cmerchant_category%2Cproduct_name%2Cdescription%2Clanguage%2Cmerchant_deep_link%2Cmerchant_image_url%2Ccurrency%2Csearch_price%2Cstore_price%2Crrp_price%2Cdelivery_cost%2Cstock_quantity/"
"115655","Eco Ride Zone","GB","Not Joined","Awin","117328","Eco Ride Zone Awin UK","English","","2026-08-22 04:01:10","2026-08-22 04:01:04","149","https://productdata.awin.com/datafeed/download/apikey/fe83c200b3de1c6c14a8a28f5f7162cd/fid/117328/format/csv/language/en/delimiter/%2C/compression/gzip/adultcontent/1/columns/data_feed_id%2Cmerchant_id%2Cmerchant_name%2Caw_product_id%2Caw_deep_link%2Caw_image_url%2Caw_thumb_url%2Ccategory_id%2Ccategory_name%2Cbrand_id%2Cbrand_name%2Cmerchant_product_id%2Cmerchant_category%2Cean%2Cmpn%2Cproduct_name%2Cdescription%2Cmerchant_deep_link%2Cmerchant_image_url%2Cdelivery_time%2Ccurrency%2Csearch_price%2Cdelivery_cost%2Cin_stock%2Cstock_quantity%2Ccondition%2Cproduct_type%2Ccolour%2Calternate_image%2Cproduct_price_old%2Calternate_image_two%2Calternate_image_three%2Calternate_image_four/"
"128713","Shopping Ads: Google & Bing (UK)","GB","Not Joined","Awin","117329","awinxbennimarceau","English","Fashion","2026-08-22 00:04:22","2026-08-22 03:05:07","14530","https://productdata.awin.com/datafeed/download/apikey/fe83c200b3de1c6c14a8a28f5f7162cd/fid/117329/format/csv/language/en/delimiter/%2C/compression/gzip/adultcontent/1/columns/data_feed_id%2Cmerchant_id%2Cmerchant_name%2Caw_product_id%2Caw_deep_link%2Caw_image_url%2Caw_thumb_url%2Ccategory_id%2Ccategory_name%2Cbrand_id%2Cbrand_name%2Cmerchant_product_id%2Cmerchant_category%2Cean%2Cmpn%2Cproduct_name%2Cdescription%2Cmerchant_deep_link%2Cmerchant_image_url%2Cdelivery_time%2Ccurrency%2Csearch_price%2Cdelivery_cost%2Cin_stock%2Cstock_quantity%2Ccondition%2Cproduct_type%2Ccolour%2CFashion%3Asize%2Calternate_image%2Cproduct_price_old%2Calternate_image_two%2Calternate_image_three%2Calternate_image_four/"
"129759","Aquatics Shop (UK)","GB","Not Joined","Awin","117341","Default","English","","2026-08-19 18:29:39","2026-08-22 14:01:30","1095","https://productdata.awin.com/datafeed/download/apikey/fe83c200b3de1c6c14a8a28f5f7162cd/fid/117341/format/csv/language/en/delimiter/%2C/compression/gzip/adultcontent/1/columns/data_feed_id%2Cmerchant_id%2Cmerchant_name%2Caw_product_id%2Caw_deep_link%2Caw_image_url%2Caw_thumb_url%2Ccategory_id%2Ccategory_name%2Cbrand_id%2Cbrand_name%2Cmerchant_product_id%2Cproduct_name%2Cdescription%2Cmerchant_deep_link%2Cmerchant_image_url%2Csearch_price%2Cin_stock/"
"129741","Sonjas Apotek","SE","Not Joined","Awin","117352","Awin (CSV) SE","Swedish","","2026-08-22 12:11:18","2026-08-22 12:11:15","40","https://productdata.awin.com/datafeed/download/apikey/fe83c200b3de1c6c14a8a28f5f7162cd/fid/117352/format/csv/language/sv/delimiter/%2C/compression/gzip/columns/data_feed_id%2Cmerchant_id%2Cmerchant_name%2Caw_product_id%2Caw_deep_link%2Caw_image_url%2Caw_thumb_url%2Ccategory_id%2Ccategory_name%2Cbrand_id%2Cbrand_name%2Cmerchant_product_id%2Cmerchant_category%2Cean%2Cmpn%2Cisbn%2Cmodel_number%2Cproduct_name%2Cdescription%2Cspecifications%2Clanguage%2Cmerchant_deep_link%2Cmerchant_thumb_url%2Cmerchant_image_url%2Cdelivery_time%2Cvalid_from%2Cvalid_to%2Ccurrency%2Csearch_price%2Cstore_price%2Cdelivery_cost%2Cweb_offer%2Cpre_order%2Cin_stock%2Cstock_quantity%2Cwarranty%2Ccondition%2Cparent_product_id%2Ccommission_group%2Clast_updated%2Cdimensions%2Ccolour%2Ckeywords%2Ccustom_1%2Ccustom_2%2Csaving%2Crating%2Calternate_image%2Clarge_image%2Cbasket_link%2Cproduct_short_description%2Cmerchant_product_category_path%2Cmerchant_product_second_category%2Cmerchant_product_third_category%2Csavings_percent%2Cproduct_price_old%2Calternate_image_two%2Calternate_image_three%2Calternate_image_four/"
"128639","ESR Tech (EU)","DE","Not Joined","Awin","117421","EN-EUR","English","","2026-08-22 00:22:17","2026-08-22 00:22:12","3225","https://productdata.awin.com/datafeed/download/apikey/fe83c200b3de1c6c14a8a28f5f7162cd/fid/117421/format/csv/language/en/delimiter/%2C/compression/gzip/columns/data_feed_id%2Cmerchant_id%2Cmerchant_name%2Caw_product_id%2Caw_deep_link%2Caw_image_url%2Caw_thumb_url%2Ccategory_id%2Ccategory_name%2Cbrand_id%2Cbrand_name%2Cmerchant_product_id%2Cmerchant_category%2Cean%2Cmpn%2Cproduct_name%2Cdescription%2Cmerchant_deep_link%2Cmerchant_image_url%2Cdelivery_time%2Ccurrency%2Csearch_price%2Cdelivery_cost%2Cin_stock%2Ccondition%2Cproduct_type%2Ccolour%2Ccustom_1%2Calternate_image%2Calternate_image_two%2Calternate_image_three%2Calternate_image_four/"
"81625","Natkina","GB","Not Joined","Awin","117422","Awin_UK","English","","2026-08-22 12:24:47","2026-08-22 12:24:39","10219","https://productdata.awin.com/datafeed/download/apikey/fe83c200b3de1c6c14a8a28f5f7162cd/fid/117422/format/csv/language/en/delimiter/%2C/compression/gzip/adultcontent/1/columns/data_feed_id%2Cmerchant_id%2Cmerchant_name%2Caw_product_id%2Caw_deep_link%2Caw_image_url%2Caw_thumb_url%2Ccategory_id%2Ccategory_name%2Cbrand_id%2Cbrand_name%2Cmerchant_product_id%2Cmerchant_category%2Cean%2Cmpn%2Cproduct_name%2Cdescription%2Cmerchant_deep_link%2Cmerchant_image_url%2Cdelivery_time%2Ccurrency%2Csearch_price%2Cdelivery_cost%2Cin_stock%2Cstock_quantity%2Ccondition%2Cproduct_type%2Ccolour%2Calternate_image%2Cproduct_price_old%2Csize_stock_amount%2Calternate_image_two%2Calternate_image_three%2Calternate_image_four/"
"81625","Natkina","GB","Not Joined","Awin","117423","Awin_US","English","","2026-08-22 12:24:35","2026-08-22 12:24:24","10219","https://productdata.awin.com/datafeed/download/apikey/fe83c200b3de1c6c14a8a28f5f7162cd/fid/117423/format/csv/language/en/delimiter/%2C/compression/gzip/adultcontent/1/columns/data_feed_id%2Cmerchant_id%2Cmerchant_name%2Caw_product_id%2Caw_deep_link%2Caw_image_url%2Caw_thumb_url%2Ccategory_id%2Ccategory_name%2Cbrand_id%2Cbrand_name%2Cmerchant_product_id%2Cmerchant_category%2Cean%2Cmpn%2Cproduct_name%2Cdescription%2Cmerchant_deep_link%2Cmerchant_image_url%2Cdelivery_time%2Ccurrency%2Csearch_price%2Cdelivery_cost%2Cin_stock%2Cstock_quantity%2Ccondition%2Cproduct_type%2Ccolour%2Calternate_image%2Cproduct_price_old%2Csize_stock_amount%2Calternate_image_two%2Calternate_image_three%2Calternate_image_four/"
"115393","ANITA & ZAHA","FR","Not Joined","Awin","117451","Par défaut","French","","2026-08-22 00:21:57","2026-08-22 00:21:53","117","https://productdata.awin.com/datafeed/download/apikey/fe83c200b3de1c6c14a8a28f5f7162cd/fid/117451/format/csv/language/fr/delimiter/%2C/compression/gzip/columns/data_feed_id%2Cmerchant_id%2Cmerchant_name%2Caw_product_id%2Caw_deep_link%2Caw_image_url%2Caw_thumb_url%2Ccategory_id%2Ccategory_name%2Cbrand_id%2Cbrand_name%2Cmerchant_product_id%2Cmerchant_category%2Cupc%2Cean%2Cproduct_name%2Cdescription%2Cspecifications%2Cmerchant_deep_link%2Cmerchant_image_url%2Cdelivery_time%2Ccurrency%2Csearch_price%2Cdelivery_cost%2Ccondition%2Cproduct_type%2Ccommission_group%2Cdimensions%2Ckeywords%2Calternate_image%2Clarge_image%2Cbasket_link%2Cproduct_short_description%2Cproduct_model%2Cmerchant_product_second_category%2Cproduct_GTIN/"

